timestep,r_perf,r_cost,r_energy,latency,replicas,avg_cpu_percent,ram_usage,num_requests,total_cpu_m,total_ram_mi,success_ratio,pod_power,hpa_target
1,-0.004999969,-0.5,-0.35676906,0.0201,10.0,488.875,0.0,37.0,3911.0,376.0,1.0,35.676907,10.0
2,1.0,-1.95,-0.37209484,0.0028,39.0,31.930555,0.0,4.0,2299.0,3183.0,1.0,37.209484,30.0
3,1.0,-2.5,-0.65471435,0.0139,50.0,68.24359,0.0,39.0,5323.0,3447.0,1.0,65.471436,30.0
4,1.0,-2.5,-0.67184013,0.0178,50.0,60.822224,0.0,128.0,5474.0,4133.0,1.0,67.18401,70.0
5,1.0,-2.5,-0.6608508,0.0177,50.0,59.844444,0.0,61.0,5386.0,4295.0,1.0,66.08508,10.0
6,1.0,-2.5,-0.6278404,0.0062,50.0,54.58889,0.0,16.0,4913.0,4326.0,1.0,62.784042,50.0
7,1.0,-2.5,-0.47682044,0.0047,50.0,32.61111,0.0,12.0,2935.0,4326.0,1.0,47.682045,70.0
8,1.0,-2.5,-0.6316851,0.0078,50.0,54.677776,0.0,21.0,4921.0,4326.0,1.0,63.168507,50.0
9,1.0,-2.5,-0.6460306,0.0082,50.0,57.077778,0.0,22.0,5137.0,4326.0,1.0,64.60306,50.0
10,1.0,-2.5,-0.663162,0.0176,50.0,59.91111,0.0,118.0,5392.0,4326.0,1.0,66.3162,90.0
11,1.0,-2.5,-0.67414045,0.018,50.0,60.177776,0.0,59.0,5416.0,4326.0,1.0,67.41405,90.0
12,1.0,-2.5,-0.67497706,0.0177,50.0,60.97778,0.0,56.0,5488.0,4326.0,1.0,67.4977,10.0
13,1.0,-2.5,-0.66738594,0.0179,50.0,60.27778,0.0,104.0,5425.0,4326.0,1.0,66.738594,10.0
14,1.0,-2.5,-0.6081687,0.0062,50.0,51.788887,0.0,16.0,4661.0,4327.0,1.0,60.81687,50.0
15,1.0,-2.5,-0.53516716,0.0044,50.0,41.233334,0.0,11.0,3711.0,4326.0,1.0,53.516716,10.0
16,1.0,-2.5,-0.66906303,0.0175,50.0,60.177776,0.0,75.0,5416.0,4326.0,1.0,66.9063,70.0
17,1.0,-2.5,-0.66407293,0.0175,50.0,59.533333,0.0,118.0,5358.0,4326.0,1.0,66.407295,50.0
18,1.0,-2.5,-0.6624773,0.0175,50.0,59.08889,0.0,116.0,5318.0,4326.0,1.0,66.247734,70.0
19,1.0,-2.5,-0.62592036,0.0075,50.0,54.377777,0.0,20.0,4894.0,4326.0,1.0,62.592037,90.0
20,1.0,-2.5,-0.6410612,0.0178,50.0,56.822224,0.0,110.0,5114.0,4326.0,1.0,64.10612,10.0
21,1.0,-2.5,-0.66732234,0.0175,50.0,60.366665,0.0,123.0,5433.0,4326.0,1.0,66.73223,50.0
22,1.0,-2.5,-0.6502791,0.0096,50.0,57.877777,0.0,26.0,5209.0,4326.0,1.0,65.02791,70.0
23,1.0,-2.5,-0.6659807,0.0177,50.0,60.344444,0.0,115.0,5431.0,4326.0,1.0,66.59807,50.0
24,1.0,-2.5,-0.49877498,0.0058,50.0,35.666668,0.0,15.0,3210.0,4327.0,1.0,49.8775,50.0
25,1.0,-2.5,-0.6703151,0.0179,50.0,60.577778,0.0,60.0,5452.0,4327.0,1.0,67.03151,70.0
26,1.0,-2.5,-0.44310832,0.0049,50.0,27.922222,0.0,13.0,2513.0,4326.0,1.0,44.310833,90.0
27,1.0,-2.5,-0.38180724,0.0029,50.0,18.866667,0.0,5.0,1698.0,4326.0,1.0,38.180725,90.0
28,1.0,-2.5,-0.38912115,0.0029,50.0,21.022223,0.0,5.0,1892.0,4326.0,1.0,38.912113,90.0
29,1.0,-2.5,-0.39759186,0.0027,50.0,21.288889,0.0,4.0,1916.0,4326.0,1.0,39.759186,90.0
30,1.0,-2.5,-0.38437366,0.0025,50.0,19.588888,0.0,3.0,1763.0,4326.0,1.0,38.437366,70.0
31,1.0,-1.7,-0.431795,0.0073,34.0,58.24138,0.0,19.0,3378.0,2789.0,1.0,43.1795,30.0
32,1.0,-2.2,-0.31420052,0.0024,44.0,14.784091,0.0,2.0,1301.0,4085.0,1.0,31.420053,10.0
33,1.0,-2.2,-0.32705575,0.0029,44.0,15.863636,0.0,5.0,1396.0,4087.0,1.0,32.705574,70.0
34,1.0,-2.2,-0.30412352,0.0025,44.0,12.625,0.0,3.0,1111.0,4089.0,1.0,30.412354,70.0
35,1.0,-2.2,-0.303538,0.0027,44.0,12.409091,0.0,4.0,1092.0,4088.0,1.0,30.3538,90.0
36,1.0,-2.2,-0.398272,0.004,44.0,26.181818,0.0,10.0,2304.0,4089.0,1.0,39.8272,90.0
37,1.0,-1.35,-0.25695667,0.0034,27.0,29.12963,0.0,7.0,1573.0,2595.0,1.0,25.695665,50.0
38,1.0,-1.35,-0.22403826,0.0023,27.0,21.518518,0.0,2.0,1162.0,2596.0,1.0,22.403826,10.0
39,1.0,-2.15,-0.648956,0.0076,43.0,64.74419,0.0,20.0,5568.0,3980.0,1.0,64.8956,30.0
40,1.0,-2.4,-0.63490677,0.0179,48.0,56.322224,0.0,64.0,5069.0,4154.0,1.0,63.490677,90.0
41,1.0,-2.4,-0.5907995,0.0068,48.0,51.055557,0.0,18.0,4595.0,4292.0,1.0,59.079952,70.0
42,1.0,-2.4,-0.62876517,0.0176,48.0,56.144444,0.0,99.0,5053.0,4329.0,1.0,62.87652,30.0
43,1.0,-2.4,-0.6320627,0.0175,48.0,56.27778,0.0,127.0,5065.0,4329.0,1.0,63.206264,10.0
44,1.0,-2.4,-0.6255574,0.0177,48.0,55.41111,0.0,139.0,4987.0,4328.0,1.0,62.555744,50.0
45,1.0,-2.4,-0.6262347,0.0178,48.0,55.711113,0.0,130.0,5014.0,4328.0,1.0,62.62347,70.0
46,1.0,-2.4,-0.6211046,0.0175,48.0,55.488888,0.0,133.0,4994.0,4330.0,1.0,62.110462,30.0
47,1.0,-2.4,-0.6201237,0.0175,48.0,55.255554,0.0,123.0,4973.0,4328.0,1.0,62.012367,10.0
48,1.0,-2.4,-0.62245774,0.0176,48.0,55.211113,0.0,127.0,4969.0,4329.0,1.0,62.245773,70.0
49,1.0,-2.4,-0.6213224,0.0176,48.0,55.58889,0.0,132.0,5003.0,4330.0,1.0,62.13224,90.0
50,1.0,-2.4,-0.6349845,0.0179,48.0,56.788887,0.0,130.0,5111.0,4329.0,1.0,63.498447,90.0
51,1.0,-2.4,-0.630236,0.0177,48.0,56.31111,0.0,146.0,5068.0,4329.0,1.0,63.0236,90.0
52,1.0,-2.4,-0.63027376,0.0176,48.0,56.5,0.0,141.0,5085.0,4330.0,1.0,63.027374,30.0
53,1.0,-2.4,-0.6307286,0.0175,48.0,56.58889,0.0,131.0,5093.0,4331.0,1.0,63.07286,90.0
54,1.0,-2.4,-0.6313958,0.0175,48.0,56.455555,0.0,131.0,5081.0,4329.0,1.0,63.13958,30.0
55,1.0,-2.4,-0.621888,0.0178,48.0,55.466667,0.0,132.0,4992.0,4330.0,1.0,62.1888,70.0
56,1.0,-2.4,-0.6260971,0.0177,48.0,55.511112,0.0,147.0,4996.0,4330.0,1.0,62.60971,90.0
57,1.0,-2.4,-0.6235236,0.0176,48.0,54.61111,0.0,166.0,4915.0,4329.0,1.0,62.35236,70.0
58,1.0,-2.4,-0.6236246,0.0176,48.0,54.97778,0.0,141.0,4948.0,4330.0,1.0,62.36246,50.0
59,1.0,-2.4,-0.62091994,0.0177,48.0,54.922222,0.0,159.0,4943.0,4330.0,1.0,62.091995,70.0
60,1.0,-2.4,-0.6274281,0.0178,48.0,55.27778,0.0,160.0,4975.0,4330.0,1.0,62.742813,10.0
61,1.0,-2.4,-0.62103164,0.0176,48.0,55.455555,0.0,164.0,4991.0,4330.0,1.0,62.103165,30.0
62,1.0,-2.4,-0.62192297,0.0176,48.0,55.02222,0.0,138.0,4952.0,4330.0,1.0,62.1923,50.0
63,1.0,-2.4,-0.62315476,0.0176,48.0,55.244446,0.0,150.0,4972.0,4331.0,1.0,62.315475,10.0
64,1.0,-2.4,-0.63603413,0.0177,48.0,56.733334,0.0,138.0,5106.0,4330.0,1.0,63.603413,10.0
65,1.0,-2.4,-0.62698877,0.0177,48.0,55.933334,0.0,145.0,5034.0,4330.0,1.0,62.698875,90.0
66,1.0,-2.4,-0.63161564,0.0176,48.0,56.077778,0.0,131.0,5047.0,4331.0,1.0,63.161564,30.0
67,1.0,-2.4,-0.62865233,0.0176,48.0,55.833332,0.0,128.0,5025.0,4330.0,1.0,62.865234,90.0
68,1.0,-2.4,-0.624705,0.0176,48.0,55.333332,0.0,149.0,4980.0,4330.0,1.0,62.4705,10.0
69,1.0,-2.4,-0.6282375,0.0175,48.0,56.0,0.0,128.0,5040.0,4331.0,1.0,62.82375,30.0
70,1.0,-2.4,-0.6240123,0.0177,48.0,55.033333,0.0,130.0,4953.0,4330.0,1.0,62.40123,90.0
71,1.0,-2.4,-0.61765325,0.0175,48.0,55.144444,0.0,126.0,4963.0,4330.0,1.0,61.765327,70.0
72,1.0,-2.4,-0.623648,0.0175,48.0,56.08889,0.0,123.0,5048.0,4330.0,1.0,62.3648,70.0
73,1.0,-2.4,-0.6098861,0.0175,48.0,54.27778,0.0,123.0,4885.0,4330.0,1.0,60.98861,30.0
74,1.0,-2.4,-0.6175922,0.0179,48.0,54.244446,0.0,125.0,4882.0,4332.0,1.0,61.75922,10.0
75,1.0,-2.4,-0.6182227,0.0177,48.0,54.8,0.0,133.0,4932.0,4330.0,1.0,61.822273,10.0
76,1.0,-2.4,-0.62300587,0.0176,48.0,55.066666,0.0,135.0,4956.0,4330.0,1.0,62.300587,30.0
77,1.0,-2.4,-0.6224649,0.0176,48.0,54.988888,0.0,136.0,4949.0,4331.0,1.0,62.24649,70.0
78,1.0,-2.4,-0.63507223,0.0176,48.0,56.255554,0.0,131.0,5063.0,4331.0,1.0,63.50722,50.0
79,1.0,-2.4,-0.62945074,0.0177,48.0,55.633335,0.0,140.0,5007.0,4331.0,1.0,62.945072,90.0
80,1.0,-2.4,-0.62555474,0.0175,48.0,55.455555,0.0,123.0,4991.0,4333.0,1.0,62.555473,10.0
81,1.0,-2.4,-0.6275062,0.0175,48.0,55.355556,0.0,83.0,4982.0,4332.0,1.0,62.750618,30.0
82,1.0,-2.4,-0.6173745,0.0176,48.0,54.81111,0.0,59.0,4933.0,4332.0,1.0,61.73745,70.0
83,1.0,-2.4,-0.6297405,0.0175,48.0,55.944443,0.0,135.0,5035.0,4332.0,1.0,62.97405,30.0
84,1.0,-2.4,-0.6184491,0.0178,48.0,54.455555,0.0,128.0,4901.0,4331.0,1.0,61.84491,30.0
85,1.0,-2.4,-0.6212258,0.0176,48.0,54.72222,0.0,128.0,4925.0,4331.0,1.0,62.122578,70.0
86,1.0,-2.4,-0.620835,0.0177,48.0,55.11111,0.0,140.0,4960.0,4331.0,1.0,62.0835,90.0
87,1.0,-2.4,-0.6193724,0.0177,48.0,54.52222,0.0,125.0,4907.0,4331.0,1.0,61.937244,10.0
88,1.0,-2.4,-0.6126292,0.0178,48.0,54.455555,0.0,133.0,4901.0,4331.0,1.0,61.262917,90.0
89,1.0,-2.4,-0.6199155,0.0178,48.0,54.933334,0.0,128.0,4944.0,4332.0,1.0,61.99155,10.0
90,1.0,-2.65,-0.64305425,0.0176,53.0,55.02222,0.0,138.0,4952.0,4332.0,1.0,64.30543,10.0
91,1.0,-2.65,-0.64499193,0.0176,53.0,54.633335,0.0,155.0,4917.0,4333.0,1.0,64.49919,70.0
92,1.0,-2.65,-0.65281,0.0176,53.0,55.6,0.0,207.0,5004.0,4332.0,1.0,65.281,90.0
93,1.0,-2.65,-0.6535125,0.0176,53.0,55.18889,0.0,255.0,4967.0,4332.0,1.0,65.35125,10.0
94,1.0,-2.65,-0.64777285,0.0178,53.0,55.1,0.0,262.0,4959.0,4333.0,1.0,64.77728,90.0
95,1.0,-2.65,-0.6503305,0.0175,53.0,55.2,0.0,207.0,4968.0,4332.0,1.0,65.03305,90.0
96,1.0,-2.65,-0.64530337,0.0176,53.0,54.788887,0.0,142.0,4931.0,4332.0,1.0,64.530334,10.0
97,1.0,-2.65,-0.6455974,0.0177,53.0,54.5,0.0,65.0,4905.0,4332.0,1.0,64.55974,10.0
98,1.0,-2.65,-0.61718535,0.0076,53.0,50.944443,0.0,20.0,4585.0,4332.0,1.0,61.718533,30.0
99,1.0,-2.65,-0.6217302,0.008,53.0,51.288887,0.0,21.0,4616.0,4333.0,1.0,62.173023,90.0
100,1.0,-2.65,-0.648625,0.0175,53.0,55.11111,0.0,65.0,4960.0,4332.0,1.0,64.8625,50.0
101,1.0,-2.65,-0.646465,0.0176,53.0,56.0,0.0,54.0,5040.0,4333.0,1.0,64.6465,30.0
102,1.0,-2.65,-0.6470967,0.0176,53.0,55.633335,0.0,103.0,5007.0,4333.0,1.0,64.70967,50.0
103,1.0,-2.65,-0.6550539,0.0175,53.0,56.72222,0.0,114.0,5105.0,4332.0,1.0,65.505394,10.0
104,1.0,-2.65,-0.66462797,0.0178,53.0,57.877777,0.0,118.0,5209.0,4332.0,1.0,66.4628,70.0
105,1.0,-2.65,-0.6407684,0.0176,53.0,54.422222,0.0,109.0,4898.0,4332.0,1.0,64.07684,30.0
106,1.0,-2.65,-0.46306497,0.0061,53.0,29.233334,0.0,16.0,2631.0,4332.0,1.0,46.306496,70.0
107,1.0,-2.65,-0.64798,0.0174,53.0,55.466667,0.0,121.0,4992.0,4332.0,1.0,64.798,10.0
108,1.0,-2.65,-0.64391714,0.0177,53.0,54.72222,0.0,84.0,4925.0,4334.0,1.0,64.391716,10.0
109,1.0,-2.65,-0.6416014,0.0178,53.0,54.255554,0.0,82.0,4883.0,4333.0,1.0,64.16014,50.0
110,1.0,-2.65,-0.33466566,0.0036,53.0,10.0,0.0,8.0,900.0,4333.0,1.0,33.466564,30.0
111,1.0,-2.65,-0.62092966,0.0082,53.0,52.122223,0.0,22.0,4691.0,4333.0,1.0,62.092964,90.0
112,1.0,-2.65,-0.484555,0.005,53.0,31.88889,0.0,13.0,2870.0,4333.0,1.0,48.4555,70.0
113,1.0,-2.65,-0.6241675,0.0076,53.0,52.166668,0.0,20.0,4695.0,4333.0,1.0,62.41675,10.0
114,1.0,-2.65,-0.6610928,0.0176,53.0,56.833332,0.0,70.0,5115.0,4333.0,1.0,66.10928,50.0
115,1.0,-2.65,-0.64306563,0.0108,53.0,54.866665,0.0,30.0,4938.0,4333.0,1.0,64.306564,50.0
116,1.0,-2.65,-0.6544087,0.0138,53.0,56.744446,0.0,39.0,5107.0,4333.0,1.0,65.44087,90.0
117,1.0,-2.65,-0.6650922,0.0176,53.0,57.5,0.0,74.0,5175.0,4333.0,1.0,66.50922,50.0
118,1.0,-2.65,-0.67119986,0.0175,53.0,58.377777,0.0,59.0,5254.0,4334.0,1.0,67.11999,10.0
119,1.0,-2.65,-0.6449858,0.0178,53.0,54.52222,0.0,136.0,4907.0,4334.0,1.0,64.49858,10.0
120,1.0,-2.65,-0.639238,0.0177,53.0,54.355556,0.0,109.0,4892.0,4334.0,1.0,63.9238,10.0
121,1.0,-2.65,-0.64774185,0.0177,53.0,55.5,0.0,56.0,4995.0,4334.0,1.0,64.774185,70.0
122,1.0,-2.65,-0.64905983,0.0177,53.0,55.577778,0.0,74.0,5002.0,4335.0,1.0,64.90598,70.0
123,1.0,-2.65,-0.6637713,0.0175,53.0,57.333332,0.0,57.0,5160.0,4335.0,1.0,66.37713,30.0
124,1.0,-2.65,-0.65401405,0.0178,53.0,56.455555,0.0,99.0,5081.0,4334.0,1.0,65.401405,70.0
125,1.0,-2.65,-0.6704925,0.0176,53.0,58.488888,0.0,59.0,5264.0,4334.0,1.0,67.04925,70.0
126,1.0,-2.65,-0.66642714,0.0176,53.0,57.855556,0.0,59.0,5207.0,4335.0,1.0,66.642715,30.0
127,1.0,-2.65,-0.665626,0.0142,53.0,57.6,0.0,40.0,5184.0,4335.0,1.0,66.5626,10.0
128,1.0,-2.65,-0.6738601,0.0175,53.0,58.288887,0.0,52.0,5246.0,4335.0,1.0,67.38601,90.0
129,1.0,-2.65,-0.6725379,0.0176,53.0,58.855556,0.0,77.0,5297.0,4335.0,1.0,67.25379,30.0
130,1.0,-2.65,-0.67717797,0.0176,53.0,59.02222,0.0,82.0,5312.0,4335.0,1.0,67.7178,10.0
131,1.0,-2.65,-0.6707237,0.0176,53.0,58.68889,0.0,61.0,5282.0,4335.0,1.0,67.072365,30.0
132,1.0,-2.65,-0.6727761,0.0173,53.0,58.533333,0.0,49.0,5268.0,4335.0,1.0,67.27761,50.0
133,1.0,-2.65,-0.64594495,0.0179,53.0,55.511112,0.0,103.0,4996.0,4335.0,1.0,64.5945,90.0
134,1.0,-2.65,-0.6531202,0.0175,53.0,56.211113,0.0,75.0,5059.0,4335.0,1.0,65.31202,70.0
135,1.0,-2.65,-0.65729487,0.0176,53.0,56.31111,0.0,100.0,5068.0,4335.0,1.0,65.729485,10.0
136,1.0,-2.65,-0.66091186,0.0176,53.0,56.922222,0.0,115.0,5123.0,4335.0,1.0,66.09119,10.0
137,1.0,-2.65,-0.659744,0.0176,53.0,57.711113,0.0,70.0,5194.0,4335.0,1.0,65.9744,90.0
138,1.0,-2.65,-0.6684166,0.0178,53.0,57.97778,0.0,56.0,5218.0,4335.0,1.0,66.84166,30.0
139,1.0,-2.65,-0.6661514,0.0177,53.0,57.72222,0.0,54.0,5195.0,4335.0,1.0,66.61514,90.0
140,1.0,-2.65,-0.6703837,0.0177,53.0,58.544445,0.0,144.0,5269.0,4335.0,1.0,67.03837,90.0
141,1.0,-2.65,-0.66989636,0.0177,53.0,58.355556,0.0,66.0,5252.0,4336.0,1.0,66.98964,50.0
142,1.0,-2.65,-0.6655004,0.0177,53.0,57.933334,0.0,139.0,5214.0,4335.0,1.0,66.55004,70.0
143,1.0,-2.65,-0.6716688,0.0178,53.0,58.233334,0.0,135.0,5241.0,4335.0,1.0,67.166885,10.0
144,1.0,-2.65,-0.66944766,0.0177,53.0,58.055557,0.0,120.0,5225.0,4336.0,1.0,66.94476,50.0
145,1.0,-2.65,-0.4272435,0.0038,53.0,23.288889,0.0,9.0,2096.0,4336.0,1.0,42.72435,70.0
146,1.0,-2.65,-0.66403216,0.0175,53.0,57.744446,0.0,133.0,5197.0,4337.0,1.0,66.40321,30.0
147,1.0,-2.65,-0.66486025,0.0174,53.0,57.466667,0.0,134.0,5172.0,4336.0,1.0,66.48602,50.0
148,1.0,-2.65,-0.35825312,0.0027,53.0,13.533334,0.0,4.0,1218.0,4336.0,1.0,35.825314,70.0
149,1.0,-2.65,-0.672002,0.0174,53.0,58.422222,0.0,124.0,5258.0,4337.0,1.0,67.2002,10.0
150,1.0,-2.65,-0.6695072,0.0175,53.0,58.8,0.0,63.0,5292.0,4336.0,1.0,66.95072,90.0
151,1.0,-2.65,-0.6741892,0.0176,53.0,58.5,0.0,142.0,5265.0,4336.0,1.0,67.41892,30.0
152,1.0,-2.65,-0.66212237,0.0169,53.0,58.011112,0.0,48.0,5221.0,4336.0,1.0,66.212234,50.0
153,1.0,-2.65,-0.6731034,0.0177,53.0,58.11111,0.0,108.0,5230.0,4336.0,1.0,67.31034,50.0
154,1.0,-2.65,-0.6673195,0.0174,53.0,58.577778,0.0,56.0,5272.0,4336.0,1.0,66.73195,90.0
155,1.0,-2.65,-0.6743139,0.0175,53.0,58.944443,0.0,83.0,5305.0,4336.0,1.0,67.43139,30.0
156,1.0,-2.65,-0.40690827,0.0037,53.0,20.411112,0.0,9.0,1837.0,4336.0,1.0,40.690826,10.0
157,1.0,-2.65,-0.38918525,0.0033,53.0,18.044445,0.0,7.0,1624.0,4336.0,1.0,38.918526,50.0
158,1.0,-2.65,-0.38634175,0.0024,53.0,17.566668,0.0,2.0,1581.0,4336.0,1.0,38.634174,10.0
159,1.0,-2.65,-0.41287163,0.0027,53.0,19.588888,0.0,4.0,1763.0,4336.0,1.0,41.287163,10.0
160,1.0,-2.65,-0.37810862,0.0025,53.0,16.48889,0.0,3.0,1484.0,4336.0,1.0,37.810863,70.0
161,1.0,-1.4,-0.37600625,0.0045,28.0,54.82143,0.0,11.0,3070.0,2696.0,1.0,37.600624,10.0
162,1.0,-1.4,-0.2587581,0.0024,28.0,29.339285,0.0,3.0,1643.0,2696.0,1.0,25.875809,90.0
163,1.0,-1.4,-0.27600938,0.0025,28.0,31.696428,0.0,4.0,1775.0,2696.0,1.0,27.600937,90.0
164,1.0,-1.4,-0.2665672,0.0025,28.0,29.910715,0.0,4.0,1675.0,2696.0,1.0,26.65672,10.0
165,1.0,-1.4,-0.28728375,0.003,28.0,34.142857,0.0,6.0,1912.0,2696.0,1.0,28.728374,30.0
166,1.0,-1.4,-0.296861,0.0037,28.0,37.285713,0.0,9.0,2088.0,2696.0,1.0,29.6861,50.0
167,1.0,-1.4,-0.24908811,0.0031,28.0,24.785715,0.0,6.0,1388.0,2696.0,1.0,24.908812,90.0
168,1.0,-1.4,-0.22755174,0.0025,28.0,20.428572,0.0,3.0,1144.0,2696.0,1.0,22.755175,70.0
169,1.0,-1.4,-0.23872116,0.0028,28.0,23.053572,0.0,5.0,1291.0,2696.0,1.0,23.872116,50.0
170,1.0,-1.4,-0.24906124,0.0023,28.0,24.535715,0.0,2.0,1374.0,2696.0,1.0,24.906124,30.0
171,1.0,-2.35,-0.6267895,0.0128,47.0,66.833336,0.0,35.0,5213.0,3642.0,1.0,62.67895,90.0
172,1.0,-2.35,-0.31609198,0.0027,47.0,11.855556,0.0,4.0,1067.0,4161.0,1.0,31.6092,50.0
173,1.0,-2.35,-0.3120817,0.0026,47.0,11.311111,0.0,4.0,1018.0,4163.0,1.0,31.208168,50.0
174,1.0,-2.35,-0.33044204,0.0026,47.0,13.755555,0.0,4.0,1238.0,4163.0,1.0,33.044205,10.0
175,1.0,-2.35,-0.38790944,0.0029,47.0,22.2,0.0,5.0,1998.0,4163.0,1.0,38.790943,10.0
176,1.0,-2.35,-0.46739826,0.0038,47.0,35.988888,0.0,9.0,3239.0,4215.0,1.0,46.739826,10.0
177,1.0,-1.6,-0.33775502,0.0036,32.0,37.390625,0.0,8.0,2393.0,3080.0,1.0,33.7755,30.0
178,1.0,-1.6,-0.3849475,0.0033,32.0,41.71875,0.0,7.0,2670.0,3080.0,1.0,38.49475,10.0
179,1.0,-1.6,-0.4361775,0.0039,32.0,56.59375,0.0,10.0,3622.0,3080.0,1.0,43.61775,30.0
180,1.0,-1.8,-0.3674725,0.0031,36.0,34.444443,0.0,6.0,2480.0,3425.0,1.0,36.74725,10.0
181,1.0,-2.25,-0.63783646,0.0168,45.0,59.355556,0.0,47.0,5342.0,4204.0,1.0,63.783646,90.0
182,1.0,-2.25,-0.3027306,0.0031,45.0,11.322222,0.0,6.0,1019.0,4206.0,1.0,30.27306,30.0
183,1.0,-2.25,-0.3370943,0.0037,45.0,16.155556,0.0,9.0,1454.0,4246.0,1.0,33.70943,10.0
184,1.0,-2.25,-0.3151143,0.003,45.0,12.966666,0.0,6.0,1167.0,4247.0,1.0,31.511429,70.0
185,1.0,-2.25,-0.4034814,0.0037,45.0,25.744444,0.0,9.0,2317.0,4261.0,1.0,40.34814,50.0
186,1.0,-2.25,-0.56065047,0.005,45.0,48.044445,0.0,13.0,4324.0,4333.0,1.0,56.06505,90.0
187,1.0,-2.25,-0.6052166,0.0098,45.0,54.533333,0.0,27.0,4908.0,4334.0,1.0,60.521664,70.0
188,1.0,-2.25,-0.5871563,0.0092,45.0,53.077778,0.0,25.0,4777.0,4334.0,1.0,58.71563,90.0
189,1.0,-2.25,-0.5448139,0.0068,45.0,46.622223,0.0,18.0,4196.0,4334.0,1.0,54.481388,10.0
190,1.0,-2.25,-0.44034806,0.0043,45.0,31.1,0.0,11.0,2799.0,4333.0,1.0,44.034805,50.0
191,1.0,-2.5,-0.6439593,0.0148,50.0,56.3,0.0,42.0,5067.0,4334.0,1.0,64.39593,50.0
192,1.0,-2.5,-0.6131745,0.0077,50.0,52.3,0.0,20.0,4707.0,4334.0,1.0,61.317448,50.0
193,1.0,-2.5,-0.61393905,0.0073,50.0,52.38889,0.0,19.0,4715.0,4334.0,1.0,61.393906,30.0
194,1.0,-2.5,-0.568399,0.0065,50.0,44.711113,0.0,17.0,4024.0,4335.0,1.0,56.8399,10.0
195,1.0,-2.5,-0.4757245,0.0047,50.0,32.466667,0.0,12.0,2922.0,4334.0,1.0,47.57245,30.0
196,1.0,-2.5,-0.620062,0.0093,50.0,53.4,0.0,25.0,4806.0,4334.0,1.0,62.0062,10.0
197,1.0,-2.5,-0.6371791,0.0177,50.0,55.666668,0.0,66.0,5010.0,4334.0,1.0,63.717907,90.0
198,1.0,-2.5,-0.63618314,0.0163,50.0,55.344444,0.0,46.0,4981.0,4334.0,1.0,63.618317,10.0
199,1.0,-2.5,-0.640634,0.0175,50.0,56.3,0.0,117.0,5067.0,4334.0,1.0,64.0634,70.0
200,1.0,-2.5,-0.640102,0.0175,50.0,56.177776,0.0,84.0,5056.0,4334.0,1.0,64.0102,30.0
201,1.0,-2.5,-0.6376459,0.0176,50.0,56.211113,0.0,71.0,5059.0,4334.0,1.0,63.764587,10.0
202,1.0,-2.5,-0.6147877,0.009,50.0,52.788887,0.0,24.0,4751.0,4334.0,1.0,61.47877,10.0
203,1.0,-2.5,-0.61346453,0.0089,50.0,52.855556,0.0,24.0,4757.0,4334.0,1.0,61.346455,50.0
204,1.0,-2.5,-0.6116132,0.009,50.0,52.244446,0.0,24.0,4702.0,4335.0,1.0,61.16132,90.0
205,1.0,-2.5,-0.6171493,0.0086,50.0,53.566666,0.0,23.0,4821.0,4335.0,1.0,61.714928,70.0
206,1.0,-2.5,-0.63742703,0.0129,50.0,55.433334,0.0,36.0,4989.0,4334.0,1.0,63.742702,30.0
207,1.0,-2.5,-0.6386391,0.0177,50.0,55.944443,0.0,90.0,5035.0,4336.0,1.0,63.863907,30.0
208,1.0,-2.5,-0.6322055,0.0176,50.0,55.422222,0.0,53.0,4988.0,4334.0,1.0,63.22055,30.0
209,1.0,-2.5,-0.6346741,0.0177,50.0,55.666668,0.0,96.0,5010.0,4334.0,1.0,63.467407,50.0
210,1.0,-2.5,-0.6219456,0.0092,50.0,52.877777,0.0,25.0,4759.0,4335.0,1.0,62.19456,10.0
211,1.0,-2.5,-0.6387492,0.0176,50.0,55.577778,0.0,54.0,5002.0,4335.0,1.0,63.87492,50.0
212,1.0,-2.5,-0.6338432,0.0178,50.0,55.41111,0.0,112.0,4987.0,4334.0,1.0,63.384315,70.0
213,1.0,-2.5,-0.6303665,0.0177,50.0,55.155556,0.0,82.0,4964.0,4334.0,1.0,63.03665,90.0
214,1.0,-2.5,-0.63325065,0.0176,50.0,56.1,0.0,118.0,5049.0,4334.0,1.0,63.325066,30.0
215,1.0,-2.5,-0.63113874,0.0176,50.0,55.2,0.0,91.0,4968.0,4334.0,1.0,63.113876,10.0
216,1.0,-2.5,-0.6218774,0.0099,50.0,53.466667,0.0,27.0,4812.0,4334.0,1.0,62.187737,30.0
217,1.0,-2.5,-0.6350969,0.0178,50.0,55.077778,0.0,54.0,4957.0,4334.0,1.0,63.509693,70.0
218,1.0,-2.5,-0.6380188,0.0176,50.0,55.877777,0.0,87.0,5029.0,4334.0,1.0,63.80188,50.0
219,1.0,-2.5,-0.6317075,0.0176,50.0,55.622223,0.0,119.0,5006.0,4335.0,1.0,63.17075,30.0
220,1.0,-2.5,-0.6369212,0.0175,50.0,56.266666,0.0,154.0,5064.0,4334.0,1.0,63.692123,30.0
221,1.0,-2.5,-0.6354049,0.0176,50.0,55.344444,0.0,72.0,4981.0,4334.0,1.0,63.54049,70.0
222,1.0,-2.5,-0.62708354,0.0148,50.0,55.31111,0.0,41.0,4978.0,4334.0,1.0,62.70835,90.0
223,1.0,-2.5,-0.6322,0.0177,50.0,55.466667,0.0,90.0,4992.0,4336.0,1.0,63.22,70.0
224,1.0,-2.5,-0.63150483,0.0176,50.0,55.844444,0.0,85.0,5026.0,4334.0,1.0,63.150482,50.0
225,1.0,-2.5,-0.62956613,0.0176,50.0,55.355556,0.0,144.0,4982.0,4334.0,1.0,62.95661,50.0
226,1.0,-2.5,-0.6393234,0.0177,50.0,56.11111,0.0,129.0,5050.0,4335.0,1.0,63.932343,90.0
227,1.0,-2.5,-0.61130404,0.0091,50.0,52.455555,0.0,24.0,4721.0,4334.0,1.0,61.1304,50.0
228,1.0,-2.5,-0.6396655,0.0176,50.0,55.91111,0.0,72.0,5032.0,4334.0,1.0,63.96655,10.0
229,1.0,-2.5,-0.5992429,0.0065,50.0,50.766666,0.0,17.0,4569.0,4334.0,1.0,59.924294,50.0
230,1.0,-2.5,-0.6290378,0.0175,50.0,55.666668,0.0,55.0,5010.0,4335.0,1.0,62.90378,90.0
231,1.0,-2.5,-0.6375064,0.0175,50.0,56.122223,0.0,63.0,5051.0,4334.0,1.0,63.75064,90.0
232,1.0,-2.5,-0.61793184,0.0082,50.0,53.22222,0.0,22.0,4790.0,4335.0,1.0,61.793186,90.0
233,1.0,-2.5,-0.6373837,0.0176,50.0,55.922222,0.0,84.0,5033.0,4334.0,1.0,63.738373,90.0
234,1.0,-2.5,-0.638093,0.0175,50.0,55.91111,0.0,64.0,5032.0,4334.0,1.0,63.8093,50.0
235,1.0,-2.5,-0.6309132,0.0176,50.0,55.1,0.0,57.0,4959.0,4335.0,1.0,63.09132,30.0
236,1.0,-2.5,-0.63762736,0.0175,50.0,55.866665,0.0,75.0,5028.0,4334.0,1.0,63.762737,10.0
237,1.0,-2.5,-0.63556165,0.0179,50.0,55.077778,0.0,100.0,4957.0,4334.0,1.0,63.556164,10.0
238,1.0,-2.5,-0.6196556,0.0097,50.0,53.233334,0.0,26.0,4791.0,4335.0,1.0,61.96556,10.0
239,1.0,-2.5,-0.6217828,0.012,50.0,53.88889,0.0,33.0,4850.0,4334.0,1.0,62.17828,10.0
240,1.0,-2.5,-0.6401754,0.0175,50.0,56.211113,0.0,72.0,5059.0,4334.0,1.0,64.01754,70.0
241,1.0,-2.5,-0.6383036,0.0177,50.0,56.077778,0.0,78.0,5047.0,4335.0,1.0,63.830357,50.0
242,1.0,-2.5,-0.64147276,0.0177,50.0,56.466667,0.0,142.0,5082.0,4334.0,1.0,64.14728,50.0
243,1.0,-2.5,-0.63945764,0.0175,50.0,56.244446,0.0,127.0,5062.0,4334.0,1.0,63.945763,90.0
244,1.0,-2.5,-0.64584535,0.0175,50.0,56.866665,0.0,134.0,5118.0,4334.0,1.0,64.58453,90.0
245,1.0,-2.5,-0.6436078,0.0175,50.0,57.122223,0.0,137.0,5141.0,4334.0,1.0,64.36078,50.0
246,1.0,-2.5,-0.65223867,0.0177,50.0,58.066666,0.0,145.0,5226.0,4334.0,1.0,65.22387,10.0
247,1.0,-2.5,-0.6368025,0.0175,50.0,55.455555,0.0,125.0,4991.0,4334.0,1.0,63.68025,70.0
248,1.0,-2.5,-0.64030194,0.0175,50.0,55.822224,0.0,104.0,5024.0,4334.0,1.0,64.0302,50.0
249,1.0,-2.5,-0.63199186,0.0177,50.0,55.211113,0.0,75.0,4969.0,4334.0,1.0,63.19919,70.0
250,1.0,-2.5,-0.63567555,0.0176,50.0,55.788887,0.0,82.0,5021.0,4334.0,1.0,63.567554,50.0
251,1.0,-2.5,-0.6367094,0.0178,50.0,55.666668,0.0,70.0,5010.0,4334.0,1.0,63.670937,10.0
252,1.0,-2.5,-0.6233591,0.0088,50.0,53.766666,0.0,24.0,4839.0,4334.0,1.0,62.33591,50.0
253,1.0,-2.5,-0.6378707,0.0177,50.0,56.266666,0.0,81.0,5064.0,4334.0,1.0,63.787075,10.0
254,1.0,-2.5,-0.32925713,0.0029,50.0,11.577778,0.0,5.0,1042.0,4335.0,1.0,32.925713,10.0
255,1.0,-2.5,-0.3517799,0.003,50.0,14.788889,0.0,6.0,1331.0,4334.0,1.0,35.17799,30.0
256,1.0,-2.5,-0.6404,0.017,50.0,56.88889,0.0,48.0,5120.0,4334.0,1.0,64.04,90.0
257,1.0,-2.5,-0.64393204,0.0173,50.0,56.844444,0.0,49.0,5116.0,4334.0,1.0,64.3932,10.0
258,1.0,-2.5,-0.64641404,0.0175,50.0,57.6,0.0,85.0,5184.0,4334.0,1.0,64.6414,30.0
259,1.0,-2.5,-0.65178627,0.0175,50.0,58.166668,0.0,65.0,5235.0,4334.0,1.0,65.17863,90.0
260,1.0,-2.5,-0.6484205,0.0175,50.0,57.422222,0.0,81.0,5168.0,4334.0,1.0,64.84205,90.0
261,1.0,-2.5,-0.63470995,0.0176,50.0,55.922222,0.0,133.0,5033.0,4334.0,1.0,63.470993,30.0
262,1.0,-2.5,-0.63455236,0.0125,50.0,55.266666,0.0,35.0,4974.0,4334.0,1.0,63.45524,10.0
263,1.0,-2.5,-0.32997784,0.0029,50.0,10.966666,0.0,5.0,987.0,4334.0,1.0,32.997784,70.0
264,1.0,-2.5,-0.63091546,0.0175,50.0,56.244446,0.0,75.0,5062.0,4335.0,1.0,63.09155,70.0
265,1.0,-2.5,-0.36813352,0.004,50.0,16.977777,0.0,10.0,1528.0,4334.0,1.0,36.81335,10.0
266,1.0,-2.5,-0.6478201,0.0176,50.0,57.52222,0.0,76.0,5177.0,4334.0,1.0,64.78201,70.0
267,1.0,-2.5,-0.64686096,0.0102,50.0,55.444443,0.0,28.0,4990.0,4334.0,1.0,64.6861,50.0
268,1.0,-2.5,-0.6401307,0.0112,50.0,56.433334,0.0,31.0,5079.0,4334.0,1.0,64.01307,50.0
269,1.0,-2.5,-0.6500486,0.0174,50.0,57.844444,0.0,84.0,5206.0,4334.0,1.0,65.00486,70.0
270,1.0,-2.5,-0.643337,0.0118,50.0,56.966667,0.0,33.0,5127.0,4335.0,1.0,64.3337,30.0
271,1.0,-2.5,-0.65214276,0.0177,50.0,58.1,0.0,138.0,5229.0,4334.0,1.0,65.21428,30.0
272,1.0,-2.5,-0.65662146,0.0176,50.0,58.866665,0.0,106.0,5298.0,4335.0,1.0,65.66215,70.0
273,1.0,-2.5,-0.65289956,0.0167,50.0,57.833332,0.0,47.0,5205.0,4334.0,1.0,65.289955,50.0
274,1.0,-2.5,-0.4173017,0.0038,50.0,24.61111,0.0,9.0,2215.0,4335.0,1.0,41.73017,10.0
275,1.0,-2.5,-0.333334,0.0034,50.0,12.088889,0.0,7.0,1088.0,4335.0,1.0,33.3334,10.0
276,1.0,-2.5,-0.41620436,0.0046,50.0,23.944445,0.0,12.0,2155.0,4334.0,1.0,41.620438,50.0
277,1.0,-2.5,-0.42458314,0.0035,50.0,25.233334,0.0,8.0,2271.0,4334.0,1.0,42.458313,90.0
278,1.0,-2.5,-0.4298725,0.0033,50.0,27.566668,0.0,7.0,2481.0,4334.0,1.0,42.98725,10.0
279,1.0,-2.5,-0.44436795,0.0031,50.0,28.3,0.0,6.0,2547.0,4335.0,1.0,44.436794,90.0
280,1.0,-2.5,-0.52633506,0.0038,50.0,40.366665,0.0,9.0,3633.0,4335.0,1.0,52.633507,10.0
281,1.0,-1.8,-0.455625,0.0056,36.0,50.0,0.0,15.0,3600.0,3468.0,1.0,45.5625,70.0
282,1.0,-2.1,-0.4116032,0.0038,42.0,31.880953,0.0,9.0,2678.0,3988.0,1.0,41.16032,50.0
283,1.0,-2.1,-0.406185,0.004,42.0,30.380953,0.0,10.0,2552.0,3988.0,1.0,40.6185,10.0
284,1.0,-2.1,-0.33930287,0.0033,42.0,20.154762,0.0,7.0,1693.0,3988.0,1.0,33.930286,50.0
285,1.0,-2.1,-0.3397627,0.0035,42.0,20.452381,0.0,8.0,1718.0,3988.0,1.0,33.97627,70.0
286,1.0,-2.1,-0.38807157,0.0053,42.0,27.464285,0.0,14.0,2307.0,4047.0,1.0,38.807156,50.0
287,1.0,-1.85,-0.33296993,0.0038,37.0,26.202703,0.0,9.0,1939.0,3563.0,1.0,33.296993,50.0
288,1.0,-1.85,-0.3447628,0.0035,37.0,28.027027,0.0,8.0,2074.0,3564.0,1.0,34.47628,90.0
289,1.0,-1.85,-0.2982027,0.0033,37.0,19.81081,0.0,7.0,1466.0,3563.0,1.0,29.820269,30.0
290,1.0,-1.85,-0.31475526,0.0033,37.0,22.864864,0.0,7.0,1692.0,3564.0,1.0,31.475525,50.0
291,1.0,-2.4,-0.6565396,0.0138,48.0,60.155556,0.0,38.0,5414.0,4255.0,1.0,65.65396,30.0
292,1.0,-2.4,-0.3725846,0.0037,48.0,19.077778,0.0,9.0,1717.0,4254.0,1.0,37.25846,90.0
293,1.0,-2.4,-0.334633,0.003,48.0,13.688889,0.0,6.0,1232.0,4254.0,1.0,33.4633,50.0
294,1.0,-2.4,-0.37775624,0.0035,48.0,20.0,0.0,8.0,1800.0,4254.0,1.0,37.775623,50.0
295,1.0,-2.4,-0.3645405,0.003,48.0,18.177778,0.0,6.0,1636.0,4269.0,1.0,36.45405,90.0
296,1.0,-2.4,-0.5984518,0.0056,48.0,51.766666,0.0,15.0,4659.0,4334.0,1.0,59.84518,50.0
297,1.0,-2.4,-0.53711075,0.0043,48.0,42.97778,0.0,11.0,3868.0,4333.0,1.0,53.711075,30.0
298,1.0,-2.4,-0.58781224,0.006,48.0,50.455555,0.0,16.0,4541.0,4334.0,1.0,58.781223,30.0
299,1.0,-2.4,-0.4285738,0.0035,48.0,27.233334,0.0,8.0,2451.0,4334.0,1.0,42.85738,10.0
300,1.0,-2.4,-0.46284032,0.0044,48.0,32.077778,0.0,11.0,2887.0,4333.0,1.0,46.28403,90.0
301,1.0,-2.4,-0.62506956,0.0112,48.0,55.633335,0.0,31.0,5007.0,4333.0,1.0,62.506958,30.0
302,1.0,-2.4,-0.553933,0.0061,48.0,45.877777,0.0,16.0,4129.0,4333.0,1.0,55.393303,90.0
303,1.0,-2.4,-0.5680801,0.0057,48.0,47.055557,0.0,15.0,4235.0,4334.0,1.0,56.808014,90.0
304,1.0,-2.4,-0.4649244,0.005,48.0,32.377777,0.0,13.0,2914.0,4333.0,1.0,46.49244,30.0
305,1.0,-2.4,-0.4778725,0.0041,48.0,34.31111,0.0,10.0,3088.0,4334.0,1.0,47.78725,10.0
306,1.0,-2.4,-0.62821037,0.0105,48.0,56.155556,0.0,29.0,5054.0,4333.0,1.0,62.821037,10.0
307,1.0,-2.4,-0.6112499,0.0076,48.0,53.855556,0.0,20.0,4847.0,4333.0,1.0,61.124992,10.0
308,1.0,-2.4,-0.62766856,0.0133,48.0,56.1,0.0,37.0,5049.0,4333.0,1.0,62.766853,10.0
309,1.0,-2.4,-0.6378664,0.0175,48.0,57.38889,0.0,143.0,5165.0,4334.0,1.0,63.78664,10.0
310,1.0,-2.4,-0.6364585,0.0178,48.0,56.97778,0.0,121.0,5128.0,4334.0,1.0,63.64585,50.0
311,1.0,-2.4,-0.63550496,0.0176,48.0,57.444443,0.0,134.0,5170.0,4335.0,1.0,63.5505,10.0
312,1.0,-2.4,-0.6295239,0.0176,48.0,56.877777,0.0,80.0,5119.0,4333.0,1.0,62.95239,90.0
313,1.0,-2.4,-0.63584346,0.0176,48.0,57.166668,0.0,83.0,5145.0,4333.0,1.0,63.584343,30.0
314,1.0,-2.4,-0.6284241,0.0176,48.0,56.577778,0.0,67.0,5092.0,4334.0,1.0,62.84241,70.0
315,1.0,-2.4,-0.634165,0.0177,48.0,56.511112,0.0,62.0,5086.0,4333.0,1.0,63.4165,10.0
316,1.0,-2.4,-0.556921,0.0057,48.0,45.955555,0.0,15.0,4136.0,4336.0,1.0,55.6921,10.0
317,1.0,-2.4,-0.61331946,0.0102,48.0,54.2,0.0,28.0,4878.0,4333.0,1.0,61.331944,10.0
318,1.0,-2.4,-0.6425328,0.0174,48.0,57.944443,0.0,126.0,5215.0,4334.0,1.0,64.25328,30.0
319,1.0,-2.4,-0.64379454,0.0175,48.0,58.055557,0.0,92.0,5225.0,4335.0,1.0,64.379456,90.0
320,1.0,-2.4,-0.6370794,0.0177,48.0,57.555557,0.0,124.0,5180.0,4334.0,1.0,63.70794,30.0
321,1.0,-2.4,-0.640773,0.0175,48.0,57.644444,0.0,142.0,5188.0,4334.0,1.0,64.0773,70.0
322,1.0,-2.4,-0.6188865,0.0177,48.0,55.644444,0.0,70.0,5008.0,4334.0,1.0,61.88865,50.0
323,1.0,-2.4,-0.6260325,0.0176,48.0,57.0,0.0,91.0,5130.0,4335.0,1.0,62.60325,30.0
324,1.0,-2.4,-0.61678433,0.0108,48.0,55.244446,0.0,30.0,4972.0,4336.0,1.0,61.678436,30.0
325,1.0,-2.4,-0.6195805,0.0178,48.0,56.422222,0.0,112.0,5078.0,4335.0,1.0,61.95805,50.0
326,1.0,-2.4,-0.6220591,0.0176,48.0,56.577778,0.0,107.0,5092.0,4336.0,1.0,62.205914,50.0
327,1.0,-2.4,-0.6209231,0.0177,48.0,56.22222,0.0,77.0,5060.0,4335.0,1.0,62.09231,90.0
328,1.0,-2.4,-0.6195831,0.0176,48.0,56.211113,0.0,122.0,5059.0,4336.0,1.0,61.95831,30.0
329,1.0,-2.4,-0.616514,0.0176,48.0,56.177776,0.0,53.0,5056.0,4335.0,1.0,61.6514,90.0
330,1.0,-2.4,-0.61510277,0.0177,48.0,55.733334,0.0,134.0,5016.0,4335.0,1.0,61.510277,70.0
331,1.0,-2.4,-0.6147012,0.0177,48.0,55.97778,0.0,110.0,5038.0,4335.0,1.0,61.470123,30.0
332,1.0,-2.4,-0.6262969,0.0176,48.0,56.944443,0.0,118.0,5125.0,4335.0,1.0,62.62969,90.0
333,1.0,-2.4,-0.6249405,0.0176,48.0,56.933334,0.0,128.0,5124.0,4335.0,1.0,62.49405,90.0
334,1.0,-2.4,-0.6267117,0.0177,48.0,56.7,0.0,130.0,5103.0,4335.0,1.0,62.671173,70.0
335,1.0,-2.4,-0.6182365,0.0179,48.0,56.41111,0.0,82.0,5077.0,4335.0,1.0,61.82365,90.0
336,1.0,-2.4,-0.61904997,0.0177,48.0,56.155556,0.0,88.0,5054.0,4335.0,1.0,61.905,10.0
337,1.0,-2.4,-0.6244791,0.0175,48.0,56.7,0.0,132.0,5103.0,4336.0,1.0,62.447914,30.0
338,1.0,-2.4,-0.6123041,0.0177,48.0,55.433334,0.0,124.0,4989.0,4335.0,1.0,61.23041,30.0
339,1.0,-2.4,-0.6194506,0.0176,48.0,55.88889,0.0,113.0,5030.0,4335.0,1.0,61.94506,70.0
340,1.0,-2.4,-0.60784125,0.0093,48.0,54.0,0.0,25.0,4860.0,4335.0,1.0,60.784126,10.0
341,1.0,-2.4,-0.61428016,0.0177,48.0,55.61111,0.0,59.0,5005.0,4335.0,1.0,61.428017,30.0
342,1.0,-2.4,-0.619575,0.0177,48.0,56.233334,0.0,95.0,5061.0,4336.0,1.0,61.9575,70.0
343,1.0,-2.4,-0.61375666,0.0176,48.0,55.533333,0.0,133.0,4998.0,4335.0,1.0,61.375668,10.0
344,1.0,-2.4,-0.6187892,0.0176,48.0,55.72222,0.0,124.0,5015.0,4335.0,1.0,61.87892,90.0
345,1.0,-2.4,-0.6210544,0.0177,48.0,55.755554,0.0,108.0,5018.0,4335.0,1.0,62.10544,70.0
346,1.0,-2.4,-0.6101371,0.0101,48.0,54.766666,0.0,28.0,4929.0,4335.0,1.0,61.01371,30.0
347,1.0,-2.4,-0.6203281,0.0177,48.0,56.11111,0.0,106.0,5050.0,4335.0,1.0,62.032814,30.0
348,1.0,-2.4,-0.6226003,0.0176,48.0,56.166668,0.0,61.0,5055.0,4335.0,1.0,62.260033,30.0
349,1.0,-2.4,-0.62031215,0.0176,48.0,55.9,0.0,110.0,5031.0,4335.0,1.0,62.031216,50.0
350,1.0,-2.4,-0.6196201,0.0177,48.0,55.844444,0.0,135.0,5026.0,4335.0,1.0,61.962006,90.0
351,1.0,-2.4,-0.6164641,0.0175,48.0,55.88889,0.0,188.0,5030.0,4335.0,1.0,61.646408,50.0
352,1.0,-2.4,-0.61312306,0.0177,48.0,55.788887,0.0,107.0,5021.0,4335.0,1.0,61.312305,70.0
353,1.0,-2.4,-0.6159816,0.0177,48.0,55.677776,0.0,80.0,5011.0,4336.0,1.0,61.59816,90.0
354,1.0,-2.4,-0.6019444,0.0099,48.0,53.22222,0.0,27.0,4790.0,4335.0,1.0,60.19444,70.0
355,1.0,-2.4,-0.6149244,0.0176,48.0,56.011112,0.0,90.0,5041.0,4335.0,1.0,61.49244,90.0
356,1.0,-2.4,-0.6187547,0.0176,48.0,55.533333,0.0,54.0,4998.0,4335.0,1.0,61.87547,30.0
357,1.0,-2.4,-0.54140055,0.006,48.0,44.633335,0.0,16.0,4017.0,4335.0,1.0,54.140053,10.0
358,1.0,-2.4,-0.50996244,0.005,48.0,40.011112,0.0,13.0,3601.0,4335.0,1.0,50.996246,10.0
359,1.0,-2.4,-0.48935017,0.0044,48.0,36.833332,0.0,11.0,3315.0,4335.0,1.0,48.935017,90.0
360,1.0,-2.4,-0.6011193,0.0,1.0,0.0,0.0,0.0,0.0,0.0,0.0,0.0,50.0
361,-0.03000002,-0.8,-0.504336,0.0206,16.0,352.0,0.0,37.0,5632.0,729.0,1.0,50.4336,30.0
362,1.0,-2.05,-0.36787438,0.0028,41.0,25.670732,0.0,4.0,2105.0,3585.0,1.0,36.787437,10.0
363,1.0,-2.5,-0.69080853,0.0139,50.0,65.27778,0.0,39.0,5875.0,3965.0,1.0,69.08086,30.0
364,1.0,-2.8,-0.6970381,0.0178,56.0,61.22222,0.0,128.0,5510.0,4162.0,1.0,69.70381,90.0
365,1.0,-2.8,-0.69088507,0.0177,56.0,60.644444,0.0,61.0,5458.0,4312.0,1.0,69.08851,50.0
366,1.0,-2.8,-0.63253343,0.0061,56.0,51.988888,0.0,16.0,4679.0,4330.0,1.0,63.25334,90.0
367,1.0,-2.8,-0.57429075,0.0047,56.0,43.744446,0.0,12.0,3937.0,4331.0,1.0,57.429073,10.0
368,1.0,-2.8,-0.6457872,0.0078,56.0,54.055557,0.0,21.0,4865.0,4329.0,1.0,64.57872,10.0
369,1.0,-2.8,-0.67355746,0.0084,56.0,57.966667,0.0,22.0,5217.0,4330.0,1.0,67.35574,30.0
370,1.0,-2.8,-0.69113195,0.0176,56.0,61.18889,0.0,118.0,5507.0,4327.0,1.0,69.1132,10.0
371,1.0,-2.8,-0.69063324,0.0175,56.0,60.733334,0.0,59.0,5466.0,4330.0,1.0,69.063324,90.0
372,1.0,-2.8,-0.68864024,0.0177,56.0,60.488888,0.0,56.0,5444.0,4329.0,1.0,68.86402,50.0
373,1.0,-2.8,-0.6888855,0.0177,56.0,60.5,0.0,104.0,5445.0,4328.0,1.0,68.88855,10.0
374,1.0,-2.8,-0.599275,0.0063,56.0,47.3,0.0,16.0,4257.0,4330.0,1.0,59.9275,30.0
375,1.0,-2.8,-0.5506003,0.0044,56.0,40.055557,0.0,11.0,3605.0,4330.0,1.0,55.06003,90.0
376,1.0,-2.8,-0.67921525,0.0176,56.0,58.8,0.0,75.0,5292.0,4329.0,1.0,67.921524,90.0
377,1.0,-2.8,-0.6819925,0.0177,56.0,59.11111,0.0,118.0,5320.0,4327.0,1.0,68.19925,90.0
378,1.0,-2.8,-0.6753935,0.0175,56.0,58.18889,0.0,116.0,5237.0,4328.0,1.0,67.53935,90.0
379,1.0,-2.8,-0.64064157,0.0076,56.0,53.9,0.0,20.0,4851.0,4331.0,1.0,64.064156,70.0
380,1.0,-2.8,-0.66647947,0.0175,56.0,57.68889,0.0,110.0,5192.0,4328.0,1.0,66.64795,10.0
381,1.0,-2.8,-0.658959,0.0178,56.0,55.955555,0.0,123.0,5036.0,4331.0,1.0,65.8959,30.0
382,1.0,-2.8,-0.6431471,0.0095,56.0,53.288887,0.0,26.0,4796.0,4330.0,1.0,64.31471,10.0
383,1.0,-2.8,-0.69072104,0.0177,56.0,60.822224,0.0,115.0,5474.0,4330.0,1.0,69.072105,70.0
384,1.0,-2.8,-0.49712503,0.0058,56.0,32.166668,0.0,15.0,2895.0,4330.0,1.0,49.7125,50.0
385,1.0,-2.8,-0.69081324,0.0175,56.0,60.533333,0.0,60.0,5448.0,4330.0,1.0,69.08132,10.0
386,1.0,-2.8,-0.45050475,0.005,56.0,25.344444,0.0,13.0,2281.0,4330.0,1.0,45.050476,90.0
387,1.0,-2.8,-0.3861214,0.0029,56.0,15.611111,0.0,5.0,1405.0,4330.0,1.0,38.61214,10.0
388,1.0,-2.8,-0.39057156,0.0027,56.0,16.333334,0.0,5.0,1470.0,4330.0,1.0,39.057156,30.0
389,1.0,-2.8,-0.392725,0.0026,56.0,16.7,0.0,4.0,1503.0,4330.0,1.0,39.2725,30.0
390,1.0,-2.8,-0.40365624,0.0025,56.0,16.666666,0.0,3.0,1500.0,4330.0,1.0,40.365623,10.0
391,1.0,-2.25,-0.55845,0.0074,45.0,63.514286,0.0,19.0,4446.0,3367.0,1.0,55.845,30.0
392,1.0,-2.25,-0.31235686,0.0024,45.0,13.111111,0.0,2.0,1180.0,4235.0,1.0,31.235687,10.0
393,1.0,-2.25,-0.3266,0.0029,45.0,14.111111,0.0,5.0,1270.0,4234.0,1.0,32.66,30.0
394,1.0,-2.25,-0.29803562,0.0025,45.0,11.222222,0.0,3.0,1010.0,4233.0,1.0,29.803562,30.0
395,1.0,-2.25,-0.3067667,0.0026,45.0,12.2,0.0,4.0,1098.0,4235.0,1.0,30.676668,10.0
396,1.0,-2.25,-0.39189252,0.004,45.0,24.622223,0.0,10.0,2216.0,4235.0,1.0,39.18925,50.0
397,1.0,-1.35,-0.27261874,0.0034,27.0,33.62963,0.0,7.0,1816.0,2600.0,1.0,27.261875,30.0
398,1.0,-1.35,-0.2199391,0.0024,27.0,20.722221,0.0,2.0,1119.0,2600.0,1.0,21.99391,90.0
399,1.0,-2.15,-0.5874956,0.0076,43.0,65.07895,0.0,20.0,4946.0,3548.0,1.0,58.74956,30.0
400,1.0,-2.45,-0.6212442,0.0177,49.0,55.577778,0.0,64.0,5002.0,4155.0,1.0,62.12442,70.0
401,1.0,-2.45,-0.572216,0.0069,49.0,48.355556,0.0,18.0,4352.0,4267.0,1.0,57.2216,30.0
402,1.0,-2.45,-0.62120515,0.0176,49.0,54.955555,0.0,99.0,4946.0,4331.0,1.0,62.120514,50.0
403,1.0,-2.45,-0.6444883,0.0181,49.0,54.58889,0.0,127.0,4913.0,4331.0,1.0,64.44883,50.0
404,1.0,-2.45,-0.60940623,0.0178,49.0,54.166668,0.0,139.0,4875.0,4330.0,1.0,60.940624,10.0
405,1.0,-2.45,-0.6129789,0.0181,49.0,54.266666,0.0,130.0,4884.0,4330.0,1.0,61.297886,70.0
406,1.0,-2.45,-0.6214588,0.0179,49.0,54.566666,0.0,133.0,4911.0,4330.0,1.0,62.145885,90.0
407,1.0,-2.45,-0.62565595,0.0179,49.0,54.333332,0.0,123.0,4890.0,4330.0,1.0,62.565594,70.0
408,1.0,-2.45,-0.63076246,0.0182,49.0,54.0,0.0,127.0,4860.0,4331.0,1.0,63.07625,70.0
409,1.0,-2.45,-0.60010874,0.0179,49.0,54.61111,0.0,132.0,4915.0,4330.0,1.0,60.010876,70.0
410,1.0,-2.45,-0.635425,0.0179,49.0,53.88889,0.0,130.0,4850.0,4330.0,1.0,63.5425,10.0
411,1.0,-2.45,-0.61062944,0.0179,49.0,54.122223,0.0,146.0,4871.0,4330.0,1.0,61.062943,90.0
412,1.0,-2.45,-0.6357553,0.0179,49.0,54.377777,0.0,141.0,4894.0,4330.0,1.0,63.57553,50.0
413,1.0,-2.45,-0.62620085,0.0183,49.0,54.41111,0.0,131.0,4897.0,4331.0,1.0,62.620083,70.0
414,1.0,-2.45,-0.61664003,0.0179,49.0,54.333332,0.0,131.0,4890.0,4330.0,1.0,61.664,10.0
415,1.0,-2.45,-0.63567364,0.0178,49.0,54.644444,0.0,132.0,4918.0,4330.0,1.0,63.567364,10.0
416,1.0,-2.45,-0.61705446,0.0176,49.0,54.822224,0.0,147.0,4934.0,4331.0,1.0,61.705444,10.0
417,1.0,-2.45,-0.6120583,0.0176,49.0,54.31111,0.0,166.0,4888.0,4330.0,1.0,61.205826,10.0
418,1.0,-2.45,-0.612047,0.0177,49.0,54.4,0.0,141.0,4896.0,4330.0,1.0,61.2047,70.0
419,1.0,-2.45,-0.61017275,0.0176,49.0,54.122223,0.0,159.0,4871.0,4330.0,1.0,61.017277,10.0
420,1.0,-2.45,-0.6112373,0.0177,49.0,54.644444,0.0,160.0,4918.0,4330.0,1.0,61.12373,30.0
421,1.0,-2.45,-0.6041105,0.0179,49.0,53.988888,0.0,164.0,4859.0,4330.0,1.0,60.411045,70.0
422,1.0,-2.45,-0.6083719,0.0178,49.0,53.877777,0.0,138.0,4849.0,4332.0,1.0,60.837193,50.0
423,1.0,-2.45,-0.61183983,0.0179,49.0,54.211113,0.0,150.0,4879.0,4331.0,1.0,61.183983,90.0
424,1.0,-2.45,-0.61889917,0.0175,49.0,54.866665,0.0,138.0,4938.0,4330.0,1.0,61.88992,50.0
425,1.0,-2.45,-0.6198253,0.0176,49.0,55.322224,0.0,145.0,4979.0,4330.0,1.0,61.982533,50.0
426,1.0,-2.45,-0.61103153,0.0176,49.0,54.52222,0.0,131.0,4907.0,4331.0,1.0,61.103153,70.0
427,1.0,-2.45,-0.6163342,0.0175,49.0,54.966667,0.0,128.0,4947.0,4330.0,1.0,61.63342,70.0
428,1.0,-2.45,-0.61822915,0.0178,49.0,54.655556,0.0,149.0,4919.0,4330.0,1.0,61.822914,10.0
429,1.0,-2.45,-0.6182328,0.0176,49.0,54.61111,0.0,128.0,4915.0,4331.0,1.0,61.82328,50.0
430,1.0,-2.45,-0.6098451,0.0177,49.0,54.3,0.0,130.0,4887.0,4330.0,1.0,60.98451,70.0
431,1.0,-2.45,-0.602898,0.0178,49.0,53.377777,0.0,126.0,4804.0,4330.0,1.0,60.2898,50.0
432,1.0,-2.45,-0.6100371,0.0176,49.0,54.511112,0.0,123.0,4906.0,4331.0,1.0,61.003708,70.0
433,1.0,-2.45,-0.60795367,0.0179,49.0,54.2,0.0,123.0,4878.0,4330.0,1.0,60.79537,90.0
434,1.0,-2.45,-0.6199906,0.0175,49.0,55.27778,0.0,125.0,4975.0,4330.0,1.0,61.99906,90.0
435,1.0,-2.45,-0.6187624,0.0175,49.0,54.711113,0.0,133.0,4924.0,4330.0,1.0,61.876236,90.0
436,1.0,-2.45,-0.6171425,0.0175,49.0,54.744446,0.0,135.0,4927.0,4331.0,1.0,61.71425,50.0
437,1.0,-2.7,-0.6388384,0.0174,54.0,54.711113,0.0,136.0,4924.0,4332.0,1.0,63.88384,30.0
438,1.0,-2.7,-0.64323545,0.0177,54.0,55.133335,0.0,131.0,4962.0,4330.0,1.0,64.32355,50.0
439,1.0,-2.7,-0.6391537,0.0175,54.0,54.666668,0.0,140.0,4920.0,4330.0,1.0,63.915375,90.0
440,1.0,-2.7,-0.63836837,0.0177,54.0,54.144444,0.0,123.0,4873.0,4330.0,1.0,63.836834,70.0
441,1.0,-2.7,-0.6330244,0.0176,54.0,54.233334,0.0,83.0,4881.0,4330.0,1.0,63.302437,50.0
442,1.0,-2.7,-0.64449143,0.0175,54.0,55.044445,0.0,59.0,4954.0,4330.0,1.0,64.44914,90.0
443,1.0,-2.7,-0.64380765,0.0178,54.0,54.966667,0.0,135.0,4947.0,4331.0,1.0,64.38077,10.0
444,1.0,-2.7,-0.63999766,0.0175,54.0,54.677776,0.0,128.0,4921.0,4331.0,1.0,63.999767,70.0
445,1.0,-2.7,-0.6471464,0.0176,54.0,55.38889,0.0,128.0,4985.0,4332.0,1.0,64.71464,50.0
446,1.0,-2.7,-0.63665605,0.0176,54.0,54.455555,0.0,140.0,4901.0,4332.0,1.0,63.665607,10.0
447,1.0,-2.7,-0.64296305,0.0176,54.0,54.933334,0.0,125.0,4944.0,4331.0,1.0,64.2963,10.0
448,1.0,-2.7,-0.64719284,0.0175,54.0,55.533333,0.0,133.0,4998.0,4330.0,1.0,64.719284,30.0
449,1.0,-2.7,-0.65229106,0.0174,54.0,56.144444,0.0,128.0,5053.0,4330.0,1.0,65.2291,90.0
450,1.0,-2.7,-0.6484697,0.0176,54.0,56.422222,0.0,138.0,5078.0,4332.0,1.0,64.84697,30.0
451,1.0,-2.7,-0.6500915,0.0176,54.0,56.333332,0.0,155.0,5070.0,4332.0,1.0,65.009155,90.0
452,1.0,-2.7,-0.66272765,0.0177,54.0,57.844444,0.0,207.0,5206.0,4331.0,1.0,66.272766,90.0
453,1.0,-2.7,-0.6401875,0.0175,54.0,54.344444,0.0,255.0,4891.0,4332.0,1.0,64.01875,90.0
454,1.0,-2.7,-0.6422427,0.0176,54.0,54.511112,0.0,262.0,4906.0,4332.0,1.0,64.22427,70.0
455,1.0,-2.7,-0.64161634,0.0176,54.0,54.644444,0.0,207.0,4918.0,4332.0,1.0,64.16164,30.0
456,1.0,-2.7,-0.64192843,0.0175,54.0,54.6,0.0,142.0,4914.0,4331.0,1.0,64.19284,10.0
457,1.0,-2.7,-0.64710563,0.0179,54.0,55.177776,0.0,65.0,4966.0,4331.0,1.0,64.71056,30.0
458,1.0,-2.7,-0.6165963,0.0076,54.0,51.844444,0.0,20.0,4666.0,4333.0,1.0,61.65963,30.0
459,1.0,-2.7,-0.62633437,0.0079,54.0,53.055557,0.0,21.0,4775.0,4332.0,1.0,62.63344,70.0
460,1.0,-2.7,-0.6491095,0.0176,54.0,55.97778,0.0,65.0,5038.0,4332.0,1.0,64.91095,90.0
461,1.0,-2.7,-0.64686793,0.0176,54.0,55.855556,0.0,54.0,5027.0,4332.0,1.0,64.68679,50.0
462,1.0,-2.7,-0.6569887,0.0177,54.0,57.355556,0.0,103.0,5162.0,4332.0,1.0,65.69887,30.0
463,1.0,-2.7,-0.65658873,0.0176,54.0,57.011112,0.0,114.0,5131.0,4332.0,1.0,65.658875,30.0
464,1.0,-2.7,-0.65780157,0.0176,54.0,57.5,0.0,118.0,5175.0,4332.0,1.0,65.78016,50.0
465,1.0,-2.7,-0.66968346,0.0176,54.0,58.966667,0.0,109.0,5307.0,4332.0,1.0,66.968346,10.0
466,1.0,-2.7,-0.62659913,0.006,54.0,52.566666,0.0,16.0,4731.0,4333.0,1.0,62.659912,70.0
467,1.0,-2.7,-0.6547725,0.0175,54.0,56.0,0.0,121.0,5040.0,4332.0,1.0,65.47725,70.0
468,1.0,-2.7,-0.6440064,0.0176,54.0,55.155556,0.0,84.0,4964.0,4332.0,1.0,64.400635,50.0
469,1.0,-2.7,-0.6508266,0.0175,54.0,55.72222,0.0,82.0,5015.0,4332.0,1.0,65.08266,70.0
470,1.0,-2.7,-0.35171738,0.0036,54.0,11.966666,0.0,8.0,1077.0,4332.0,1.0,35.171738,90.0
471,1.0,-2.7,-0.63624984,0.008,54.0,53.922222,0.0,22.0,4853.0,4333.0,1.0,63.624985,90.0
472,1.0,-2.7,-0.49520493,0.0051,54.0,33.266666,0.0,13.0,2994.0,4332.0,1.0,49.520493,10.0
473,1.0,-2.7,-0.63496625,0.0075,54.0,53.77778,0.0,20.0,4840.0,4332.0,1.0,63.496624,50.0
474,1.0,-2.7,-0.66399765,0.0174,54.0,58.055557,0.0,70.0,5225.0,4332.0,1.0,66.399765,70.0
475,1.0,-2.7,-0.6602595,0.0107,54.0,57.433334,0.0,30.0,5169.0,4332.0,1.0,66.02595,90.0
476,1.0,-2.7,-0.66551805,0.0138,54.0,58.766666,0.0,39.0,5289.0,4332.0,1.0,66.5518,50.0
477,1.0,-2.7,-0.6688387,0.0177,54.0,58.988888,0.0,74.0,5309.0,4332.0,1.0,66.883865,50.0
478,1.0,-2.7,-0.670785,0.0175,54.0,58.666668,0.0,59.0,5280.0,4333.0,1.0,67.0785,10.0
479,1.0,-2.7,-0.6674782,0.0177,54.0,59.355556,0.0,136.0,5342.0,4332.0,1.0,66.74782,10.0
480,1.0,-2.7,-0.6706903,0.0176,54.0,59.18889,0.0,109.0,5327.0,4333.0,1.0,67.06903,30.0
481,1.0,-2.7,-0.65335727,0.0176,54.0,56.511112,0.0,56.0,5086.0,4332.0,1.0,65.335724,30.0
482,1.0,-2.7,-0.65721565,0.0178,54.0,57.22222,0.0,74.0,5150.0,4332.0,1.0,65.721565,10.0
483,1.0,-2.7,-0.65692496,0.0177,54.0,57.322224,0.0,57.0,5159.0,4332.0,1.0,65.6925,30.0
484,1.0,-2.7,-0.65933645,0.0176,54.0,57.155556,0.0,99.0,5144.0,4332.0,1.0,65.93365,50.0
485,1.0,-2.7,-0.65881324,0.0178,54.0,57.72222,0.0,59.0,5195.0,4332.0,1.0,65.881325,70.0
486,1.0,-2.7,-0.66154295,0.0178,54.0,57.622223,0.0,59.0,5186.0,4333.0,1.0,66.1543,90.0
487,1.0,-2.7,-0.6639534,0.0145,54.0,57.666668,0.0,40.0,5190.0,4332.0,1.0,66.39534,90.0
488,1.0,-2.7,-0.6715069,0.0177,54.0,59.211113,0.0,52.0,5329.0,4333.0,1.0,67.15069,50.0
489,1.0,-2.7,-0.6704674,0.0177,54.0,59.033333,0.0,77.0,5313.0,4332.0,1.0,67.04674,50.0
490,1.0,-2.7,-0.6701367,0.0177,54.0,59.47778,0.0,82.0,5353.0,4332.0,1.0,67.01367,50.0
491,1.0,-2.7,-0.66832405,0.0177,54.0,58.644444,0.0,61.0,5278.0,4332.0,1.0,66.832405,50.0
492,1.0,-2.7,-0.66699034,0.0174,54.0,58.788887,0.0,49.0,5291.0,4333.0,1.0,66.699036,10.0
493,1.0,-2.7,-0.66710943,0.0177,54.0,58.855556,0.0,103.0,5297.0,4332.0,1.0,66.710945,50.0
494,1.0,-2.7,-0.66641176,0.0176,54.0,58.122223,0.0,75.0,5231.0,4332.0,1.0,66.641174,30.0
495,1.0,-2.7,-0.65692824,0.0176,54.0,56.966667,0.0,100.0,5127.0,4334.0,1.0,65.692825,70.0
496,1.0,-2.7,-0.6653553,0.0177,54.0,58.11111,0.0,115.0,5230.0,4332.0,1.0,66.53553,30.0
497,1.0,-2.7,-0.67392,0.0178,54.0,58.666668,0.0,70.0,5280.0,4332.0,1.0,67.392,30.0
498,1.0,-2.7,-0.673639,0.0176,54.0,59.377777,0.0,56.0,5344.0,4332.0,1.0,67.3639,30.0
499,1.0,-2.7,-0.67458254,0.0177,54.0,58.955555,0.0,54.0,5306.0,4332.0,1.0,67.45825,50.0
500,1.0,-2.7,-0.67065793,0.0176,54.0,59.233334,0.0,144.0,5331.0,4333.0,1.0,67.065796,10.0
501,1.0,-2.7,-0.669225,0.0177,54.0,59.144444,0.0,66.0,5323.0,4335.0,1.0,66.9225,90.0
502,1.0,-2.7,-0.6665495,0.0178,54.0,59.266666,0.0,139.0,5334.0,4334.0,1.0,66.65495,10.0
503,1.0,-2.7,-0.67692596,0.0175,54.0,59.2,0.0,135.0,5328.0,4334.0,1.0,67.6926,50.0
504,1.0,-2.7,-0.65927124,0.0177,54.0,57.91111,0.0,120.0,5212.0,4335.0,1.0,65.927124,10.0
505,1.0,-2.7,-0.41367847,0.0038,54.0,21.455555,0.0,9.0,1931.0,4336.0,1.0,41.367847,70.0
506,1.0,-2.7,-0.66913575,0.0177,54.0,58.066666,0.0,133.0,5226.0,4336.0,1.0,66.913574,70.0
507,1.0,-2.7,-0.6619317,0.0176,54.0,57.655556,0.0,134.0,5189.0,4335.0,1.0,66.19317,30.0
508,1.0,-2.7,-0.35055092,0.0027,54.0,11.888889,0.0,4.0,1070.0,4336.0,1.0,35.05509,10.0
509,1.0,-2.7,-0.6725061,0.0174,54.0,59.08889,0.0,124.0,5318.0,4335.0,1.0,67.25061,50.0
510,1.0,-2.7,-0.66599745,0.0176,54.0,58.27778,0.0,63.0,5245.0,4335.0,1.0,66.59975,10.0
511,1.0,-2.7,-0.6712592,0.0178,54.0,59.322224,0.0,142.0,5339.0,4335.0,1.0,67.12592,50.0
512,1.0,-2.7,-0.67002213,0.017,54.0,58.7,0.0,48.0,5283.0,4335.0,1.0,67.00221,30.0
513,1.0,-2.7,-0.6635704,0.0178,54.0,58.08889,0.0,108.0,5228.0,4335.0,1.0,66.35704,70.0
514,1.0,-2.7,-0.66551244,0.0176,54.0,58.88889,0.0,56.0,5300.0,4336.0,1.0,66.55125,30.0
515,1.0,-2.7,-0.6635389,0.0176,54.0,58.27778,0.0,83.0,5245.0,4335.0,1.0,66.35389,30.0
516,1.0,-2.7,-0.41188407,0.0038,54.0,21.01111,0.0,9.0,1891.0,4335.0,1.0,41.188408,50.0
517,1.0,-2.7,-0.37507543,0.0033,54.0,15.677778,0.0,7.0,1411.0,4336.0,1.0,37.50754,70.0
518,1.0,-2.7,-0.3825945,0.0024,54.0,16.977777,0.0,2.0,1528.0,4336.0,1.0,38.25945,10.0
519,1.0,-2.7,-0.3832347,0.0025,54.0,16.588888,0.0,4.0,1493.0,4336.0,1.0,38.32347,10.0
520,1.0,-2.7,-0.37699455,0.0024,54.0,15.844444,0.0,3.0,1426.0,4335.0,1.0,37.699455,10.0
521,1.0,-1.55,-0.39116678,0.0046,31.0,64.979164,0.0,11.0,3119.0,2314.0,1.0,39.116676,50.0
522,1.0,-1.55,-0.26497123,0.0025,31.0,22.951612,0.0,3.0,1423.0,2917.0,1.0,26.497122,90.0
523,1.0,-1.55,-0.25930867,0.0026,31.0,22.274193,0.0,4.0,1381.0,2919.0,1.0,25.930866,90.0
524,1.0,-1.55,-0.2815546,0.0026,31.0,27.080645,0.0,4.0,1679.0,2918.0,1.0,28.155462,30.0
525,1.0,-1.55,-0.29727763,0.0029,31.0,30.14516,0.0,6.0,1869.0,2917.0,1.0,29.727762,50.0
526,1.0,-1.55,-0.32177174,0.0037,31.0,35.79032,0.0,9.0,2219.0,2986.0,1.0,32.177174,70.0
527,1.0,-1.15,-0.22208676,0.0031,23.0,31.130434,0.0,6.0,1432.0,2220.0,1.0,22.208675,50.0
528,1.0,-1.15,-0.19677246,0.0024,23.0,23.891304,0.0,3.0,1099.0,2220.0,1.0,19.677246,50.0
529,1.0,-1.15,-0.20922035,0.0027,23.0,27.413044,0.0,5.0,1261.0,2220.0,1.0,20.922035,90.0
530,1.0,-1.15,-0.19769649,0.0023,23.0,24.0,0.0,2.0,1104.0,2221.0,1.0,19.76965,10.0
531,1.0,-2.05,-0.61025023,0.0129,41.0,65.51219,0.0,35.0,5372.0,3774.0,1.0,61.025024,10.0
532,1.0,-2.3,-0.3012175,0.0027,46.0,10.377778,0.0,4.0,934.0,4121.0,1.0,30.12175,10.0
533,1.0,-2.3,-0.30614093,0.0027,46.0,11.233334,0.0,4.0,1011.0,4123.0,1.0,30.614094,90.0
534,1.0,-2.3,-0.3123095,0.0026,46.0,12.133333,0.0,4.0,1092.0,4125.0,1.0,31.23095,30.0
535,1.0,-2.3,-0.34668258,0.0028,46.0,17.122223,0.0,5.0,1541.0,4125.0,1.0,34.66826,50.0
536,1.0,-2.3,-0.471586,0.0038,46.0,35.377777,0.0,9.0,3184.0,4208.0,1.0,47.1586,50.0
537,1.0,-1.6,-0.38164762,0.0036,32.0,46.234375,0.0,8.0,2959.0,3077.0,1.0,38.16476,70.0
538,1.0,-1.6,-0.3421798,0.0032,32.0,37.84375,0.0,7.0,2422.0,3088.0,1.0,34.21798,70.0
539,1.0,-1.6,-0.35964853,0.004,32.0,41.75,0.0,10.0,2672.0,3087.0,1.0,35.96485,90.0
540,1.0,-1.85,-0.3744406,0.0031,37.0,33.851353,0.0,6.0,2505.0,3519.0,1.0,37.44406,50.0
541,1.0,-2.45,-0.6389421,0.017,49.0,57.855556,0.0,47.0,5207.0,4211.0,1.0,63.89421,50.0
542,1.0,-2.45,-0.31877825,0.0031,49.0,10.966666,0.0,6.0,987.0,4213.0,1.0,31.877825,70.0
543,1.0,-2.45,-0.3408595,0.0037,49.0,14.177778,0.0,9.0,1276.0,4259.0,1.0,34.08595,10.0
544,1.0,-2.45,-0.32734364,0.0031,49.0,12.133333,0.0,6.0,1092.0,4259.0,1.0,32.734364,50.0
545,1.0,-2.45,-0.38290265,0.0037,49.0,20.244444,0.0,9.0,1822.0,4270.0,1.0,38.290264,10.0
546,1.0,-2.45,-0.56003726,0.005,49.0,46.711113,0.0,13.0,4204.0,4337.0,1.0,56.003723,30.0
547,1.0,-2.45,-0.596819,0.0098,49.0,51.733334,0.0,27.0,4656.0,4337.0,1.0,59.6819,10.0
548,1.0,-2.45,-0.60271597,0.0092,49.0,52.622223,0.0,25.0,4736.0,4337.0,1.0,60.2716,50.0
549,1.0,-2.45,-0.5405171,0.0068,49.0,43.544445,0.0,18.0,3919.0,4336.0,1.0,54.05171,70.0
550,1.0,-2.45,-0.43833205,0.0043,49.0,28.51111,0.0,11.0,2566.0,4336.0,1.0,43.833206,30.0
551,1.0,-2.45,-0.6177102,0.0151,49.0,54.244446,0.0,42.0,4882.0,4336.0,1.0,61.77102,10.0
552,1.0,-2.45,-0.59294564,0.0076,49.0,50.91111,0.0,20.0,4582.0,4337.0,1.0,59.294563,70.0
553,1.0,-2.45,-0.56029063,0.0073,49.0,46.944443,0.0,19.0,4225.0,4337.0,1.0,56.029064,10.0
554,1.0,-2.45,-0.5331049,0.0065,49.0,42.7,0.0,17.0,3843.0,4336.0,1.0,53.31049,50.0
555,1.0,-2.45,-0.45097342,0.0047,49.0,30.2,0.0,12.0,2718.0,4336.0,1.0,45.097343,10.0
556,1.0,-2.45,-0.60495776,0.0093,49.0,52.755554,0.0,25.0,4748.0,4337.0,1.0,60.495773,10.0
557,1.0,-2.45,-0.61684036,0.0177,49.0,54.7,0.0,66.0,4923.0,4337.0,1.0,61.684036,30.0
558,1.0,-2.45,-0.6149906,0.0166,49.0,54.72222,0.0,46.0,4925.0,4336.0,1.0,61.49906,10.0
559,1.0,-2.45,-0.61547655,0.0176,49.0,55.0,0.0,117.0,4950.0,4336.0,1.0,61.547657,50.0
560,1.0,-2.45,-0.6166707,0.0178,49.0,54.81111,0.0,84.0,4933.0,4336.0,1.0,61.667072,50.0
561,1.0,-2.45,-0.6172948,0.0178,49.0,55.177776,0.0,71.0,4966.0,4336.0,1.0,61.72948,10.0
562,1.0,-2.45,-0.5984713,0.0089,49.0,51.933334,0.0,24.0,4674.0,4336.0,1.0,59.847126,10.0
563,1.0,-2.45,-0.6015552,0.0089,49.0,52.3,0.0,24.0,4707.0,4336.0,1.0,60.155525,90.0
564,1.0,-2.45,-0.59892243,0.0089,49.0,52.41111,0.0,24.0,4717.0,4338.0,1.0,59.892242,70.0
565,1.0,-2.45,-0.5980587,0.0087,49.0,52.788887,0.0,23.0,4751.0,4337.0,1.0,59.80587,70.0
566,1.0,-2.45,-0.618502,0.0129,49.0,54.944443,0.0,36.0,4945.0,4337.0,1.0,61.850204,10.0
567,1.0,-2.45,-0.627745,0.0175,49.0,56.211113,0.0,90.0,5059.0,4336.0,1.0,62.774498,10.0
568,1.0,-2.45,-0.62689644,0.0177,49.0,55.4,0.0,53.0,4986.0,4336.0,1.0,62.689644,90.0
569,1.0,-2.45,-0.6198141,0.0177,49.0,54.955555,0.0,96.0,4946.0,4336.0,1.0,61.981407,90.0
570,1.0,-2.45,-0.6020975,0.0094,49.0,52.444443,0.0,25.0,4720.0,4338.0,1.0,60.20975,90.0
571,1.0,-2.45,-0.6179053,0.0177,49.0,55.22222,0.0,54.0,4970.0,4338.0,1.0,61.79053,10.0
572,1.0,-2.45,-0.6175385,0.0176,49.0,54.644444,0.0,112.0,4918.0,4337.0,1.0,61.75385,90.0
573,1.0,-2.45,-0.61386687,0.0177,49.0,54.533333,0.0,82.0,4908.0,4338.0,1.0,61.38669,90.0
574,1.0,-2.45,-0.6170399,0.0177,49.0,54.91111,0.0,118.0,4942.0,4340.0,1.0,61.703995,90.0
575,1.0,-2.45,-0.61746484,0.0179,49.0,54.61111,0.0,91.0,4915.0,4340.0,1.0,61.746483,70.0
576,1.0,-2.45,-0.6097123,0.01,49.0,53.211113,0.0,27.0,4789.0,4340.0,1.0,60.97123,50.0
577,1.0,-2.45,-0.62296873,0.0177,49.0,55.555557,0.0,54.0,5000.0,4340.0,1.0,62.296875,90.0
578,1.0,-2.45,-0.6292654,0.0177,49.0,56.41111,0.0,87.0,5077.0,4339.0,1.0,62.926544,10.0
579,1.0,-2.45,-0.6252584,0.0177,49.0,56.31111,0.0,119.0,5068.0,4339.0,1.0,62.525837,50.0
580,1.0,-2.45,-0.62900454,0.0178,49.0,55.91111,0.0,154.0,5032.0,4340.0,1.0,62.90045,90.0
581,1.0,-2.45,-0.62494487,0.0177,49.0,56.5,0.0,72.0,5085.0,4340.0,1.0,62.494484,90.0
582,1.0,-2.45,-0.6157805,0.0146,49.0,54.566666,0.0,41.0,4911.0,4340.0,1.0,61.57805,70.0
583,1.0,-2.45,-0.61341596,0.0176,49.0,54.466667,0.0,90.0,4902.0,4340.0,1.0,61.341595,70.0
584,1.0,-2.45,-0.6199121,0.0176,49.0,54.766666,0.0,85.0,4929.0,4340.0,1.0,61.991207,70.0
585,1.0,-2.45,-0.61559916,0.0178,49.0,54.766666,0.0,144.0,4929.0,4341.0,1.0,61.559917,70.0
586,1.0,-2.45,-0.6173041,0.0176,49.0,55.433334,0.0,129.0,4989.0,4340.0,1.0,61.73041,30.0
587,1.0,-2.45,-0.60424215,0.0089,49.0,53.02222,0.0,24.0,4772.0,4340.0,1.0,60.424213,70.0
588,1.0,-2.45,-0.6148825,0.0177,49.0,54.88889,0.0,72.0,4940.0,4340.0,1.0,61.48825,70.0
589,1.0,-2.45,-0.5745097,0.0065,49.0,49.0,0.0,17.0,4410.0,4340.0,1.0,57.45097,70.0
590,1.0,-2.45,-0.6311055,0.0178,49.0,56.61111,0.0,55.0,5095.0,4340.0,1.0,63.110546,30.0
591,1.0,-2.45,-0.62766594,0.0176,49.0,56.833332,0.0,63.0,5115.0,4340.0,1.0,62.766594,90.0
592,1.0,-2.45,-0.61207473,0.0082,49.0,54.133335,0.0,22.0,4872.0,4341.0,1.0,61.207474,30.0
593,1.0,-2.45,-0.63802314,0.0175,49.0,57.744446,0.0,84.0,5197.0,4340.0,1.0,63.80231,90.0
594,1.0,-2.45,-0.6391976,0.0176,49.0,57.988888,0.0,64.0,5219.0,4340.0,1.0,63.919758,90.0
595,1.0,-2.45,-0.6352112,0.0179,49.0,57.68889,0.0,57.0,5192.0,4340.0,1.0,63.521126,90.0
596,1.0,-2.45,-0.6170994,0.0175,49.0,55.333332,0.0,75.0,4980.0,4340.0,1.0,61.709938,50.0
597,1.0,-2.45,-0.615678,0.0177,49.0,54.755554,0.0,100.0,4928.0,4341.0,1.0,61.5678,50.0
598,1.0,-2.45,-0.6037224,0.0096,49.0,53.41111,0.0,26.0,4807.0,4340.0,1.0,60.37224,50.0
599,1.0,-2.45,-0.6104197,0.012,49.0,53.666668,0.0,33.0,4830.0,4340.0,1.0,61.04197,90.0
600,1.0,-2.45,-0.6237264,0.0179,49.0,55.944443,0.0,72.0,5035.0,4340.0,1.0,62.372643,30.0
601,1.0,-2.45,-0.6238505,0.0177,49.0,56.266666,0.0,78.0,5064.0,4341.0,1.0,62.38505,50.0
602,1.0,-2.45,-0.631628,0.0176,49.0,56.711113,0.0,142.0,5104.0,4341.0,1.0,63.1628,30.0
603,1.0,-2.45,-0.6275163,0.0177,49.0,56.81111,0.0,127.0,5113.0,4340.0,1.0,62.751633,90.0
604,1.0,-2.45,-0.6306982,0.0177,49.0,57.355556,0.0,134.0,5162.0,4341.0,1.0,63.06982,50.0
605,1.0,-2.45,-0.634175,0.0178,49.0,57.655556,0.0,137.0,5189.0,4340.0,1.0,63.4175,50.0
606,1.0,-2.45,-0.6326339,0.0177,49.0,57.355556,0.0,145.0,5162.0,4341.0,1.0,63.263393,50.0
607,1.0,-2.45,-0.632168,0.0175,49.0,58.133335,0.0,125.0,5232.0,4340.0,1.0,63.2168,70.0
608,1.0,-2.45,-0.637944,0.0176,49.0,58.31111,0.0,104.0,5248.0,4340.0,1.0,63.7944,50.0
609,1.0,-2.45,-0.6432282,0.0175,49.0,58.244446,0.0,75.0,5242.0,4340.0,1.0,64.322815,90.0
610,1.0,-2.45,-0.641253,0.0177,49.0,57.955555,0.0,82.0,5216.0,4340.0,1.0,64.1253,90.0
611,1.0,-2.45,-0.6255805,0.0177,49.0,56.5,0.0,70.0,5085.0,4341.0,1.0,62.55805,90.0
612,1.0,-2.45,-0.6101286,0.0088,49.0,54.433334,0.0,24.0,4899.0,4341.0,1.0,61.01286,30.0
613,1.0,-2.45,-0.63156104,0.0176,49.0,57.244446,0.0,81.0,5152.0,4341.0,1.0,63.1561,10.0
614,1.0,-2.45,-0.32465762,0.0029,49.0,11.955556,0.0,5.0,1076.0,4341.0,1.0,32.465763,30.0
615,1.0,-2.45,-0.3411285,0.0031,49.0,14.288889,0.0,6.0,1286.0,4340.0,1.0,34.11285,10.0
616,1.0,-2.45,-0.63659453,0.0168,49.0,58.6,0.0,48.0,5274.0,4341.0,1.0,63.65945,10.0
617,1.0,-2.45,-0.63860327,0.0173,49.0,58.433334,0.0,49.0,5259.0,4340.0,1.0,63.86033,70.0
618,1.0,-2.45,-0.6383889,0.0176,49.0,58.255554,0.0,85.0,5243.0,4341.0,1.0,63.838886,90.0
619,1.0,-2.45,-0.64086413,0.0177,49.0,58.744446,0.0,65.0,5287.0,4340.0,1.0,64.08641,50.0
620,1.0,-2.45,-0.64824784,0.0174,49.0,59.22222,0.0,81.0,5330.0,4342.0,1.0,64.82478,70.0
621,1.0,-2.45,-0.6403808,0.0176,49.0,58.211113,0.0,133.0,5239.0,4341.0,1.0,64.03808,90.0
622,1.0,-2.45,-0.6312169,0.0125,49.0,56.744446,0.0,35.0,5107.0,4342.0,1.0,63.12169,10.0
623,1.0,-2.45,-0.36227646,0.0029,49.0,16.566668,0.0,5.0,1491.0,4340.0,1.0,36.227646,30.0
624,1.0,-2.45,-0.6352447,0.0178,49.0,57.288887,0.0,75.0,5156.0,4341.0,1.0,63.524475,30.0
625,1.0,-2.45,-0.37012282,0.0041,49.0,18.544445,0.0,10.0,1669.0,4340.0,1.0,37.012283,30.0
626,1.0,-2.45,-0.64288497,0.0174,49.0,58.555557,0.0,76.0,5270.0,4343.0,1.0,64.2885,10.0
627,1.0,-2.45,-0.62251896,0.0102,49.0,56.233334,0.0,28.0,5061.0,4340.0,1.0,62.251896,50.0
628,1.0,-2.45,-0.6269725,0.0111,49.0,56.77778,0.0,31.0,5110.0,4340.0,1.0,62.69725,70.0
629,1.0,-2.45,-0.6439354,0.0178,49.0,58.58889,0.0,84.0,5273.0,4340.0,1.0,64.39354,90.0
630,1.0,-2.45,-0.63167894,0.0119,49.0,57.166668,0.0,33.0,5145.0,4340.0,1.0,63.167892,50.0
631,1.0,-2.45,-0.6425556,0.0176,49.0,58.555557,0.0,138.0,5270.0,4340.0,1.0,64.25556,10.0
632,1.0,-2.45,-0.6384951,0.0176,49.0,58.077778,0.0,106.0,5227.0,4341.0,1.0,63.84951,10.0
633,1.0,-2.45,-0.63422537,0.0165,49.0,57.711113,0.0,47.0,5194.0,4340.0,1.0,63.42254,50.0
634,1.0,-2.45,-0.3850976,0.0038,49.0,20.566668,0.0,9.0,1851.0,4340.0,1.0,38.509758,50.0
635,1.0,-2.45,-0.37396663,0.0034,49.0,19.01111,0.0,7.0,1711.0,4341.0,1.0,37.396664,30.0
636,1.0,-2.45,-0.51350105,0.0046,49.0,39.81111,0.0,12.0,3583.0,4340.0,1.0,51.350105,10.0
637,1.0,-2.45,-0.46709555,0.0036,49.0,34.288887,0.0,8.0,3086.0,4340.0,1.0,46.709557,30.0
638,1.0,-2.45,-0.447589,0.0034,49.0,31.155556,0.0,7.0,2804.0,4341.0,1.0,44.7589,90.0
639,1.0,-2.45,-0.4197005,0.0032,49.0,25.688889,0.0,6.0,2312.0,4340.0,1.0,41.97005,70.0
640,1.0,-2.45,-0.49062806,0.0038,49.0,38.677776,0.0,9.0,3481.0,4340.0,1.0,49.062805,30.0
641,1.0,-2.2,-0.5492498,0.0057,44.0,62.87143,0.0,15.0,4401.0,3378.0,1.0,54.92498,90.0
642,1.0,-2.2,-0.43937305,0.0038,44.0,32.977272,0.0,9.0,2902.0,4155.0,1.0,43.937305,70.0
643,1.0,-2.2,-0.4372988,0.004,44.0,32.625,0.0,10.0,2871.0,4155.0,1.0,43.72988,10.0
644,1.0,-2.2,-0.35848513,0.0032,44.0,20.852272,0.0,7.0,1835.0,4156.0,1.0,35.848515,10.0
645,1.0,-2.2,-0.35382968,0.0034,44.0,20.068182,0.0,8.0,1766.0,4155.0,1.0,35.38297,10.0
646,1.0,-2.2,-0.40437248,0.0052,44.0,27.727272,0.0,14.0,2440.0,4241.0,1.0,40.43725,30.0
647,1.0,-1.9,-0.3306577,0.0038,38.0,24.697369,0.0,9.0,1877.0,3666.0,1.0,33.06577,10.0
648,1.0,-1.9,-0.3255054,0.0035,38.0,23.802631,0.0,8.0,1809.0,3666.0,1.0,32.55054,90.0
649,1.0,-1.9,-0.31736764,0.0033,38.0,22.289474,0.0,7.0,1694.0,3666.0,1.0,31.736763,90.0
650,1.0,-1.9,-0.32733363,0.0032,38.0,24.460526,0.0,7.0,1859.0,3666.0,1.0,32.733364,10.0
651,1.0,-2.45,-0.7002751,0.0138,49.0,69.62791,0.0,38.0,5988.0,4056.0,1.0,70.02751,70.0
652,1.0,-2.45,-0.37467498,0.0038,49.0,19.211111,0.0,9.0,1729.0,4228.0,1.0,37.4675,70.0
653,1.0,-2.45,-0.36000252,0.0032,49.0,16.277779,0.0,6.0,1465.0,4228.0,1.0,36.00025,10.0
654,1.0,-2.45,-0.37383878,0.0037,49.0,19.11111,0.0,8.0,1720.0,4229.0,1.0,37.383877,70.0
655,1.0,-2.45,-0.36079186,0.0032,49.0,17.233334,0.0,6.0,1551.0,4243.0,1.0,36.079185,30.0
656,1.0,-2.45,-0.54482496,0.0057,49.0,44.455555,0.0,15.0,4001.0,4336.0,1.0,54.482494,90.0
657,1.0,-2.45,-0.5174048,0.0044,49.0,40.122223,0.0,11.0,3611.0,4337.0,1.0,51.740482,10.0
658,1.0,-2.45,-0.59842014,0.0061,49.0,52.033333,0.0,16.0,4683.0,4336.0,1.0,59.842014,50.0
659,1.0,-2.45,-0.43319282,0.0037,49.0,28.966667,0.0,8.0,2607.0,4337.0,1.0,43.319283,10.0
660,1.0,-2.45,-0.46853244,0.0043,49.0,33.033333,0.0,11.0,2973.0,4337.0,1.0,46.853245,30.0
661,1.0,-2.45,-0.62082475,0.0112,49.0,55.377777,0.0,31.0,4984.0,4336.0,1.0,62.082474,70.0
662,1.0,-2.45,-0.5104531,0.0061,49.0,38.88889,0.0,16.0,3500.0,4336.0,1.0,51.04531,90.0
663,1.0,-2.45,-0.53108263,0.0058,49.0,41.91111,0.0,15.0,3772.0,4337.0,1.0,53.10826,30.0
664,1.0,-2.45,-0.51402086,0.0051,49.0,39.755554,0.0,13.0,3578.0,4336.0,1.0,51.40209,70.0
665,1.0,-2.45,-0.4724591,0.0041,49.0,33.377777,0.0,10.0,3004.0,4336.0,1.0,47.24591,10.0
666,1.0,-2.45,-0.6155743,0.0106,49.0,54.244446,0.0,29.0,4882.0,4336.0,1.0,61.55743,50.0
667,1.0,-2.45,-0.5961616,0.0076,49.0,51.72222,0.0,20.0,4655.0,4336.0,1.0,59.616158,90.0
668,1.0,-2.45,-0.6249905,0.0132,49.0,56.577778,0.0,37.0,5092.0,4338.0,1.0,62.49905,10.0
669,1.0,-2.45,-0.63121206,0.0178,49.0,56.955555,0.0,143.0,5126.0,4338.0,1.0,63.121204,10.0
670,1.0,-2.45,-0.626096,0.0178,49.0,56.177776,0.0,121.0,5056.0,4337.0,1.0,62.6096,70.0
671,1.0,-2.45,-0.63263345,0.0176,49.0,57.18889,0.0,134.0,5147.0,4337.0,1.0,63.263344,10.0
672,1.0,-2.45,-0.62861127,0.0176,49.0,56.22222,0.0,80.0,5060.0,4337.0,1.0,62.861126,70.0
673,1.0,-2.45,-0.626525,0.0176,49.0,56.52222,0.0,83.0,5087.0,4337.0,1.0,62.6525,90.0
674,1.0,-2.45,-0.63030934,0.0177,49.0,56.61111,0.0,67.0,5095.0,4338.0,1.0,63.030937,90.0
675,1.0,-2.45,-0.6223127,0.0176,49.0,56.155556,0.0,62.0,5054.0,4337.0,1.0,62.23127,90.0
676,1.0,-2.45,-0.48054466,0.0058,49.0,35.144444,0.0,15.0,3163.0,4337.0,1.0,48.054466,90.0
677,1.0,-2.45,-0.61526716,0.0102,49.0,54.288887,0.0,28.0,4886.0,4337.0,1.0,61.52672,90.0
678,1.0,-2.45,-0.63059545,0.0178,49.0,55.8,0.0,126.0,5022.0,4337.0,1.0,63.059544,90.0
679,1.0,-2.45,-0.635227,0.0176,49.0,56.355556,0.0,92.0,5072.0,4337.0,1.0,63.5227,90.0
680,1.0,-2.45,-0.6263669,0.0176,49.0,55.255554,0.0,124.0,4973.0,4338.0,1.0,62.636692,50.0
681,1.0,-2.45,-0.62572306,0.0175,49.0,55.433334,0.0,142.0,4989.0,4337.0,1.0,62.572308,70.0
682,1.0,-2.45,-0.635698,0.0176,49.0,56.377777,0.0,70.0,5074.0,4337.0,1.0,63.5698,30.0
683,1.0,-2.45,-0.62846124,0.0177,49.0,55.877777,0.0,91.0,5029.0,4337.0,1.0,62.846127,50.0
684,1.0,-2.45,-0.622146,0.0108,49.0,54.422222,0.0,30.0,4898.0,4337.0,1.0,62.2146,50.0
685,1.0,-2.45,-0.63206077,0.0174,49.0,56.61111,0.0,112.0,5095.0,4339.0,1.0,63.206078,30.0
686,1.0,-2.45,-0.6303432,0.0177,49.0,55.9,0.0,107.0,5031.0,4336.0,1.0,63.034317,90.0
687,1.0,-2.45,-0.6282198,0.0176,49.0,55.41111,0.0,77.0,4987.0,4338.0,1.0,62.82198,10.0
688,1.0,-2.45,-0.63043135,0.0177,49.0,55.844444,0.0,122.0,5026.0,4338.0,1.0,63.043137,10.0
689,1.0,-2.45,-0.63024503,0.0175,49.0,56.0,0.0,53.0,5040.0,4336.0,1.0,63.0245,30.0
690,1.0,-2.45,-0.6209125,0.0177,49.0,54.77778,0.0,134.0,4930.0,4337.0,1.0,62.09125,30.0
691,1.0,-2.45,-0.6170018,0.0176,49.0,54.633335,0.0,110.0,4917.0,4338.0,1.0,61.700176,10.0
692,1.0,-2.45,-0.62191045,0.0176,49.0,55.4,0.0,118.0,4986.0,4337.0,1.0,62.191044,90.0
693,1.0,-2.45,-0.6215242,0.0178,49.0,54.844444,0.0,128.0,4936.0,4338.0,1.0,62.152424,90.0
694,1.0,-2.45,-0.6234552,0.0176,49.0,54.744446,0.0,130.0,4927.0,4337.0,1.0,62.34552,70.0
695,1.0,-2.45,-0.6242994,0.0176,49.0,54.88889,0.0,82.0,4940.0,4338.0,1.0,62.42994,50.0
696,1.0,-2.45,-0.6259853,0.0177,49.0,55.177776,0.0,88.0,4966.0,4338.0,1.0,62.59853,90.0
697,1.0,-2.45,-0.6347416,0.0176,49.0,56.7,0.0,132.0,5103.0,4340.0,1.0,63.474163,90.0
698,1.0,-2.45,-0.62823045,0.0179,49.0,55.27778,0.0,124.0,4975.0,4338.0,1.0,62.823048,90.0
699,1.0,-2.45,-0.62916744,0.0177,49.0,55.122223,0.0,113.0,4961.0,4338.0,1.0,62.916744,10.0
700,1.0,-2.45,-0.5976047,0.0094,49.0,52.52222,0.0,25.0,4727.0,4338.0,1.0,59.760468,30.0
701,1.0,-2.45,-0.63695425,0.0177,49.0,55.655556,0.0,59.0,5009.0,4339.0,1.0,63.695423,70.0
702,1.0,-2.45,-0.61092997,0.0178,49.0,54.644444,0.0,95.0,4918.0,4337.0,1.0,61.092995,10.0
703,1.0,-2.45,-0.6149478,0.0179,49.0,54.944443,0.0,133.0,4945.0,4338.0,1.0,61.49478,70.0
704,1.0,-2.45,-0.62313265,0.0176,49.0,55.011112,0.0,124.0,4951.0,4339.0,1.0,62.313263,70.0
705,1.0,-2.45,-0.6215311,0.0176,49.0,54.355556,0.0,108.0,4892.0,4340.0,1.0,62.153114,30.0
706,1.0,-2.45,-0.6153365,0.0102,49.0,53.266666,0.0,28.0,4794.0,4340.0,1.0,61.53365,10.0
707,1.0,-2.45,-0.6211357,0.0175,49.0,54.877777,0.0,106.0,4939.0,4340.0,1.0,62.11357,70.0
708,1.0,-2.45,-0.62144625,0.0178,49.0,54.855556,0.0,61.0,4937.0,4340.0,1.0,62.144627,50.0
709,1.0,-2.45,-0.6216051,0.0177,49.0,54.788887,0.0,110.0,4931.0,4340.0,1.0,62.16051,10.0
710,1.0,-2.45,-0.62390065,0.0178,49.0,55.077778,0.0,135.0,4957.0,4340.0,1.0,62.390068,50.0
711,1.0,-2.45,-0.62560815,0.0176,49.0,55.011112,0.0,188.0,4951.0,4340.0,1.0,62.560814,10.0
712,1.0,-2.45,-0.6235985,0.0176,49.0,54.988888,0.0,107.0,4949.0,4340.0,1.0,62.35985,30.0
713,1.0,-2.45,-0.6276163,0.0178,49.0,55.144444,0.0,80.0,4963.0,4341.0,1.0,62.761627,50.0
714,1.0,-2.45,-0.60686,0.0099,49.0,52.622223,0.0,27.0,4736.0,4341.0,1.0,60.686,10.0
715,1.0,-2.45,-0.6276961,0.0177,49.0,54.91111,0.0,90.0,4942.0,4342.0,1.0,62.76961,70.0
716,1.0,-2.45,-0.6314949,0.0177,49.0,55.322224,0.0,54.0,4979.0,4341.0,1.0,63.149487,70.0
717,1.0,-2.45,-0.5445867,0.0062,49.0,43.38889,0.0,16.0,3905.0,4344.0,1.0,54.45867,30.0
718,1.0,-2.45,-0.5271836,0.0051,49.0,40.27778,0.0,13.0,3625.0,4341.0,1.0,52.71836,10.0
719,1.0,-2.45,-0.49218202,0.0044,49.0,35.211113,0.0,11.0,3169.0,4341.0,1.0,49.2182,70.0
720,1.0,-2.45,-0.605603,0.0,1.0,0.0,0.0,0.0,0.0,0.0,0.0,0.0,50.0
721,-0.004999969,-0.5,-0.4258377,0.0201,10.0,307.9375,0.0,37.0,4927.0,728.0,1.0,42.58377,50.0
722,1.0,-1.45,-0.2223955,0.0028,29.0,17.37931,0.0,4.0,1008.0,2577.0,1.0,22.23955,70.0
723,1.0,-2.6,-0.7549864,0.0139,52.0,71.166664,0.0,39.0,6405.0,3983.0,1.0,75.49864,10.0
724,1.0,-2.6,-0.6773363,0.0177,52.0,60.88889,0.0,128.0,5480.0,4167.0,1.0,67.73363,50.0
725,1.0,-2.6,-0.6836719,0.0177,52.0,61.11111,0.0,61.0,5500.0,4248.0,1.0,68.36719,90.0
726,1.0,-2.6,-0.61011004,0.0061,52.0,50.788887,0.0,16.0,4571.0,4327.0,1.0,61.011,30.0
727,1.0,-2.6,-0.56774896,0.0047,52.0,45.066666,0.0,12.0,4056.0,4329.0,1.0,56.7749,10.0
728,1.0,-2.6,-0.66262704,0.0078,52.0,57.91111,0.0,21.0,5212.0,4327.0,1.0,66.2627,30.0
729,1.0,-2.6,-0.65245265,0.0082,52.0,56.7,0.0,22.0,5103.0,4328.0,1.0,65.24526,70.0
730,1.0,-2.6,-0.6706892,0.0176,52.0,59.455555,0.0,118.0,5351.0,4326.0,1.0,67.068924,30.0
731,1.0,-2.6,-0.6645604,0.0177,52.0,58.544445,0.0,59.0,5269.0,4325.0,1.0,66.45604,10.0
732,1.0,-2.6,-0.6592991,0.018,52.0,58.066666,0.0,56.0,5226.0,4325.0,1.0,65.92991,50.0
733,1.0,-2.6,-0.6765844,0.0177,52.0,60.555557,0.0,104.0,5450.0,4324.0,1.0,67.65844,30.0
734,1.0,-2.6,-0.5459047,0.0061,52.0,41.833332,0.0,16.0,3765.0,4327.0,1.0,54.59047,30.0
735,1.0,-2.6,-0.5216047,0.0044,52.0,38.27778,0.0,11.0,3445.0,4326.0,1.0,52.16047,30.0
736,1.0,-2.6,-0.67756355,0.0176,52.0,60.822224,0.0,75.0,5474.0,4325.0,1.0,67.756355,30.0
737,1.0,-2.6,-0.68042,0.0178,52.0,60.666668,0.0,118.0,5460.0,4326.0,1.0,68.042,70.0
738,1.0,-2.6,-0.67714524,0.0176,52.0,60.81111,0.0,116.0,5473.0,4325.0,1.0,67.71452,70.0
739,1.0,-2.6,-0.6482375,0.0076,52.0,56.666668,0.0,20.0,5100.0,4327.0,1.0,64.82375,90.0
740,1.0,-2.6,-0.6661897,0.0178,52.0,59.433334,0.0,110.0,5349.0,4327.0,1.0,66.618965,30.0
741,1.0,-2.6,-0.6647094,0.0179,52.0,58.733334,0.0,123.0,5286.0,4326.0,1.0,66.47094,90.0
742,1.0,-2.6,-0.65256333,0.0097,52.0,56.877777,0.0,26.0,5119.0,4326.0,1.0,65.25633,10.0
743,1.0,-2.6,-0.6598012,0.0178,52.0,58.211113,0.0,115.0,5239.0,4326.0,1.0,65.98012,50.0
744,1.0,-2.6,-0.5681829,0.0057,52.0,44.488888,0.0,15.0,4004.0,4328.0,1.0,56.818287,70.0
745,1.0,-2.6,-0.6556709,0.0177,52.0,57.633335,0.0,60.0,5187.0,4326.0,1.0,65.567085,70.0
746,1.0,-2.6,-0.46717125,0.0049,52.0,30.188889,0.0,13.0,2717.0,4328.0,1.0,46.717125,50.0
747,1.0,-2.6,-0.38167098,0.003,52.0,17.6,0.0,5.0,1584.0,4328.0,1.0,38.1671,70.0
748,1.0,-2.6,-0.38421798,0.0028,52.0,17.866667,0.0,5.0,1608.0,4329.0,1.0,38.4218,30.0
749,1.0,-2.6,-0.3771786,0.0026,52.0,17.166666,0.0,4.0,1545.0,4330.0,1.0,37.71786,10.0
750,1.0,-2.6,-0.3964998,0.0024,52.0,18.566668,0.0,3.0,1671.0,4328.0,1.0,39.649982,50.0
751,1.0,-2.35,-0.5922712,0.0073,47.0,75.08064,0.0,19.0,4655.0,2978.0,1.0,59.227123,30.0
752,1.0,-2.35,-0.34310725,0.0024,47.0,16.266666,0.0,2.0,1464.0,4191.0,1.0,34.310726,70.0
753,1.0,-2.35,-0.35597557,0.0029,47.0,17.788889,0.0,5.0,1601.0,4189.0,1.0,35.597557,90.0
754,1.0,-2.35,-0.3280174,0.0025,47.0,13.433333,0.0,3.0,1209.0,4190.0,1.0,32.801743,30.0
755,1.0,-2.35,-0.32479125,0.0026,47.0,12.888889,0.0,4.0,1160.0,4191.0,1.0,32.479126,10.0
756,1.0,-2.35,-0.3883118,0.004,47.0,22.322222,0.0,10.0,2009.0,4192.0,1.0,38.83118,70.0
757,1.0,-1.35,-0.24970762,0.0034,27.0,27.722221,0.0,7.0,1497.0,2594.0,1.0,24.970762,10.0
758,1.0,-1.35,-0.24271725,0.0023,27.0,25.11111,0.0,2.0,1356.0,2593.0,1.0,24.271725,10.0
759,1.0,-2.7,-0.73120046,0.0077,54.0,65.98889,0.0,20.0,5939.0,4141.0,1.0,73.12005,10.0
760,1.0,-2.7,-0.65304,0.0176,54.0,56.0,0.0,64.0,5040.0,4145.0,1.0,65.304,90.0
761,1.0,-2.7,-0.62470126,0.0069,54.0,51.266666,0.0,18.0,4614.0,4237.0,1.0,62.470123,30.0
762,1.0,-2.7,-0.6622219,0.018,54.0,56.666668,0.0,99.0,5100.0,4318.0,1.0,66.22219,10.0
763,1.0,-2.7,-0.6609778,0.0176,54.0,56.833332,0.0,127.0,5115.0,4320.0,1.0,66.09778,70.0
764,1.0,-2.7,-0.6590078,0.0177,54.0,56.11111,0.0,139.0,5050.0,4319.0,1.0,65.90078,70.0
765,1.0,-2.7,-0.6583983,0.0176,54.0,55.97778,0.0,130.0,5038.0,4318.0,1.0,65.83983,50.0
766,1.0,-2.7,-0.6500843,0.0177,54.0,55.52222,0.0,133.0,4997.0,4320.0,1.0,65.00843,10.0
767,1.0,-2.7,-0.6565091,0.0181,54.0,55.97778,0.0,123.0,5038.0,4319.0,1.0,65.65091,90.0
768,1.0,-2.7,-0.659232,0.0177,54.0,56.533333,0.0,127.0,5088.0,4318.0,1.0,65.9232,50.0
769,1.0,-2.7,-0.6561047,0.0178,54.0,56.033333,0.0,132.0,5043.0,4318.0,1.0,65.610466,10.0
770,1.0,-2.7,-0.660186,0.0177,54.0,56.533333,0.0,130.0,5088.0,4320.0,1.0,66.0186,90.0
771,1.0,-2.7,-0.65480316,0.0179,54.0,55.844444,0.0,146.0,5026.0,4318.0,1.0,65.480316,90.0
772,1.0,-2.7,-0.6516585,0.0178,54.0,55.433334,0.0,141.0,4989.0,4320.0,1.0,65.16585,50.0
773,1.0,-2.7,-0.65299124,0.0178,54.0,55.355556,0.0,131.0,4982.0,4318.0,1.0,65.299126,70.0
774,1.0,-2.7,-0.6599927,0.0178,54.0,55.755554,0.0,131.0,5018.0,4319.0,1.0,65.99927,10.0
775,1.0,-2.7,-0.6600862,0.0178,54.0,56.266666,0.0,132.0,5064.0,4320.0,1.0,66.00862,90.0
776,1.0,-2.7,-0.6566225,0.018,54.0,55.744446,0.0,147.0,5017.0,4319.0,1.0,65.662254,50.0
777,1.0,-2.7,-0.652173,0.0177,54.0,55.644444,0.0,166.0,5008.0,4321.0,1.0,65.2173,70.0
778,1.0,-2.7,-0.6510975,0.0176,54.0,55.533333,0.0,141.0,4998.0,4318.0,1.0,65.10975,10.0
779,1.0,-2.7,-0.65116996,0.0177,54.0,55.566666,0.0,159.0,5001.0,4318.0,1.0,65.117,30.0
780,1.0,-2.7,-0.65269434,0.0178,54.0,55.788887,0.0,160.0,5021.0,4318.0,1.0,65.26943,10.0
781,1.0,-2.7,-0.6595318,0.0178,54.0,56.6,0.0,164.0,5094.0,4320.0,1.0,65.95318,10.0
782,1.0,-2.7,-0.6539351,0.0178,54.0,55.08889,0.0,138.0,4958.0,4318.0,1.0,65.39351,90.0
783,1.0,-2.7,-0.6471233,0.0178,54.0,55.044445,0.0,150.0,4954.0,4319.0,1.0,64.712326,30.0
784,1.0,-2.7,-0.64553887,0.0178,54.0,54.52222,0.0,138.0,4907.0,4320.0,1.0,64.55389,50.0
785,1.0,-2.7,-0.65858495,0.0178,54.0,55.11111,0.0,145.0,4960.0,4323.0,1.0,65.8585,10.0
786,1.0,-2.7,-0.6492249,0.0181,54.0,54.7,0.0,131.0,4923.0,4321.0,1.0,64.922485,70.0
787,1.0,-2.7,-0.6381315,0.0179,54.0,54.266666,0.0,128.0,4884.0,4322.0,1.0,63.81315,90.0
788,1.0,-2.7,-0.64690566,0.0178,54.0,54.9,0.0,149.0,4941.0,4324.0,1.0,64.69057,50.0
789,1.0,-2.7,-0.6530682,0.0177,54.0,55.366665,0.0,128.0,4983.0,4322.0,1.0,65.306816,70.0
790,1.0,-2.7,-0.65882486,0.0177,54.0,56.244446,0.0,130.0,5062.0,4322.0,1.0,65.882484,30.0
791,1.0,-2.7,-0.6595209,0.0178,54.0,56.322224,0.0,126.0,5069.0,4322.0,1.0,65.952095,30.0
792,1.0,-2.7,-0.6561759,0.0177,54.0,55.5,0.0,123.0,4995.0,4322.0,1.0,65.61759,10.0
793,1.0,-2.7,-0.6462175,0.0177,54.0,54.822224,0.0,123.0,4934.0,4323.0,1.0,64.62175,90.0
794,1.0,-2.7,-0.64797586,0.0177,54.0,55.033333,0.0,125.0,4953.0,4322.0,1.0,64.797585,30.0
795,1.0,-2.7,-0.64147425,0.0177,54.0,54.533333,0.0,133.0,4908.0,4323.0,1.0,64.14742,70.0
796,1.0,-2.7,-0.6491868,0.018,54.0,54.18889,0.0,135.0,4877.0,4322.0,1.0,64.91868,50.0
797,1.0,-2.7,-0.645914,0.0177,54.0,54.755554,0.0,136.0,4928.0,4323.0,1.0,64.5914,70.0
798,1.0,-2.7,-0.64591247,0.0177,54.0,54.77778,0.0,131.0,4930.0,4322.0,1.0,64.59125,30.0
799,1.0,-2.7,-0.65161455,0.0177,54.0,54.844444,0.0,140.0,4936.0,4323.0,1.0,65.16145,70.0
800,1.0,-2.7,-0.6486008,0.0179,54.0,54.433334,0.0,123.0,4899.0,4323.0,1.0,64.860085,90.0
801,1.0,-2.7,-0.6473008,0.0178,54.0,54.466667,0.0,83.0,4902.0,4323.0,1.0,64.73008,90.0
802,1.0,-2.7,-0.65050024,0.0176,54.0,55.355556,0.0,59.0,4982.0,4324.0,1.0,65.050026,10.0
803,1.0,-2.7,-0.65182924,0.0176,54.0,55.3,0.0,135.0,4977.0,4325.0,1.0,65.18292,30.0
804,1.0,-2.7,-0.64910585,0.0175,54.0,55.31111,0.0,128.0,4978.0,4323.0,1.0,64.91058,90.0
805,1.0,-2.7,-0.6497947,0.0176,54.0,55.38889,0.0,128.0,4985.0,4323.0,1.0,64.97947,70.0
806,1.0,-2.7,-0.6469958,0.0179,54.0,54.622223,0.0,140.0,4916.0,4324.0,1.0,64.69958,50.0
807,1.0,-2.7,-0.64500123,0.0177,54.0,54.555557,0.0,125.0,4910.0,4323.0,1.0,64.50012,50.0
808,1.0,-2.7,-0.65176946,0.0177,54.0,54.91111,0.0,133.0,4942.0,4325.0,1.0,65.17695,70.0
809,1.0,-2.7,-0.6425576,0.0176,54.0,54.244446,0.0,128.0,4882.0,4324.0,1.0,64.25576,50.0
810,1.0,-2.7,-0.6478407,0.0176,54.0,54.655556,0.0,138.0,4919.0,4323.0,1.0,64.784065,70.0
811,1.0,-2.7,-0.64584357,0.0179,54.0,54.366665,0.0,155.0,4893.0,4323.0,1.0,64.58436,50.0
812,1.0,-2.7,-0.6447733,0.0177,54.0,54.455555,0.0,207.0,4901.0,4324.0,1.0,64.47733,10.0
813,1.0,-2.7,-0.6461944,0.0176,54.0,55.044445,0.0,255.0,4954.0,4324.0,1.0,64.61944,10.0
814,1.0,-2.7,-0.645768,0.0176,54.0,54.577778,0.0,262.0,4912.0,4324.0,1.0,64.5768,70.0
815,1.0,-2.7,-0.65161276,0.0177,54.0,55.044445,0.0,207.0,4954.0,4324.0,1.0,65.16128,30.0
816,1.0,-2.7,-0.6509615,0.0179,54.0,55.4,0.0,142.0,4986.0,4324.0,1.0,65.09615,90.0
817,1.0,-2.7,-0.6464588,0.0177,54.0,54.566666,0.0,65.0,4911.0,4325.0,1.0,64.64588,50.0
818,1.0,-2.7,-0.6248059,0.0076,54.0,51.177776,0.0,20.0,4606.0,4324.0,1.0,62.480595,90.0
819,1.0,-2.7,-0.6246664,0.0079,54.0,51.766666,0.0,21.0,4659.0,4324.0,1.0,62.466637,10.0
820,1.0,-2.7,-0.6492906,0.0177,54.0,54.444443,0.0,65.0,4900.0,4325.0,1.0,64.92906,70.0
821,1.0,-2.7,-0.64707243,0.0177,54.0,54.633335,0.0,54.0,4917.0,4324.0,1.0,64.707245,10.0
822,1.0,-2.7,-0.64056754,0.0177,54.0,54.377777,0.0,103.0,4894.0,4324.0,1.0,64.056755,90.0
823,1.0,-2.7,-0.64484847,0.0176,54.0,54.533333,0.0,114.0,4908.0,4324.0,1.0,64.48485,70.0
824,1.0,-2.7,-0.647071,0.0177,54.0,54.7,0.0,118.0,4923.0,4324.0,1.0,64.7071,30.0
825,1.0,-2.7,-0.64290965,0.0177,54.0,54.766666,0.0,109.0,4929.0,4324.0,1.0,64.29096,50.0
826,1.0,-2.7,-0.593237,0.0061,54.0,46.7,0.0,16.0,4203.0,4324.0,1.0,59.323696,10.0
827,1.0,-2.7,-0.66264653,0.0177,54.0,56.866665,0.0,121.0,5118.0,4324.0,1.0,66.264656,50.0
828,1.0,-2.7,-0.661237,0.0176,54.0,56.455555,0.0,84.0,5081.0,4324.0,1.0,66.1237,90.0
829,1.0,-2.7,-0.66082495,0.0177,54.0,56.81111,0.0,82.0,5113.0,4324.0,1.0,66.0825,90.0
830,1.0,-2.7,-0.34051272,0.0036,54.0,10.266666,0.0,8.0,924.0,4324.0,1.0,34.051273,50.0
831,1.0,-2.7,-0.6264595,0.0082,54.0,51.68889,0.0,22.0,4652.0,4324.0,1.0,62.64595,30.0
832,1.0,-2.7,-0.4572715,0.005,54.0,27.155556,0.0,13.0,2444.0,4324.0,1.0,45.72715,70.0
833,1.0,-2.7,-0.6183913,0.0075,54.0,50.47778,0.0,20.0,4543.0,4324.0,1.0,61.83913,90.0
834,1.0,-2.7,-0.6563556,0.0176,54.0,55.955555,0.0,70.0,5036.0,4324.0,1.0,65.63556,50.0
835,1.0,-2.7,-0.6404819,0.011,54.0,53.72222,0.0,30.0,4835.0,4325.0,1.0,64.04819,70.0
836,1.0,-2.7,-0.65055275,0.0139,54.0,55.52222,0.0,39.0,4997.0,4324.0,1.0,65.055275,90.0
837,1.0,-2.7,-0.65450424,0.0177,54.0,55.755554,0.0,74.0,5018.0,4324.0,1.0,65.450424,90.0
838,1.0,-2.7,-0.6555508,0.0176,54.0,56.044445,0.0,59.0,5044.0,4324.0,1.0,65.55508,30.0
839,1.0,-2.7,-0.65551376,0.0176,54.0,56.47778,0.0,136.0,5083.0,4325.0,1.0,65.55138,50.0
840,1.0,-2.7,-0.65954405,0.0179,54.0,56.555557,0.0,109.0,5090.0,4325.0,1.0,65.95441,70.0
841,1.0,-2.7,-0.6681252,0.0176,54.0,58.566666,0.0,56.0,5271.0,4325.0,1.0,66.81252,30.0
842,1.0,-2.7,-0.669609,0.0177,54.0,57.922222,0.0,74.0,5213.0,4324.0,1.0,66.9609,90.0
843,1.0,-2.7,-0.6512702,0.0176,54.0,55.422222,0.0,57.0,4988.0,4324.0,1.0,65.12702,30.0
844,1.0,-2.7,-0.6404808,0.0176,54.0,54.5,0.0,99.0,4905.0,4325.0,1.0,64.04808,10.0
845,1.0,-2.7,-0.65058225,0.0177,54.0,55.322224,0.0,59.0,4979.0,4326.0,1.0,65.05823,50.0
846,1.0,-2.7,-0.6575875,0.0177,54.0,56.11111,0.0,59.0,5050.0,4325.0,1.0,65.75875,70.0
847,1.0,-2.7,-0.6462539,0.0142,54.0,55.166668,0.0,40.0,4965.0,4324.0,1.0,64.62539,10.0
848,1.0,-2.7,-0.6497392,0.0176,54.0,55.97778,0.0,52.0,5038.0,4324.0,1.0,64.97392,10.0
849,1.0,-2.7,-0.66295344,0.0176,54.0,56.91111,0.0,77.0,5122.0,4324.0,1.0,66.29534,10.0
850,1.0,-2.7,-0.6595683,0.0178,54.0,56.744446,0.0,82.0,5107.0,4326.0,1.0,65.95683,50.0
851,1.0,-2.7,-0.6696372,0.0176,54.0,57.855556,0.0,61.0,5207.0,4325.0,1.0,66.96372,10.0
852,1.0,-2.7,-0.6699649,0.0172,54.0,58.211113,0.0,49.0,5239.0,4325.0,1.0,66.99649,50.0
853,1.0,-2.7,-0.67742944,0.0176,54.0,58.744446,0.0,103.0,5287.0,4325.0,1.0,67.74294,50.0
854,1.0,-2.7,-0.661526,0.0177,54.0,57.955555,0.0,75.0,5216.0,4325.0,1.0,66.1526,50.0
855,1.0,-2.7,-0.6711864,0.0178,54.0,58.38889,0.0,100.0,5255.0,4326.0,1.0,67.11864,30.0
856,1.0,-2.7,-0.67481285,0.0177,54.0,58.533333,0.0,115.0,5268.0,4325.0,1.0,67.481285,50.0
857,1.0,-2.7,-0.6549203,0.0176,54.0,56.044445,0.0,70.0,5044.0,4325.0,1.0,65.49203,30.0
858,1.0,-2.7,-0.65159273,0.0177,54.0,56.344444,0.0,56.0,5071.0,4325.0,1.0,65.15927,90.0
859,1.0,-2.7,-0.6587015,0.0177,54.0,56.711113,0.0,54.0,5104.0,4325.0,1.0,65.87015,70.0
860,1.0,-2.7,-0.65817183,0.018,54.0,56.333332,0.0,144.0,5070.0,4325.0,1.0,65.817184,10.0
861,1.0,-2.7,-0.66597587,0.0177,54.0,57.255554,0.0,66.0,5153.0,4325.0,1.0,66.59759,90.0
862,1.0,-2.7,-0.6739012,0.0177,54.0,58.377777,0.0,139.0,5254.0,4326.0,1.0,67.39012,10.0
863,1.0,-2.7,-0.6680199,0.0177,54.0,57.833332,0.0,135.0,5205.0,4325.0,1.0,66.80199,90.0
864,1.0,-2.7,-0.6656978,0.0176,54.0,57.755554,0.0,120.0,5198.0,4326.0,1.0,66.56978,90.0
865,1.0,-2.7,-0.4211055,0.0038,54.0,21.866667,0.0,9.0,1968.0,4327.0,1.0,42.11055,30.0
866,1.0,-2.7,-0.6801144,0.0175,54.0,59.155556,0.0,133.0,5324.0,4328.0,1.0,68.01144,30.0
867,1.0,-2.7,-0.6713453,0.0177,54.0,58.055557,0.0,134.0,5225.0,4327.0,1.0,67.13453,10.0
868,1.0,-2.7,-0.36473915,0.0027,54.0,13.544444,0.0,4.0,1219.0,4327.0,1.0,36.473915,90.0
869,1.0,-2.7,-0.66988426,0.0174,54.0,58.655556,0.0,124.0,5279.0,4328.0,1.0,66.98843,30.0
870,1.0,-2.7,-0.6678474,0.0176,54.0,57.855556,0.0,63.0,5207.0,4327.0,1.0,66.78474,70.0
871,1.0,-2.7,-0.66281915,0.0175,54.0,56.822224,0.0,142.0,5114.0,4328.0,1.0,66.28191,90.0
872,1.0,-2.7,-0.67239267,0.0169,54.0,58.08889,0.0,48.0,5228.0,4327.0,1.0,67.239265,50.0
873,1.0,-2.7,-0.66767853,0.0175,54.0,58.622223,0.0,108.0,5276.0,4327.0,1.0,66.76785,10.0
874,1.0,-2.7,-0.67558134,0.0175,54.0,58.288887,0.0,56.0,5246.0,4327.0,1.0,67.558136,30.0
875,1.0,-2.7,-0.67692244,0.0177,54.0,58.766666,0.0,83.0,5289.0,4328.0,1.0,67.692245,10.0
876,1.0,-2.7,-0.40690807,0.0038,54.0,19.844444,0.0,9.0,1786.0,4327.0,1.0,40.690807,90.0
877,1.0,-2.7,-0.39328355,0.0033,54.0,18.211111,0.0,7.0,1639.0,4327.0,1.0,39.328354,50.0
878,1.0,-2.7,-0.3888145,0.0024,54.0,18.177778,0.0,2.0,1636.0,4327.0,1.0,38.88145,90.0
879,1.0,-2.7,-0.4012078,0.0027,54.0,19.166666,0.0,4.0,1725.0,4327.0,1.0,40.12078,10.0
880,1.0,-2.7,-0.40078038,0.0025,54.0,18.622223,0.0,3.0,1676.0,4328.0,1.0,40.078037,30.0
881,1.0,-1.25,-0.32854098,0.0045,25.0,53.04,0.0,11.0,2652.0,2405.0,1.0,32.8541,70.0
882,1.0,-1.45,-0.279268,0.0025,29.0,27.724138,0.0,3.0,1608.0,2750.0,1.0,27.9268,90.0
883,1.0,-1.45,-0.25650737,0.0026,29.0,25.827587,0.0,4.0,1498.0,2750.0,1.0,25.650738,50.0
884,1.0,-1.45,-0.2518445,0.0027,29.0,23.655172,0.0,4.0,1372.0,2750.0,1.0,25.18445,70.0
885,1.0,-1.45,-0.26186892,0.0031,29.0,25.637932,0.0,6.0,1487.0,2750.0,1.0,26.186892,50.0
886,1.0,-1.45,-0.33988044,0.0038,29.0,42.431034,0.0,9.0,2461.0,2790.0,1.0,33.988045,90.0
887,1.0,-1.25,-0.257855,0.0032,25.0,32.64,0.0,6.0,1632.0,2405.0,1.0,25.7855,50.0
888,1.0,-1.25,-0.21887016,0.0025,25.0,24.98,0.0,3.0,1249.0,2406.0,1.0,21.887016,70.0
889,1.0,-1.25,-0.25321624,0.0029,25.0,31.44,0.0,5.0,1572.0,2405.0,1.0,25.321625,30.0
890,1.0,-1.25,-0.24465722,0.0024,25.0,30.62,0.0,2.0,1531.0,2407.0,1.0,24.465721,30.0
891,1.0,-2.2,-0.62511164,0.013,44.0,60.647728,0.0,35.0,5337.0,4053.0,1.0,62.511166,70.0
892,1.0,-2.2,-0.30688,0.0027,44.0,12.340909,0.0,4.0,1086.0,4058.0,1.0,30.688,70.0
893,1.0,-2.2,-0.30037114,0.0027,44.0,12.238636,0.0,4.0,1077.0,4057.0,1.0,30.037113,90.0
894,1.0,-2.2,-0.32267934,0.0027,44.0,14.522727,0.0,4.0,1278.0,4058.0,1.0,32.267933,90.0
895,1.0,-2.2,-0.33520687,0.0029,44.0,17.602272,0.0,5.0,1549.0,4058.0,1.0,33.520687,50.0
896,1.0,-2.2,-0.46441066,0.0038,44.0,36.261364,0.0,9.0,3191.0,4216.0,1.0,46.441067,10.0
897,1.0,-1.6,-0.40721643,0.0036,32.0,50.390625,0.0,8.0,3225.0,3087.0,1.0,40.72164,10.0
898,1.0,-1.6,-0.37069312,0.0033,32.0,43.28125,0.0,7.0,2770.0,3085.0,1.0,37.069313,50.0
899,1.0,-1.6,-0.3844479,0.0041,32.0,45.015625,0.0,10.0,2881.0,3086.0,1.0,38.44479,10.0
900,1.0,-1.6,-0.27839023,0.0031,32.0,23.859375,0.0,6.0,1527.0,3085.0,1.0,27.839022,10.0
901,1.0,-2.25,-0.62623155,0.0168,45.0,58.3,0.0,47.0,5247.0,4210.0,1.0,62.623154,30.0
902,1.0,-2.25,-0.30701235,0.0031,45.0,11.877778,0.0,6.0,1069.0,4212.0,1.0,30.701235,90.0
903,1.0,-2.25,-0.3372974,0.0037,45.0,16.211111,0.0,9.0,1459.0,4214.0,1.0,33.72974,90.0
904,1.0,-2.25,-0.3109446,0.0031,45.0,12.4777775,0.0,6.0,1123.0,4214.0,1.0,31.09446,50.0
905,1.0,-2.25,-0.37657556,0.0038,45.0,22.033333,0.0,9.0,1983.0,4271.0,1.0,37.657555,70.0
906,1.0,-2.25,-0.5248953,0.005,45.0,43.52222,0.0,13.0,3917.0,4340.0,1.0,52.489532,30.0
907,1.0,-2.35,-0.65360236,0.0101,47.0,61.3,0.0,27.0,5517.0,4279.0,1.0,65.36024,50.0
908,1.0,-2.35,-0.60754263,0.0092,47.0,53.91111,0.0,25.0,4852.0,4280.0,1.0,60.75426,70.0
909,1.0,-2.35,-0.53183496,0.0069,47.0,42.833332,0.0,18.0,3855.0,4281.0,1.0,53.1835,50.0
910,1.0,-2.35,-0.4548472,0.0043,47.0,31.711111,0.0,11.0,2854.0,4339.0,1.0,45.48472,70.0
911,1.0,-2.35,-0.60625,0.0151,47.0,53.333332,0.0,42.0,4800.0,4339.0,1.0,60.625,10.0
912,1.0,-2.35,-0.59813595,0.0075,47.0,52.7,0.0,20.0,4743.0,4338.0,1.0,59.813595,50.0
913,1.0,-2.35,-0.5880114,0.0072,47.0,51.18889,0.0,19.0,4607.0,4338.0,1.0,58.801136,70.0
914,1.0,-2.35,-0.55136275,0.0066,47.0,45.466667,0.0,17.0,4092.0,4338.0,1.0,55.136276,50.0
915,1.0,-2.35,-0.44582313,0.0046,47.0,30.533333,0.0,12.0,2748.0,4339.0,1.0,44.582314,90.0
916,1.0,-2.35,-0.6058037,0.0092,47.0,54.033333,0.0,25.0,4863.0,4339.0,1.0,60.580376,70.0
917,1.0,-2.35,-0.6223855,0.0175,47.0,56.822224,0.0,66.0,5114.0,4338.0,1.0,62.23855,10.0
918,1.0,-2.35,-0.62114626,0.0163,47.0,55.788887,0.0,46.0,5021.0,4339.0,1.0,62.114628,30.0
919,1.0,-2.35,-0.61972654,0.0179,47.0,55.833332,0.0,117.0,5025.0,4339.0,1.0,61.972656,10.0
920,1.0,-2.35,-0.6219923,0.0176,47.0,55.91111,0.0,84.0,5032.0,4338.0,1.0,62.199226,50.0
921,1.0,-2.35,-0.6232015,0.0175,47.0,56.2,0.0,71.0,5058.0,4338.0,1.0,62.32015,30.0
922,1.0,-2.35,-0.61038554,0.0088,47.0,54.52222,0.0,24.0,4907.0,4338.0,1.0,61.03855,10.0
923,1.0,-2.35,-0.62076235,0.0089,47.0,54.27778,0.0,24.0,4885.0,4339.0,1.0,62.076233,10.0
924,1.0,-2.35,-0.59992635,0.0089,47.0,53.133335,0.0,24.0,4782.0,4341.0,1.0,59.992638,70.0
925,1.0,-2.35,-0.5980825,0.0085,47.0,52.8,0.0,23.0,4752.0,4338.0,1.0,59.80825,30.0
926,1.0,-2.35,-0.604663,0.0129,47.0,54.133335,0.0,36.0,4872.0,4338.0,1.0,60.4663,70.0
927,1.0,-2.35,-0.6099858,0.0175,47.0,55.3,0.0,90.0,4977.0,4338.0,1.0,60.998585,10.0
928,1.0,-2.35,-0.6079666,0.0176,47.0,54.91111,0.0,53.0,4942.0,4338.0,1.0,60.796658,70.0
929,1.0,-2.35,-0.62480253,0.0179,47.0,56.47778,0.0,96.0,5083.0,4338.0,1.0,62.480255,70.0
930,1.0,-2.35,-0.60809106,0.0092,47.0,54.211113,0.0,25.0,4879.0,4338.0,1.0,60.809105,10.0
931,1.0,-2.6,-0.651858,0.0176,52.0,56.52222,0.0,54.0,5087.0,4338.0,1.0,65.1858,70.0
932,1.0,-2.6,-0.6526655,0.0176,52.0,56.8,0.0,112.0,5112.0,4338.0,1.0,65.26655,10.0
933,1.0,-2.6,-0.650159,0.0176,52.0,56.3,0.0,82.0,5067.0,4339.0,1.0,65.0159,90.0
934,1.0,-2.6,-0.6494675,0.0178,52.0,56.544445,0.0,118.0,5089.0,4339.0,1.0,64.946754,90.0
935,1.0,-2.6,-0.6446335,0.0176,52.0,55.91111,0.0,91.0,5032.0,4339.0,1.0,64.46335,10.0
936,1.0,-2.6,-0.6390101,0.0098,52.0,54.033333,0.0,27.0,4863.0,4339.0,1.0,63.901005,90.0
937,1.0,-2.6,-0.6441141,0.0176,52.0,55.744446,0.0,54.0,5017.0,4340.0,1.0,64.41141,90.0
938,1.0,-2.6,-0.6477845,0.0178,52.0,55.866665,0.0,87.0,5028.0,4340.0,1.0,64.77845,10.0
939,1.0,-2.6,-0.64337957,0.0176,52.0,55.366665,0.0,119.0,4983.0,4341.0,1.0,64.33796,50.0
940,1.0,-2.6,-0.6392064,0.0176,52.0,55.122223,0.0,154.0,4961.0,4340.0,1.0,63.920643,30.0
941,1.0,-2.6,-0.6321759,0.0176,52.0,54.27778,0.0,72.0,4885.0,4341.0,1.0,63.217594,90.0
942,1.0,-2.6,-0.629816,0.0147,52.0,54.066666,0.0,41.0,4866.0,4341.0,1.0,62.9816,90.0
943,1.0,-2.6,-0.6443893,0.0178,52.0,56.266666,0.0,90.0,5064.0,4341.0,1.0,64.43893,10.0
944,1.0,-2.6,-0.65077037,0.0176,52.0,56.41111,0.0,85.0,5077.0,4341.0,1.0,65.077034,30.0
945,1.0,-2.6,-0.64327896,0.0176,52.0,55.988888,0.0,144.0,5039.0,4342.0,1.0,64.327896,70.0
946,1.0,-2.6,-0.6404146,0.0176,52.0,55.41111,0.0,129.0,4987.0,4341.0,1.0,64.04146,90.0
947,1.0,-2.6,-0.6278469,0.0088,52.0,52.844444,0.0,24.0,4756.0,4341.0,1.0,62.784687,30.0
948,1.0,-2.6,-0.6421768,0.0179,52.0,55.622223,0.0,72.0,5006.0,4342.0,1.0,64.21768,30.0
949,1.0,-2.6,-0.5976514,0.0065,52.0,48.822224,0.0,17.0,4394.0,4341.0,1.0,59.765144,90.0
950,1.0,-2.6,-0.6438377,0.0176,52.0,55.955555,0.0,55.0,5036.0,4342.0,1.0,64.383766,70.0
951,1.0,-2.6,-0.64122254,0.0177,52.0,54.655556,0.0,63.0,4919.0,4341.0,1.0,64.12225,50.0
952,1.0,-2.6,-0.62041885,0.0082,52.0,52.455555,0.0,22.0,4721.0,4342.0,1.0,62.041885,30.0
953,1.0,-2.6,-0.6498291,0.0179,52.0,55.844444,0.0,84.0,5026.0,4341.0,1.0,64.98291,50.0
954,1.0,-2.6,-0.64245665,0.0177,52.0,55.8,0.0,64.0,5022.0,4341.0,1.0,64.24567,90.0
955,1.0,-2.6,-0.6401095,0.0176,52.0,55.366665,0.0,57.0,4983.0,4341.0,1.0,64.01095,90.0
956,1.0,-2.6,-0.64828277,0.0177,52.0,56.18889,0.0,75.0,5057.0,4341.0,1.0,64.82828,30.0
957,1.0,-2.6,-0.6489231,0.0176,52.0,56.144444,0.0,100.0,5053.0,4342.0,1.0,64.89231,50.0
958,1.0,-2.6,-0.63146996,0.0097,52.0,53.77778,0.0,26.0,4840.0,4341.0,1.0,63.147,50.0
959,1.0,-2.6,-0.625788,0.012,52.0,53.47778,0.0,33.0,4813.0,4344.0,1.0,62.5788,50.0
960,1.0,-2.6,-0.6467684,0.0176,52.0,56.244446,0.0,72.0,5062.0,4341.0,1.0,64.67684,70.0
961,1.0,-2.6,-0.6397876,0.0177,52.0,55.433334,0.0,78.0,4989.0,4341.0,1.0,63.978764,30.0
962,1.0,-2.6,-0.6445494,0.0177,52.0,55.333332,0.0,142.0,4980.0,4341.0,1.0,64.45494,10.0
963,1.0,-2.6,-0.6370582,0.0179,52.0,54.922222,0.0,127.0,4943.0,4341.0,1.0,63.705822,30.0
964,1.0,-2.6,-0.64211106,0.0177,52.0,55.544445,0.0,134.0,4999.0,4341.0,1.0,64.211105,90.0
965,1.0,-2.6,-0.63640046,0.0178,52.0,55.577778,0.0,137.0,5002.0,4341.0,1.0,63.64005,10.0
966,1.0,-2.6,-0.64674324,0.0177,52.0,55.988888,0.0,145.0,5039.0,4341.0,1.0,64.674324,90.0
967,1.0,-2.6,-0.65279764,0.0176,52.0,56.58889,0.0,125.0,5093.0,4342.0,1.0,65.27976,70.0
968,1.0,-2.6,-0.64842707,0.0178,52.0,56.255554,0.0,104.0,5063.0,4341.0,1.0,64.842705,30.0
969,1.0,-2.6,-0.6524582,0.0176,52.0,56.677776,0.0,75.0,5101.0,4341.0,1.0,65.24582,10.0
970,1.0,-2.6,-0.6592739,0.0176,52.0,57.266666,0.0,82.0,5154.0,4343.0,1.0,65.92739,10.0
971,1.0,-2.6,-0.64450777,0.0177,52.0,55.733334,0.0,70.0,5016.0,4341.0,1.0,64.450775,90.0
972,1.0,-2.6,-0.6238203,0.0089,52.0,52.77778,0.0,24.0,4750.0,4342.0,1.0,62.38203,90.0
973,1.0,-2.6,-0.6453306,0.0178,52.0,55.177776,0.0,81.0,4966.0,4341.0,1.0,64.53306,90.0
974,1.0,-2.6,-0.3197336,0.0029,52.0,8.722222,0.0,5.0,785.0,4341.0,1.0,31.97336,50.0
975,1.0,-2.6,-0.3245339,0.003,52.0,9.4,0.0,6.0,846.0,4341.0,1.0,32.453392,30.0
976,1.0,-2.6,-0.64364755,0.0168,52.0,55.72222,0.0,48.0,5015.0,4341.0,1.0,64.36475,90.0
977,1.0,-2.6,-0.6506684,0.0172,52.0,56.511112,0.0,49.0,5086.0,4341.0,1.0,65.06684,90.0
978,1.0,-2.6,-0.6552266,0.0178,52.0,56.77778,0.0,85.0,5110.0,4341.0,1.0,65.52266,50.0
979,1.0,-2.6,-0.66095,0.0175,52.0,57.6,0.0,65.0,5184.0,4341.0,1.0,66.095,10.0
980,1.0,-2.6,-0.65641403,0.0176,52.0,57.6,0.0,81.0,5184.0,4341.0,1.0,65.6414,90.0
981,1.0,-2.6,-0.6554655,0.0176,52.0,57.08889,0.0,133.0,5138.0,4341.0,1.0,65.54655,10.0
982,1.0,-2.6,-0.65032774,0.0125,52.0,56.6,0.0,35.0,5094.0,4341.0,1.0,65.032776,90.0
983,1.0,-2.6,-0.3606447,0.003,52.0,15.444445,0.0,5.0,1390.0,4341.0,1.0,36.06447,70.0
984,1.0,-2.6,-0.66643053,0.0176,52.0,57.711113,0.0,75.0,5194.0,4341.0,1.0,66.64305,10.0
985,1.0,-2.6,-0.34898826,0.0041,52.0,13.322222,0.0,10.0,1199.0,4341.0,1.0,34.898827,50.0
986,1.0,-2.6,-0.6632368,0.0178,52.0,55.377777,0.0,76.0,4984.0,4341.0,1.0,66.32368,70.0
987,1.0,-2.6,-0.6327857,0.0103,52.0,54.18889,0.0,28.0,4877.0,4341.0,1.0,63.27857,30.0
988,1.0,-2.6,-0.63077253,0.0114,52.0,54.633335,0.0,31.0,4917.0,4343.0,1.0,63.07725,30.0
989,1.0,-2.6,-0.6580883,0.0176,52.0,57.18889,0.0,84.0,5147.0,4342.0,1.0,65.80883,50.0
990,1.0,-2.6,-0.6499972,0.0118,52.0,55.666668,0.0,33.0,5010.0,4341.0,1.0,64.99972,70.0
991,1.0,-2.6,-0.65503424,0.0177,52.0,56.91111,0.0,138.0,5122.0,4342.0,1.0,65.503426,90.0
992,1.0,-2.6,-0.6564434,0.0177,52.0,57.72222,0.0,106.0,5195.0,4341.0,1.0,65.64434,30.0
993,1.0,-2.6,-0.6548132,0.0165,52.0,57.555557,0.0,47.0,5180.0,4342.0,1.0,65.481316,90.0
994,1.0,-2.6,-0.3990852,0.0038,52.0,19.98889,0.0,9.0,1799.0,4341.0,1.0,39.90852,10.0
995,1.0,-2.6,-0.39592427,0.0034,52.0,19.677778,0.0,7.0,1771.0,4341.0,1.0,39.592426,10.0
996,1.0,-2.6,-0.54082716,0.0045,52.0,40.955555,0.0,12.0,3686.0,4341.0,1.0,54.082714,10.0
997,1.0,-2.6,-0.5065553,0.0036,52.0,35.766666,0.0,8.0,3219.0,4341.0,1.0,50.65553,10.0
998,1.0,-2.6,-0.48079655,0.0034,52.0,31.977777,0.0,7.0,2878.0,4341.0,1.0,48.079655,50.0
999,1.0,-2.6,-0.41015095,0.0031,52.0,21.88889,0.0,6.0,1970.0,4342.0,1.0,41.015095,70.0
1000,1.0,-2.6,-0.51357037,0.0038,52.0,36.844444,0.0,9.0,3316.0,4341.0,1.0,51.357037,30.0
1001,1.0,-1.65,-0.45499587,0.0057,33.0,57.530304,0.0,15.0,3797.0,3177.0,1.0,45.499588,90.0
1002,1.0,-1.9,-0.4062473,0.0039,38.0,37.11842,0.0,9.0,2821.0,3612.0,1.0,40.62473,50.0
1003,1.0,-1.9,-0.39604375,0.004,38.0,35.526318,0.0,10.0,2700.0,3610.0,1.0,39.604374,30.0
1004,1.0,-1.9,-0.32380903,0.0033,38.0,23.052631,0.0,7.0,1752.0,3611.0,1.0,32.3809,90.0
1005,1.0,-1.9,-0.33033925,0.0035,38.0,24.157894,0.0,8.0,1836.0,3611.0,1.0,33.033924,30.0
1006,1.0,-1.9,-0.3656434,0.0052,38.0,30.43421,0.0,14.0,2313.0,3659.0,1.0,36.564342,90.0
1007,1.0,-1.9,-0.33708665,0.0037,38.0,25.236841,0.0,9.0,1918.0,3659.0,1.0,33.708664,70.0
1008,1.0,-1.9,-0.33897662,0.0036,38.0,25.75,0.0,8.0,1957.0,3659.0,1.0,33.897663,70.0
1009,1.0,-1.9,-0.33158278,0.0033,38.0,24.342106,0.0,7.0,1850.0,3659.0,1.0,33.15828,10.0
1010,1.0,-1.9,-0.34726813,0.0033,38.0,27.105263,0.0,7.0,2060.0,3659.0,1.0,34.726814,90.0
1011,1.0,-2.25,-0.5682533,0.0135,45.0,77.17242,0.0,38.0,4476.0,2792.0,1.0,56.825325,50.0
1012,1.0,-2.25,-0.37650886,0.0039,45.0,22.177778,0.0,9.0,1996.0,4175.0,1.0,37.650887,90.0
1013,1.0,-2.25,-0.374524,0.0032,45.0,20.622223,0.0,6.0,1856.0,4177.0,1.0,37.4524,70.0
1014,1.0,-2.25,-0.35154742,0.0036,45.0,18.455555,0.0,8.0,1661.0,4180.0,1.0,35.154743,50.0
1015,1.0,-2.25,-0.3541892,0.0031,45.0,18.566668,0.0,6.0,1671.0,4179.0,1.0,35.41892,30.0
1016,1.0,-2.25,-0.5615979,0.0057,45.0,51.966667,0.0,15.0,4677.0,4332.0,1.0,56.159786,10.0
1017,1.0,-2.25,-0.49258268,0.0045,45.0,41.455555,0.0,11.0,3731.0,4334.0,1.0,49.258266,50.0
1018,1.0,-2.25,-0.5887477,0.0062,45.0,52.255554,0.0,16.0,4703.0,4334.0,1.0,58.874767,30.0
1019,1.0,-2.25,-0.43916857,0.0036,45.0,28.833334,0.0,8.0,2595.0,4335.0,1.0,43.91686,90.0
1020,1.0,-2.25,-0.43947604,0.0044,45.0,32.122223,0.0,11.0,2891.0,4335.0,1.0,43.947605,10.0
1021,1.0,-2.25,-0.61234236,0.0113,45.0,55.577778,0.0,31.0,5002.0,4334.0,1.0,61.234238,30.0
1022,1.0,-2.5,-0.530326,0.0062,50.0,40.533333,0.0,16.0,3648.0,4334.0,1.0,53.0326,10.0
1023,1.0,-2.5,-0.552481,0.0057,50.0,43.933334,0.0,15.0,3954.0,4334.0,1.0,55.2481,50.0
1024,1.0,-2.5,-0.52551013,0.005,50.0,40.833332,0.0,13.0,3675.0,4334.0,1.0,52.551014,90.0
1025,1.0,-2.5,-0.48646677,0.0041,50.0,34.233334,0.0,10.0,3081.0,4334.0,1.0,48.646675,70.0
1026,1.0,-2.5,-0.627802,0.0105,50.0,55.6,0.0,29.0,5004.0,4334.0,1.0,62.7802,30.0
1027,1.0,-2.5,-0.613222,0.0077,50.0,52.755554,0.0,20.0,4748.0,4335.0,1.0,61.3222,30.0
1028,1.0,-2.5,-0.6371665,0.0133,50.0,56.233334,0.0,37.0,5061.0,4334.0,1.0,63.71665,10.0
1029,1.0,-2.5,-0.6453611,0.0179,50.0,57.166668,0.0,143.0,5145.0,4335.0,1.0,64.53611,50.0
1030,1.0,-2.5,-0.6465084,0.0176,50.0,57.566666,0.0,121.0,5181.0,4334.0,1.0,64.65084,10.0
1031,1.0,-2.5,-0.6452316,0.0176,50.0,57.52222,0.0,134.0,5177.0,4333.0,1.0,64.52316,10.0
1032,1.0,-2.5,-0.6474384,0.0177,50.0,57.211113,0.0,80.0,5149.0,4334.0,1.0,64.74384,70.0
1033,1.0,-2.5,-0.64177084,0.0175,50.0,57.3,0.0,83.0,5157.0,4333.0,1.0,64.177086,70.0
1034,1.0,-2.5,-0.63980424,0.0175,50.0,56.755554,0.0,67.0,5108.0,4335.0,1.0,63.980427,70.0
1035,1.0,-2.5,-0.6380732,0.0177,50.0,56.41111,0.0,62.0,5077.0,4334.0,1.0,63.80732,90.0
1036,1.0,-2.5,-0.5062596,0.0057,50.0,36.933334,0.0,15.0,3324.0,4334.0,1.0,50.62596,10.0
1037,1.0,-2.5,-0.6306889,0.0102,50.0,54.866665,0.0,28.0,4938.0,4333.0,1.0,63.068893,90.0
1038,1.0,-2.5,-0.64094895,0.0174,50.0,56.922222,0.0,126.0,5123.0,4335.0,1.0,64.094894,50.0
1039,1.0,-2.5,-0.6433703,0.0174,50.0,56.511112,0.0,92.0,5086.0,4334.0,1.0,64.33703,10.0
1040,1.0,-2.5,-0.6394016,0.0175,50.0,56.766666,0.0,124.0,5109.0,4335.0,1.0,63.94016,30.0
1041,1.0,-2.5,-0.63914347,0.0175,50.0,56.822224,0.0,142.0,5114.0,4334.0,1.0,63.914345,70.0
1042,1.0,-2.5,-0.6449611,0.0177,50.0,57.38889,0.0,70.0,5165.0,4334.0,1.0,64.49611,90.0
1043,1.0,-2.5,-0.64514613,0.0175,50.0,57.533333,0.0,91.0,5178.0,4335.0,1.0,64.51461,10.0
1044,1.0,-2.5,-0.62660754,0.0109,50.0,54.744446,0.0,30.0,4927.0,4335.0,1.0,62.660755,50.0
1045,1.0,-2.5,-0.6384123,0.0175,50.0,56.855556,0.0,112.0,5117.0,4334.0,1.0,63.84123,70.0
1046,1.0,-2.5,-0.6324267,0.0176,50.0,55.933334,0.0,107.0,5034.0,4335.0,1.0,63.24267,30.0
1047,1.0,-2.5,-0.63556445,0.0177,50.0,55.97778,0.0,77.0,5038.0,4335.0,1.0,63.556442,90.0
1048,1.0,-2.5,-0.63790727,0.0175,50.0,56.08889,0.0,122.0,5048.0,4335.0,1.0,63.790726,90.0
1049,1.0,-2.5,-0.63307077,0.0176,50.0,55.866665,0.0,53.0,5028.0,4336.0,1.0,63.307076,50.0
1050,1.0,-2.5,-0.64115787,0.0176,50.0,56.766666,0.0,134.0,5109.0,4336.0,1.0,64.11578,30.0
1051,1.0,-2.5,-0.6438945,0.0178,50.0,56.97778,0.0,110.0,5128.0,4336.0,1.0,64.38945,30.0
1052,1.0,-2.5,-0.639295,0.0177,50.0,56.266666,0.0,118.0,5064.0,4336.0,1.0,63.9295,70.0
1053,1.0,-2.5,-0.63860315,0.0177,50.0,56.166668,0.0,128.0,5055.0,4336.0,1.0,63.860313,30.0
1054,1.0,-2.5,-0.6398622,0.0175,50.0,56.555557,0.0,130.0,5090.0,4336.0,1.0,63.986217,10.0
1055,1.0,-2.5,-0.64188516,0.0176,50.0,56.38889,0.0,82.0,5075.0,4336.0,1.0,64.188515,10.0
1056,1.0,-2.5,-0.64273614,0.0177,50.0,56.833332,0.0,88.0,5115.0,4336.0,1.0,64.27361,90.0
1057,1.0,-2.5,-0.639944,0.0177,50.0,56.177776,0.0,132.0,5056.0,4336.0,1.0,63.9944,30.0
1058,1.0,-2.5,-0.65292585,0.0176,50.0,57.122223,0.0,124.0,5141.0,4337.0,1.0,65.29259,90.0
1059,1.0,-2.5,-0.6419683,0.0176,50.0,56.72222,0.0,113.0,5105.0,4337.0,1.0,64.19683,90.0
1060,1.0,-2.5,-0.6293789,0.0092,50.0,54.72222,0.0,25.0,4925.0,4336.0,1.0,62.93789,50.0
1061,1.0,-2.5,-0.64682776,0.0178,50.0,56.755554,0.0,59.0,5108.0,4336.0,1.0,64.68278,30.0
1062,1.0,-2.5,-0.63816047,0.0175,50.0,55.988888,0.0,95.0,5039.0,4336.0,1.0,63.816048,50.0
1063,1.0,-2.5,-0.63518655,0.0176,50.0,56.244446,0.0,133.0,5062.0,4336.0,1.0,63.518658,10.0
1064,1.0,-2.5,-0.64051473,0.0175,50.0,56.488888,0.0,124.0,5084.0,4336.0,1.0,64.051476,50.0
1065,1.0,-2.5,-0.6430388,0.0175,50.0,56.577778,0.0,108.0,5092.0,4336.0,1.0,64.30388,70.0
1066,1.0,-2.5,-0.6284965,0.0103,50.0,54.155556,0.0,28.0,4874.0,4336.0,1.0,62.849655,50.0
1067,1.0,-2.5,-0.6371185,0.0175,50.0,56.08889,0.0,106.0,5048.0,4338.0,1.0,63.71185,10.0
1068,1.0,-2.5,-0.63715816,0.0175,50.0,56.555557,0.0,61.0,5090.0,4336.0,1.0,63.715813,90.0
1069,1.0,-2.5,-0.6437178,0.0177,50.0,56.744446,0.0,110.0,5107.0,4337.0,1.0,64.37178,90.0
1070,1.0,-2.5,-0.646781,0.0176,50.0,57.255554,0.0,135.0,5153.0,4336.0,1.0,64.6781,50.0
1071,1.0,-2.5,-0.64234406,0.0177,50.0,56.47778,0.0,188.0,5083.0,4336.0,1.0,64.234406,30.0
1072,1.0,-2.5,-0.64362967,0.0176,50.0,56.38889,0.0,107.0,5075.0,4336.0,1.0,64.36297,70.0
1073,1.0,-2.5,-0.6380845,0.0175,50.0,56.366665,0.0,80.0,5073.0,4337.0,1.0,63.80845,10.0
1074,1.0,-2.5,-0.6261522,0.0099,50.0,54.5,0.0,27.0,4905.0,4336.0,1.0,62.61522,30.0
1075,1.0,-2.5,-0.63933706,0.0176,50.0,56.433334,0.0,90.0,5079.0,4336.0,1.0,63.93371,30.0
1076,1.0,-2.5,-0.639391,0.0177,50.0,56.533333,0.0,54.0,5088.0,4337.0,1.0,63.9391,50.0
1077,1.0,-2.5,-0.5830538,0.0061,50.0,48.255554,0.0,16.0,4343.0,4336.0,1.0,58.30538,50.0
1078,1.0,-2.5,-0.52430475,0.005,50.0,39.422222,0.0,13.0,3548.0,4336.0,1.0,52.430473,30.0
1079,1.0,-2.5,-0.48680782,0.0043,50.0,34.366665,0.0,11.0,3093.0,4337.0,1.0,48.680782,90.0
1080,1.0,-2.5,-0.62005067,0.0,1.0,0.0,0.0,0.0,0.0,0.0,0.0,0.0,50.0
1081,-0.22999996,-0.4,-0.34126347,0.0246,8.0,483.375,0.0,37.0,3867.0,385.0,1.0,34.126347,70.0
1082,1.0,-1.5,-0.25551975,0.0028,30.0,23.216667,0.0,4.0,1393.0,2626.0,1.0,25.551975,70.0
1083,1.0,-2.55,-0.7681898,0.0139,51.0,75.61364,0.0,39.0,6654.0,3879.0,1.0,76.81898,50.0
1084,1.0,-2.55,-0.6735552,0.0176,51.0,60.177776,0.0,128.0,5416.0,4178.0,1.0,67.35552,30.0
1085,1.0,-2.55,-0.67081094,0.0176,51.0,60.344444,0.0,61.0,5431.0,4288.0,1.0,67.08109,70.0
1086,1.0,-2.55,-0.5889567,0.0062,51.0,48.366665,0.0,16.0,4353.0,4326.0,1.0,58.89567,30.0
1087,1.0,-2.55,-0.56020546,0.0047,51.0,44.166668,0.0,12.0,3975.0,4326.0,1.0,56.020546,90.0
1088,1.0,-2.55,-0.6382614,0.0078,51.0,55.68889,0.0,21.0,5012.0,4326.0,1.0,63.826138,50.0
1089,1.0,-2.55,-0.63514686,0.0082,51.0,54.944443,0.0,22.0,4945.0,4327.0,1.0,63.514687,50.0
1090,1.0,-2.55,-0.65279526,0.0178,51.0,57.58889,0.0,118.0,5183.0,4326.0,1.0,65.279526,70.0
1091,1.0,-2.55,-0.6460877,0.0176,51.0,56.733334,0.0,59.0,5106.0,4324.0,1.0,64.60877,90.0
1092,1.0,-2.55,-0.6641481,0.0176,51.0,58.944443,0.0,56.0,5305.0,4326.0,1.0,66.41481,70.0
1093,1.0,-2.55,-0.66953623,0.0175,51.0,60.455555,0.0,104.0,5441.0,4325.0,1.0,66.95362,50.0
1094,1.0,-2.55,-0.52219874,0.0061,51.0,38.666668,0.0,16.0,3480.0,4326.0,1.0,52.219875,70.0
1095,1.0,-2.55,-0.52393484,0.0044,51.0,38.744446,0.0,11.0,3487.0,4326.0,1.0,52.393486,10.0
1096,1.0,-2.55,-0.66481256,0.0175,51.0,59.766666,0.0,75.0,5379.0,4325.0,1.0,66.481255,10.0
1097,1.0,-2.55,-0.6608628,0.0175,51.0,59.655556,0.0,118.0,5369.0,4325.0,1.0,66.08628,90.0
1098,1.0,-2.55,-0.6583652,0.0177,51.0,58.466667,0.0,116.0,5262.0,4325.0,1.0,65.83652,50.0
1099,1.0,-2.55,-0.63000274,0.0076,51.0,54.488888,0.0,20.0,4904.0,4326.0,1.0,63.000275,90.0
1100,1.0,-2.55,-0.65431386,0.0179,51.0,57.644444,0.0,110.0,5188.0,4326.0,1.0,65.43139,70.0
1101,1.0,-2.55,-0.64553714,0.0176,51.0,56.955555,0.0,123.0,5126.0,4327.0,1.0,64.55371,30.0
1102,1.0,-2.55,-0.6299934,0.0096,51.0,54.155556,0.0,26.0,4874.0,4326.0,1.0,62.999336,50.0
1103,1.0,-2.55,-0.63869,0.0176,51.0,55.91111,0.0,115.0,5032.0,4326.0,1.0,63.869,70.0
1104,1.0,-2.55,-0.5155281,0.0057,51.0,38.27778,0.0,15.0,3445.0,4327.0,1.0,51.55281,30.0
1105,1.0,-2.55,-0.6415228,0.0175,51.0,56.27778,0.0,60.0,5065.0,4326.0,1.0,64.15228,30.0
1106,1.0,-2.55,-0.42470524,0.005,51.0,24.688889,0.0,13.0,2222.0,4328.0,1.0,42.470524,30.0
1107,1.0,-2.55,-0.36880425,0.0029,51.0,16.48889,0.0,5.0,1484.0,4328.0,1.0,36.880424,30.0
1108,1.0,-2.55,-0.37400386,0.0028,51.0,17.144444,0.0,5.0,1543.0,4329.0,1.0,37.400387,10.0
1109,1.0,-2.55,-0.37036625,0.0026,51.0,16.811111,0.0,4.0,1513.0,4328.0,1.0,37.036625,70.0
1110,1.0,-2.55,-0.378624,0.0025,51.0,18.133333,0.0,3.0,1632.0,4328.0,1.0,37.8624,50.0
1111,1.0,-2.35,-0.5976036,0.0073,47.0,73.3125,0.0,19.0,4692.0,3075.0,1.0,59.76036,90.0
1112,1.0,-2.35,-0.32880664,0.0024,47.0,14.211111,0.0,2.0,1279.0,4193.0,1.0,32.880665,30.0
1113,1.0,-2.35,-0.34952408,0.0029,47.0,16.777779,0.0,5.0,1510.0,4194.0,1.0,34.952408,30.0
1114,1.0,-2.35,-0.32240573,0.0025,47.0,12.511111,0.0,3.0,1126.0,4196.0,1.0,32.240574,30.0
1115,1.0,-2.35,-0.3269758,0.0026,47.0,12.7,0.0,4.0,1143.0,4196.0,1.0,32.69758,30.0
1116,1.0,-2.35,-0.3858431,0.004,47.0,21.9,0.0,10.0,1971.0,4196.0,1.0,38.58431,70.0
1117,1.0,-1.35,-0.24749926,0.0034,27.0,27.11111,0.0,7.0,1464.0,2597.0,1.0,24.749926,70.0
1118,1.0,-1.35,-0.24141575,0.0023,27.0,25.407408,0.0,2.0,1372.0,2597.0,1.0,24.141575,70.0
1119,1.0,-2.0,-0.6379042,0.0075,40.0,76.945946,0.0,20.0,5694.0,3462.0,1.0,63.79042,90.0
1120,1.0,-2.45,-0.62682706,0.0179,49.0,55.322224,0.0,64.0,4979.0,4159.0,1.0,62.682705,70.0
1121,1.0,-2.45,-0.59596026,0.0068,49.0,51.288887,0.0,18.0,4616.0,4237.0,1.0,59.596024,50.0
1122,1.0,-2.45,-0.63056,0.0175,49.0,56.0,0.0,99.0,5040.0,4334.0,1.0,63.056,50.0
1123,1.0,-2.45,-0.62568974,0.0176,49.0,56.211113,0.0,127.0,5059.0,4334.0,1.0,62.568974,70.0
1124,1.0,-2.45,-0.6271205,0.0176,49.0,55.47778,0.0,139.0,4993.0,4335.0,1.0,62.71205,10.0
1125,1.0,-2.45,-0.63047886,0.0179,49.0,55.422222,0.0,130.0,4988.0,4335.0,1.0,63.047886,70.0
1126,1.0,-2.45,-0.6288239,0.0175,49.0,55.58889,0.0,133.0,5003.0,4335.0,1.0,62.88239,70.0
1127,1.0,-2.45,-0.62820166,0.0175,49.0,55.566666,0.0,123.0,5001.0,4334.0,1.0,62.820164,90.0
1128,1.0,-2.45,-0.62320244,0.0175,49.0,55.08889,0.0,127.0,4958.0,4334.0,1.0,62.320244,30.0
1129,1.0,-2.45,-0.62749326,0.0175,49.0,55.6,0.0,132.0,5004.0,4334.0,1.0,62.749325,10.0
1130,1.0,-2.45,-0.622907,0.0179,49.0,54.933334,0.0,130.0,4944.0,4334.0,1.0,62.2907,50.0
1131,1.0,-2.45,-0.62545604,0.0176,49.0,55.622223,0.0,146.0,5006.0,4335.0,1.0,62.5456,90.0
1132,1.0,-2.45,-0.6275347,0.0176,49.0,55.22222,0.0,141.0,4970.0,4334.0,1.0,62.753468,50.0
1133,1.0,-2.45,-0.62337613,0.0176,49.0,54.533333,0.0,131.0,4908.0,4334.0,1.0,62.337612,50.0
1134,1.0,-2.45,-0.62875,0.0174,49.0,55.555557,0.0,131.0,5000.0,4335.0,1.0,62.875,90.0
1135,1.0,-2.45,-0.62436885,0.0179,49.0,55.033333,0.0,132.0,4953.0,4334.0,1.0,62.436886,90.0
1136,1.0,-2.45,-0.6276376,0.0177,49.0,56.033333,0.0,147.0,5043.0,4336.0,1.0,62.763763,90.0
1137,1.0,-2.45,-0.62880784,0.0175,49.0,55.7,0.0,166.0,5013.0,4335.0,1.0,62.880783,50.0
1138,1.0,-2.45,-0.62176514,0.0175,49.0,54.633335,0.0,141.0,4917.0,4334.0,1.0,62.176514,10.0
1139,1.0,-2.45,-0.629057,0.0176,49.0,55.6,0.0,159.0,5004.0,4334.0,1.0,62.9057,70.0
1140,1.0,-2.45,-0.62873125,0.0177,49.0,55.68889,0.0,160.0,5012.0,4334.0,1.0,62.873123,30.0
1141,1.0,-2.45,-0.6363053,0.0174,49.0,56.033333,0.0,164.0,5043.0,4334.0,1.0,63.630527,30.0
1142,1.0,-2.45,-0.6216688,0.0175,49.0,54.955555,0.0,138.0,4946.0,4335.0,1.0,62.16688,30.0
1143,1.0,-2.45,-0.6249893,0.0176,49.0,55.011112,0.0,150.0,4951.0,4334.0,1.0,62.498924,70.0
1144,1.0,-2.45,-0.625072,0.0178,49.0,54.844444,0.0,138.0,4936.0,4334.0,1.0,62.5072,10.0
1145,1.0,-2.45,-0.629538,0.0174,49.0,55.488888,0.0,145.0,4994.0,4334.0,1.0,62.9538,10.0
1146,1.0,-2.45,-0.62823665,0.0176,49.0,55.144444,0.0,131.0,4963.0,4334.0,1.0,62.823666,10.0
1147,1.0,-2.45,-0.6274548,0.0178,49.0,55.255554,0.0,128.0,4973.0,4335.0,1.0,62.74548,70.0
1148,1.0,-2.45,-0.633773,0.0176,49.0,56.1,0.0,149.0,5049.0,4334.0,1.0,63.3773,50.0
