timestep,r_perf,r_cost,r_energy,latency,replicas,avg_cpu_percent,ram_usage,num_requests,total_cpu_m,total_ram_mi,success_ratio,pod_power,hpa_target
1,-0.020000037,-0.5,-0.40084812,0.0204,10.0,382.5,0.0,37.0,4590.0,556.0,1.0,40.084812,10.0
2,1.0,-1.65,-0.2696045,0.0028,33.0,22.166666,0.0,4.0,1463.0,2900.0,1.0,26.96045,30.0
3,1.0,-2.55,-0.7066847,0.0141,51.0,73.53658,0.0,39.0,6030.0,3611.0,1.0,70.66847,30.0
4,1.0,-2.55,-0.6728515,0.0177,51.0,61.955555,0.0,128.0,5576.0,4184.0,1.0,67.28515,70.0
5,1.0,-2.55,-0.66737175,0.0179,51.0,61.066666,0.0,61.0,5496.0,4243.0,1.0,66.737175,10.0
6,1.0,-2.55,-0.6115538,0.0062,51.0,52.88889,0.0,16.0,4760.0,4321.0,1.0,61.155376,50.0
7,1.0,-2.55,-0.5670348,0.0047,51.0,46.18889,0.0,12.0,4157.0,4323.0,1.0,56.70348,70.0
8,1.0,-2.55,-0.6384408,0.0078,51.0,56.5,0.0,21.0,5085.0,4322.0,1.0,63.844078,50.0
9,1.0,-2.55,-0.62874186,0.0083,51.0,54.88889,0.0,22.0,4940.0,4321.0,1.0,62.874187,50.0
10,1.0,-2.55,-0.648689,0.0177,51.0,58.3,0.0,118.0,5247.0,4320.0,1.0,64.8689,90.0
11,1.0,-2.55,-0.6564019,0.0181,51.0,59.966667,0.0,59.0,5397.0,4321.0,1.0,65.64019,90.0
12,1.0,-2.55,-0.6733069,0.0176,51.0,61.055557,0.0,56.0,5495.0,4322.0,1.0,67.33069,10.0
13,1.0,-2.55,-0.6660219,0.0178,51.0,60.38889,0.0,104.0,5435.0,4321.0,1.0,66.60219,10.0
14,1.0,-2.55,-0.53549105,0.0061,51.0,41.58889,0.0,16.0,3743.0,4323.0,1.0,53.549107,50.0
15,1.0,-2.55,-0.52713907,0.0044,51.0,40.033333,0.0,11.0,3603.0,4322.0,1.0,52.71391,10.0
16,1.0,-2.55,-0.6647899,0.0178,51.0,60.133335,0.0,75.0,5412.0,4323.0,1.0,66.47899,70.0
17,1.0,-2.55,-0.6579972,0.0177,51.0,59.455555,0.0,118.0,5351.0,4321.0,1.0,65.79972,50.0
18,1.0,-2.55,-0.6512335,0.0179,51.0,58.922222,0.0,116.0,5303.0,4320.0,1.0,65.12335,70.0
19,1.0,-2.55,-0.6262085,0.0075,51.0,55.177776,0.0,20.0,4966.0,4323.0,1.0,62.62085,90.0
20,1.0,-2.55,-0.6563375,0.0178,51.0,58.844444,0.0,110.0,5296.0,4323.0,1.0,65.63375,10.0
21,1.0,-2.55,-0.63943124,0.0178,51.0,56.38889,0.0,123.0,5075.0,4321.0,1.0,63.943127,50.0
22,1.0,-2.55,-0.6278084,0.0095,51.0,55.3,0.0,26.0,4977.0,4320.0,1.0,62.78084,70.0
23,1.0,-2.55,-0.63641906,0.0179,51.0,56.155556,0.0,115.0,5054.0,4321.0,1.0,63.641907,50.0
24,1.0,-2.55,-0.55223596,0.0057,51.0,43.455555,0.0,15.0,3911.0,4323.0,1.0,55.2236,50.0
25,1.0,-2.55,-0.6587171,0.0179,51.0,59.266666,0.0,60.0,5334.0,4321.0,1.0,65.87171,70.0
26,1.0,-2.55,-0.434006,0.0049,51.0,26.311111,0.0,13.0,2368.0,4322.0,1.0,43.4006,90.0
27,1.0,-2.55,-0.37279254,0.0028,51.0,17.4,0.0,5.0,1566.0,4322.0,1.0,37.279255,90.0
28,1.0,-2.55,-0.36822137,0.0028,51.0,16.655556,0.0,5.0,1499.0,4323.0,1.0,36.822136,90.0
29,1.0,-2.55,-0.36737683,0.0026,51.0,16.6,0.0,4.0,1494.0,4323.0,1.0,36.737682,90.0
30,1.0,-2.55,-0.3557845,0.0024,51.0,14.844444,0.0,3.0,1336.0,4323.0,1.0,35.57845,70.0
31,1.0,-2.3,-0.57697076,0.0072,46.0,79.89655,0.0,19.0,4634.0,2785.0,1.0,57.697075,30.0
32,1.0,-2.3,-0.33144748,0.0024,46.0,13.777778,0.0,2.0,1240.0,4163.0,1.0,33.14475,10.0
33,1.0,-2.3,-0.32724163,0.0028,46.0,14.533334,0.0,5.0,1308.0,4165.0,1.0,32.724163,70.0
34,1.0,-2.3,-0.309475,0.0025,46.0,12.222222,0.0,3.0,1100.0,4165.0,1.0,30.9475,70.0
35,1.0,-2.3,-0.30692813,0.0026,46.0,11.444445,0.0,4.0,1030.0,4165.0,1.0,30.692812,90.0
36,1.0,-2.3,-0.38057324,0.004,46.0,22.177778,0.0,10.0,1996.0,4165.0,1.0,38.057323,90.0
37,1.0,-1.4,-0.26367712,0.0034,28.0,29.071428,0.0,7.0,1628.0,2689.0,1.0,26.367712,50.0
38,1.0,-1.4,-0.23884578,0.0023,28.0,23.196428,0.0,2.0,1299.0,2691.0,1.0,23.884579,10.0
39,1.0,-2.05,-0.5338341,0.0075,41.0,76.82143,0.0,20.0,4302.0,2691.0,1.0,53.38341,30.0
40,1.0,-2.45,-0.6308221,0.0178,49.0,56.733334,0.0,64.0,5106.0,4163.0,1.0,63.082214,90.0
41,1.0,-2.45,-0.5536672,0.0068,49.0,44.72222,0.0,18.0,4025.0,4286.0,1.0,55.36672,70.0
42,1.0,-2.45,-0.6313811,0.0175,49.0,56.211113,0.0,99.0,5059.0,4325.0,1.0,63.13811,30.0
43,1.0,-2.45,-0.6177906,0.0175,49.0,55.622223,0.0,127.0,5006.0,4326.0,1.0,61.779057,10.0
44,1.0,-2.45,-0.6215265,0.0176,49.0,55.68889,0.0,139.0,5012.0,4326.0,1.0,62.15265,50.0
45,1.0,-2.45,-0.6233802,0.0178,49.0,55.455555,0.0,130.0,4991.0,4325.0,1.0,62.33802,70.0
46,1.0,-2.45,-0.6187134,0.0176,49.0,55.066666,0.0,133.0,4956.0,4326.0,1.0,61.871338,30.0
47,1.0,-2.45,-0.61865,0.0176,49.0,55.355556,0.0,123.0,4982.0,4326.0,1.0,61.865,10.0
48,1.0,-2.45,-0.6166969,0.0176,49.0,54.61111,0.0,127.0,4915.0,4325.0,1.0,61.66969,70.0
49,1.0,-2.45,-0.6147234,0.0175,49.0,54.91111,0.0,132.0,4942.0,4325.0,1.0,61.472336,90.0
50,1.0,-2.45,-0.6145497,0.0177,49.0,54.58889,0.0,130.0,4913.0,4328.0,1.0,61.45497,90.0
51,1.0,-2.45,-0.62179965,0.0176,49.0,55.544445,0.0,146.0,4999.0,4327.0,1.0,62.179962,90.0
52,1.0,-2.45,-0.6160339,0.0176,49.0,54.922222,0.0,141.0,4943.0,4326.0,1.0,61.603394,30.0
53,1.0,-2.45,-0.61072046,0.0177,49.0,54.544445,0.0,131.0,4909.0,4327.0,1.0,61.07205,90.0
54,1.0,-2.45,-0.6243609,0.0176,49.0,55.622223,0.0,131.0,5006.0,4329.0,1.0,62.436092,30.0
55,1.0,-2.45,-0.62485266,0.0179,49.0,55.855556,0.0,132.0,5027.0,4325.0,1.0,62.485268,70.0
56,1.0,-2.45,-0.61428446,0.0177,49.0,55.122223,0.0,147.0,4961.0,4328.0,1.0,61.428444,90.0
57,1.0,-2.45,-0.6156189,0.0177,49.0,54.633335,0.0,166.0,4917.0,4328.0,1.0,61.561886,70.0
58,1.0,-2.45,-0.6164328,0.0177,49.0,55.211113,0.0,141.0,4969.0,4329.0,1.0,61.643276,50.0
59,1.0,-2.45,-0.6158087,0.0175,49.0,54.88889,0.0,159.0,4940.0,4328.0,1.0,61.580875,70.0
60,1.0,-2.45,-0.6050352,0.0178,49.0,53.9,0.0,160.0,4851.0,4328.0,1.0,60.503517,10.0
61,1.0,-2.45,-0.6089563,0.0175,49.0,54.833332,0.0,164.0,4935.0,4329.0,1.0,60.895626,30.0
62,1.0,-2.45,-0.6156999,0.0176,49.0,54.6,0.0,138.0,4914.0,4329.0,1.0,61.56999,50.0
63,1.0,-2.45,-0.61448574,0.0176,49.0,54.488888,0.0,150.0,4904.0,4330.0,1.0,61.448574,10.0
64,1.0,-2.45,-0.6102609,0.0177,49.0,53.97778,0.0,138.0,4858.0,4328.0,1.0,61.02609,10.0
65,1.0,-2.45,-0.6171599,0.0178,49.0,55.08889,0.0,145.0,4958.0,4328.0,1.0,61.71599,90.0
66,1.0,-2.45,-0.6222043,0.0175,49.0,55.011112,0.0,131.0,4951.0,4329.0,1.0,62.220432,30.0
67,1.0,-2.45,-0.621275,0.0175,49.0,55.744446,0.0,128.0,5017.0,4329.0,1.0,62.1275,90.0
68,1.0,-2.45,-0.62202966,0.0177,49.0,55.166668,0.0,149.0,4965.0,4331.0,1.0,62.20297,10.0
69,1.0,-2.45,-0.62104064,0.0177,49.0,55.455555,0.0,128.0,4991.0,4330.0,1.0,62.104065,30.0
70,1.0,-2.45,-0.61986214,0.0179,49.0,55.488888,0.0,130.0,4994.0,4330.0,1.0,61.986214,90.0
71,1.0,-2.45,-0.6166518,0.0177,49.0,54.922222,0.0,126.0,4943.0,4330.0,1.0,61.66518,70.0
72,1.0,-2.45,-0.6210033,0.0177,49.0,55.266666,0.0,123.0,4974.0,4331.0,1.0,62.10033,70.0
73,1.0,-2.45,-0.61766964,0.0177,49.0,55.233334,0.0,123.0,4971.0,4330.0,1.0,61.766964,30.0
74,1.0,-2.45,-0.6214613,0.0175,49.0,55.31111,0.0,125.0,4978.0,4330.0,1.0,62.146126,10.0
75,1.0,-2.45,-0.61515146,0.0177,49.0,54.677776,0.0,133.0,4921.0,4330.0,1.0,61.51515,10.0
76,1.0,-2.45,-0.61325336,0.0177,49.0,54.533333,0.0,135.0,4908.0,4332.0,1.0,61.325336,30.0
77,1.0,-2.45,-0.61379755,0.0177,49.0,54.47778,0.0,136.0,4903.0,4330.0,1.0,61.379753,70.0
78,1.0,-2.45,-0.61850524,0.0177,49.0,55.58889,0.0,131.0,5003.0,4330.0,1.0,61.85052,50.0
79,1.0,-2.45,-0.61741084,0.0179,49.0,55.58889,0.0,140.0,5003.0,4330.0,1.0,61.74108,90.0
80,1.0,-2.45,-0.6196062,0.0177,49.0,55.566666,0.0,123.0,5001.0,4330.0,1.0,61.960617,10.0
81,1.0,-2.45,-0.6154549,0.0176,49.0,55.366665,0.0,83.0,4983.0,4331.0,1.0,61.54549,30.0
82,1.0,-2.45,-0.6126022,0.0176,49.0,54.211113,0.0,59.0,4879.0,4330.0,1.0,61.260216,70.0
83,1.0,-2.45,-0.61274207,0.0176,49.0,54.344444,0.0,135.0,4891.0,4330.0,1.0,61.274208,30.0
84,1.0,-2.45,-0.61540174,0.0178,49.0,54.988888,0.0,128.0,4949.0,4330.0,1.0,61.540173,30.0
85,1.0,-2.45,-0.6203675,0.0176,49.0,55.333332,0.0,128.0,4980.0,4330.0,1.0,62.03675,70.0
86,1.0,-2.45,-0.6170217,0.0177,49.0,54.344444,0.0,140.0,4891.0,4330.0,1.0,61.702168,90.0
87,1.0,-2.45,-0.61279666,0.0176,49.0,54.511112,0.0,125.0,4906.0,4330.0,1.0,61.279667,10.0
88,1.0,-2.45,-0.6154203,0.0175,49.0,55.22222,0.0,133.0,4970.0,4331.0,1.0,61.54203,90.0
89,1.0,-2.45,-0.62107456,0.0178,49.0,55.3,0.0,128.0,4977.0,4331.0,1.0,62.107456,10.0
90,1.0,-2.45,-0.61839455,0.0176,49.0,55.9,0.0,138.0,5031.0,4330.0,1.0,61.839455,10.0
91,1.0,-2.45,-0.6232194,0.0178,49.0,55.8,0.0,155.0,5022.0,4331.0,1.0,62.321938,70.0
92,1.0,-2.45,-0.62794024,0.0176,49.0,55.733334,0.0,207.0,5016.0,4330.0,1.0,62.794025,90.0
93,1.0,-2.45,-0.6285627,0.0176,49.0,56.377777,0.0,255.0,5074.0,4330.0,1.0,62.85627,10.0
94,1.0,-2.45,-0.61723113,0.0178,49.0,54.644444,0.0,262.0,4918.0,4330.0,1.0,61.723114,90.0
95,1.0,-2.45,-0.61952424,0.0176,49.0,55.27778,0.0,207.0,4975.0,4330.0,1.0,61.952423,90.0
96,1.0,-2.45,-0.6190308,0.0175,49.0,55.02222,0.0,142.0,4952.0,4330.0,1.0,61.903076,10.0
97,1.0,-2.45,-0.62042224,0.0175,49.0,55.433334,0.0,65.0,4989.0,4330.0,1.0,62.042225,10.0
98,1.0,-2.45,-0.5960634,0.0076,49.0,51.622223,0.0,20.0,4646.0,4332.0,1.0,59.60634,30.0
99,1.0,-2.45,-0.5937948,0.008,49.0,51.544445,0.0,21.0,4639.0,4332.0,1.0,59.379482,90.0
100,1.0,-2.45,-0.6186599,0.0176,49.0,54.922222,0.0,65.0,4943.0,4331.0,1.0,61.86599,50.0
101,1.0,-2.45,-0.6268646,0.0176,49.0,56.244446,0.0,54.0,5062.0,4330.0,1.0,62.686462,30.0
102,1.0,-2.45,-0.62715876,0.0177,49.0,56.055557,0.0,103.0,5045.0,4331.0,1.0,62.715874,50.0
103,1.0,-2.45,-0.63270193,0.0176,49.0,57.033333,0.0,114.0,5133.0,4331.0,1.0,63.27019,10.0
104,1.0,-2.45,-0.6320603,0.0179,49.0,57.033333,0.0,118.0,5133.0,4332.0,1.0,63.206028,70.0
105,1.0,-2.45,-0.63203317,0.0177,49.0,57.266666,0.0,109.0,5154.0,4331.0,1.0,63.20332,30.0
106,1.0,-2.45,-0.59330624,0.006,49.0,51.11111,0.0,16.0,4600.0,4331.0,1.0,59.330624,70.0
107,1.0,-2.45,-0.6372669,0.0176,49.0,57.633335,0.0,121.0,5187.0,4331.0,1.0,63.72669,10.0
108,1.0,-2.45,-0.61500424,0.0176,49.0,54.633335,0.0,84.0,4917.0,4332.0,1.0,61.500423,10.0
109,1.0,-2.45,-0.6187006,0.0177,49.0,55.133335,0.0,82.0,4962.0,4331.0,1.0,61.870064,50.0
110,1.0,-2.45,-0.3131542,0.0036,49.0,10.122222,0.0,8.0,911.0,4331.0,1.0,31.315418,30.0
111,1.0,-2.45,-0.60176253,0.0082,49.0,52.7,0.0,22.0,4743.0,4331.0,1.0,60.176254,90.0
112,1.0,-2.45,-0.43497083,0.005,49.0,28.155556,0.0,13.0,2534.0,4331.0,1.0,43.49708,70.0
113,1.0,-2.45,-0.59558576,0.0075,49.0,52.177776,0.0,20.0,4696.0,4332.0,1.0,59.558575,10.0
114,1.0,-2.45,-0.6307462,0.0177,49.0,57.1,0.0,70.0,5139.0,4332.0,1.0,63.07462,50.0
115,1.0,-2.45,-0.61772186,0.0109,49.0,55.333332,0.0,30.0,4980.0,4335.0,1.0,61.772186,50.0
116,1.0,-2.45,-0.6287285,0.014,49.0,56.355556,0.0,39.0,5072.0,4332.0,1.0,62.87285,90.0
117,1.0,-2.45,-0.62706834,0.0177,49.0,57.733334,0.0,74.0,5196.0,4332.0,1.0,62.706837,50.0
118,1.0,-2.45,-0.63421327,0.0178,49.0,58.58889,0.0,59.0,5273.0,4332.0,1.0,63.42133,10.0
119,1.0,-2.45,-0.6367646,0.0178,49.0,58.47778,0.0,136.0,5263.0,4332.0,1.0,63.676456,10.0
120,1.0,-2.45,-0.6464261,0.0176,49.0,59.322224,0.0,109.0,5339.0,4333.0,1.0,64.64261,10.0
121,1.0,-2.45,-0.648256,0.0175,49.0,58.955555,0.0,56.0,5306.0,4332.0,1.0,64.8256,70.0
122,1.0,-2.45,-0.6188109,0.0175,49.0,55.61111,0.0,74.0,5005.0,4333.0,1.0,61.881092,70.0
123,1.0,-2.45,-0.6221454,0.0174,49.0,55.966667,0.0,57.0,5037.0,4332.0,1.0,62.21454,30.0
124,1.0,-2.45,-0.6321815,0.0177,49.0,57.122223,0.0,99.0,5141.0,4332.0,1.0,63.218155,70.0
125,1.0,-2.45,-0.6332566,0.0175,49.0,57.233334,0.0,59.0,5151.0,4333.0,1.0,63.32566,70.0
126,1.0,-2.45,-0.6347027,0.0176,49.0,57.044445,0.0,59.0,5134.0,4333.0,1.0,63.47027,30.0
127,1.0,-2.45,-0.63514924,0.0142,49.0,57.133335,0.0,40.0,5142.0,4332.0,1.0,63.514923,10.0
128,1.0,-2.45,-0.6389172,0.0177,49.0,58.577778,0.0,52.0,5272.0,4332.0,1.0,63.891724,90.0
129,1.0,-2.45,-0.6473462,0.0179,49.0,58.677776,0.0,77.0,5281.0,4332.0,1.0,64.73462,30.0
130,1.0,-2.45,-0.6496254,0.0176,49.0,59.4,0.0,82.0,5346.0,4332.0,1.0,64.96254,10.0
131,1.0,-2.45,-0.6503662,0.0176,49.0,59.533333,0.0,61.0,5358.0,4332.0,1.0,65.03662,30.0
132,1.0,-2.45,-0.6432525,0.0174,49.0,58.755554,0.0,49.0,5288.0,4332.0,1.0,64.32525,50.0
133,1.0,-2.45,-0.644728,0.0178,49.0,59.02222,0.0,103.0,5312.0,4332.0,1.0,64.4728,90.0
134,1.0,-2.45,-0.6504418,0.0176,49.0,59.544445,0.0,75.0,5359.0,4332.0,1.0,65.04418,70.0
135,1.0,-2.45,-0.6476426,0.0177,49.0,59.133335,0.0,100.0,5322.0,4334.0,1.0,64.76426,10.0
136,1.0,-2.45,-0.6360359,0.0176,49.0,57.5,0.0,115.0,5175.0,4332.0,1.0,63.603592,10.0
137,1.0,-2.45,-0.6322929,0.0177,49.0,56.855556,0.0,70.0,5117.0,4333.0,1.0,63.229294,90.0
138,1.0,-2.45,-0.6359505,0.0178,49.0,57.822224,0.0,56.0,5204.0,4334.0,1.0,63.59505,30.0
139,1.0,-2.45,-0.6362879,0.0176,49.0,57.944443,0.0,54.0,5215.0,4333.0,1.0,63.628796,90.0
140,1.0,-2.45,-0.6378265,0.0176,49.0,57.81111,0.0,144.0,5203.0,4333.0,1.0,63.78265,90.0
141,1.0,-2.45,-0.64334244,0.0177,49.0,58.744446,0.0,66.0,5287.0,4333.0,1.0,64.33424,50.0
142,1.0,-2.45,-0.6414039,0.0176,49.0,58.8,0.0,139.0,5292.0,4333.0,1.0,64.14039,70.0
143,1.0,-2.45,-0.64225936,0.0178,49.0,58.877777,0.0,135.0,5299.0,4333.0,1.0,64.22594,10.0
144,1.0,-2.45,-0.64230543,0.0176,49.0,58.68889,0.0,120.0,5282.0,4333.0,1.0,64.230545,50.0
145,1.0,-2.45,-0.39790797,0.0038,49.0,22.577778,0.0,9.0,2032.0,4333.0,1.0,39.7908,70.0
146,1.0,-2.45,-0.6443618,0.0175,49.0,58.7,0.0,133.0,5283.0,4334.0,1.0,64.43618,30.0
147,1.0,-2.45,-0.641651,0.0176,49.0,58.133335,0.0,134.0,5232.0,4333.0,1.0,64.1651,50.0
148,1.0,-2.45,-0.32993516,0.0027,49.0,12.988889,0.0,4.0,1169.0,4334.0,1.0,32.993515,70.0
149,1.0,-2.45,-0.6387485,0.0173,49.0,57.755554,0.0,124.0,5198.0,4333.0,1.0,63.87485,10.0
150,1.0,-2.45,-0.6514459,0.0174,49.0,59.3,0.0,63.0,5337.0,4333.0,1.0,65.14459,90.0
151,1.0,-2.45,-0.6510794,0.0174,49.0,59.22222,0.0,142.0,5330.0,4333.0,1.0,65.10794,30.0
152,1.0,-2.45,-0.64352614,0.0169,49.0,59.18889,0.0,48.0,5327.0,4334.0,1.0,64.352615,50.0
153,1.0,-2.45,-0.6464749,0.0178,49.0,59.255554,0.0,108.0,5333.0,4334.0,1.0,64.64749,50.0
154,1.0,-2.45,-0.65021783,0.0175,49.0,59.38889,0.0,56.0,5345.0,4334.0,1.0,65.02178,90.0
155,1.0,-2.45,-0.641073,0.0177,49.0,58.288887,0.0,83.0,5246.0,4336.0,1.0,64.1073,30.0
156,1.0,-2.45,-0.3938479,0.0038,49.0,22.255556,0.0,9.0,2003.0,4336.0,1.0,39.384792,10.0
157,1.0,-2.45,-0.36620224,0.0033,49.0,17.822222,0.0,7.0,1604.0,4336.0,1.0,36.620224,50.0
158,1.0,-2.45,-0.36129907,0.0024,49.0,17.38889,0.0,2.0,1565.0,4336.0,1.0,36.129906,10.0
159,1.0,-2.45,-0.36594877,0.0026,49.0,17.333334,0.0,4.0,1560.0,4336.0,1.0,36.594875,10.0
160,1.0,-2.45,-0.34740463,0.0025,49.0,15.844444,0.0,3.0,1426.0,4337.0,1.0,34.740463,70.0
161,1.0,-1.6,-0.40832156,0.0045,32.0,59.074074,0.0,11.0,3190.0,2598.0,1.0,40.832157,10.0
162,1.0,-1.6,-0.26999035,0.0025,32.0,23.078125,0.0,3.0,1477.0,3030.0,1.0,26.999035,90.0
163,1.0,-1.6,-0.26510468,0.0026,32.0,21.40625,0.0,4.0,1370.0,3030.0,1.0,26.51047,90.0
164,1.0,-1.6,-0.2823219,0.0026,32.0,25.515625,0.0,4.0,1633.0,3030.0,1.0,28.232191,10.0
165,1.0,-1.6,-0.30938724,0.003,32.0,31.109375,0.0,6.0,1991.0,3030.0,1.0,30.938723,30.0
166,1.0,-1.2,-0.28953826,0.0037,24.0,36.33871,0.0,9.0,2253.0,2983.0,1.0,28.953825,50.0
167,1.0,-1.2,-0.2517125,0.0031,24.0,34.166668,0.0,6.0,1640.0,2310.0,1.0,25.17125,90.0
168,1.0,-1.2,-0.21848972,0.0024,24.0,25.479166,0.0,3.0,1223.0,2310.0,1.0,21.848972,70.0
169,1.0,-1.2,-0.21263035,0.0028,24.0,27.3125,0.0,5.0,1311.0,2310.0,1.0,21.263035,50.0
170,1.0,-1.2,-0.23099026,0.0024,24.0,30.375,0.0,2.0,1458.0,2310.0,1.0,23.099026,30.0
171,1.0,-2.15,-0.62075675,0.0129,43.0,63.197674,0.0,35.0,5435.0,3953.0,1.0,62.075672,90.0
172,1.0,-2.15,-0.2773372,0.0027,43.0,9.604651,0.0,4.0,826.0,3957.0,1.0,27.733719,50.0
173,1.0,-2.15,-0.2857741,0.0026,43.0,11.023255,0.0,4.0,948.0,3957.0,1.0,28.577412,50.0
174,1.0,-2.15,-0.29152054,0.0025,43.0,11.848837,0.0,4.0,1019.0,3958.0,1.0,29.152054,10.0
175,1.0,-2.15,-0.32117698,0.0027,43.0,16.55814,0.0,5.0,1424.0,3958.0,1.0,32.1177,10.0
176,1.0,-2.15,-0.4566509,0.0038,43.0,37.23256,0.0,9.0,3202.0,4052.0,1.0,45.665092,10.0
177,1.0,-1.6,-0.40063894,0.0036,32.0,49.453125,0.0,8.0,3165.0,3080.0,1.0,40.063892,30.0
178,1.0,-1.6,-0.355797,0.0033,32.0,42.125,0.0,7.0,2696.0,3080.0,1.0,35.5797,10.0
179,1.0,-1.6,-0.3663205,0.004,32.0,42.140625,0.0,10.0,2697.0,3080.0,1.0,36.63205,30.0
180,1.0,-1.85,-0.37102336,0.0031,37.0,35.2973,0.0,6.0,2612.0,3510.0,1.0,37.102337,10.0
181,1.0,-2.35,-0.63251185,0.017,47.0,57.877777,0.0,47.0,5209.0,4201.0,1.0,63.251183,90.0
182,1.0,-2.35,-0.30821365,0.003,47.0,10.655556,0.0,6.0,959.0,4202.0,1.0,30.821365,30.0
183,1.0,-2.35,-0.33710742,0.0038,47.0,15.133333,0.0,9.0,1362.0,4254.0,1.0,33.710743,10.0
184,1.0,-2.35,-0.33052075,0.0032,47.0,14.588889,0.0,6.0,1313.0,4253.0,1.0,33.052074,70.0
185,1.0,-2.35,-0.4089925,0.0038,47.0,24.666666,0.0,9.0,2220.0,4289.0,1.0,40.89925,50.0
186,1.0,-2.35,-0.53776246,0.005,47.0,47.11111,0.0,13.0,4240.0,4331.0,1.0,53.77625,90.0
187,1.0,-2.35,-0.600025,0.0097,47.0,54.077778,0.0,27.0,4867.0,4331.0,1.0,60.0025,70.0
188,1.0,-2.35,-0.598759,0.0092,47.0,53.68889,0.0,25.0,4832.0,4331.0,1.0,59.8759,90.0
189,1.0,-2.35,-0.5404814,0.0068,47.0,45.2,0.0,18.0,4068.0,4331.0,1.0,54.048138,10.0
190,1.0,-2.35,-0.439875,0.0044,47.0,30.555555,0.0,11.0,2750.0,4331.0,1.0,43.9875,50.0
191,1.0,-2.35,-0.60893106,0.0149,47.0,55.144444,0.0,42.0,4963.0,4331.0,1.0,60.893105,50.0
192,1.0,-2.35,-0.58902675,0.0076,47.0,51.822224,0.0,20.0,4664.0,4331.0,1.0,58.902676,50.0
193,1.0,-2.35,-0.57210946,0.0072,47.0,49.755554,0.0,19.0,4478.0,4331.0,1.0,57.210945,30.0
194,1.0,-2.35,-0.5194021,0.0064,47.0,42.011112,0.0,17.0,3781.0,4331.0,1.0,51.94021,10.0
195,1.0,-2.35,-0.4458992,0.0046,47.0,30.922222,0.0,12.0,2783.0,4331.0,1.0,44.58992,30.0
196,1.0,-2.35,-0.59791994,0.0092,47.0,53.255554,0.0,25.0,4793.0,4331.0,1.0,59.791996,10.0
197,1.0,-2.35,-0.61376536,0.0178,47.0,56.066666,0.0,66.0,5046.0,4331.0,1.0,61.376537,90.0
198,1.0,-2.35,-0.6127019,0.0163,47.0,55.333332,0.0,46.0,4980.0,4331.0,1.0,61.270187,10.0
199,1.0,-2.35,-0.6118383,0.0175,47.0,55.944443,0.0,117.0,5035.0,4331.0,1.0,61.183826,70.0
200,1.0,-2.35,-0.6121928,0.0176,47.0,55.533333,0.0,84.0,4998.0,4332.0,1.0,61.21928,30.0
201,1.0,-2.35,-0.60877424,0.0175,47.0,55.72222,0.0,71.0,5015.0,4331.0,1.0,60.877422,10.0
202,1.0,-2.35,-0.59242,0.009,47.0,52.622223,0.0,24.0,4736.0,4332.0,1.0,59.242,10.0
203,1.0,-2.35,-0.5960525,0.0089,47.0,52.655556,0.0,24.0,4739.0,4331.0,1.0,59.605255,50.0
204,1.0,-2.35,-0.59846455,0.0089,47.0,52.855556,0.0,24.0,4757.0,4331.0,1.0,59.846455,90.0
205,1.0,-2.35,-0.5963515,0.0086,47.0,52.355556,0.0,23.0,4712.0,4332.0,1.0,59.63515,70.0
206,1.0,-2.35,-0.6080105,0.013,47.0,54.08889,0.0,36.0,4868.0,4331.0,1.0,60.80105,30.0
207,1.0,-2.6,-0.6452801,0.0177,52.0,56.18889,0.0,90.0,5057.0,4332.0,1.0,64.528015,30.0
208,1.0,-2.6,-0.64040536,0.0175,52.0,55.844444,0.0,53.0,5026.0,4332.0,1.0,64.040535,30.0
209,1.0,-2.6,-0.64246017,0.0178,52.0,55.166668,0.0,96.0,4965.0,4331.0,1.0,64.24602,50.0
210,1.0,-2.6,-0.62813234,0.0092,52.0,53.1,0.0,25.0,4779.0,4331.0,1.0,62.813236,10.0
211,1.0,-2.6,-0.6391255,0.0176,52.0,55.155556,0.0,54.0,4964.0,4331.0,1.0,63.91255,50.0
212,1.0,-2.6,-0.63909906,0.0178,52.0,55.355556,0.0,112.0,4982.0,4331.0,1.0,63.909904,70.0
213,1.0,-2.6,-0.64384836,0.0177,52.0,55.344444,0.0,82.0,4981.0,4331.0,1.0,64.384834,90.0
214,1.0,-2.6,-0.63171846,0.0177,52.0,54.97778,0.0,118.0,4948.0,4331.0,1.0,63.17185,30.0
215,1.0,-2.6,-0.6391968,0.0176,52.0,55.211113,0.0,91.0,4969.0,4331.0,1.0,63.91968,10.0
216,1.0,-2.6,-0.6239616,0.0099,52.0,53.18889,0.0,27.0,4787.0,4331.0,1.0,62.39616,30.0
217,1.0,-2.6,-0.64367324,0.018,52.0,55.544445,0.0,54.0,4999.0,4331.0,1.0,64.367325,70.0
218,1.0,-2.6,-0.63624257,0.0178,52.0,55.233334,0.0,87.0,4971.0,4331.0,1.0,63.624256,50.0
219,1.0,-2.6,-0.6407925,0.0178,52.0,55.488888,0.0,119.0,4994.0,4331.0,1.0,64.07925,30.0
220,1.0,-2.6,-0.6458193,0.0177,52.0,56.244446,0.0,154.0,5062.0,4331.0,1.0,64.58193,30.0
221,1.0,-2.6,-0.6375216,0.0177,52.0,54.922222,0.0,72.0,4943.0,4331.0,1.0,63.752163,70.0
222,1.0,-2.6,-0.6367592,0.0148,52.0,54.788887,0.0,41.0,4931.0,4331.0,1.0,63.675922,90.0
223,1.0,-2.6,-0.64075994,0.0177,52.0,55.666668,0.0,90.0,5010.0,4331.0,1.0,64.076,70.0
224,1.0,-2.6,-0.6355869,0.0177,52.0,54.955555,0.0,85.0,4946.0,4331.0,1.0,63.55869,50.0
225,1.0,-2.6,-0.64775354,0.0176,52.0,56.066666,0.0,144.0,5046.0,4331.0,1.0,64.77535,50.0
226,1.0,-2.6,-0.6460487,0.0175,52.0,55.91111,0.0,129.0,5032.0,4331.0,1.0,64.60487,90.0
227,1.0,-2.6,-0.62154424,0.009,52.0,52.533333,0.0,24.0,4728.0,4331.0,1.0,62.154427,50.0
228,1.0,-2.6,-0.63961583,0.0175,52.0,55.52222,0.0,72.0,4997.0,4331.0,1.0,63.961586,10.0
229,1.0,-2.6,-0.6005581,0.0064,52.0,49.666668,0.0,17.0,4470.0,4331.0,1.0,60.055813,50.0
230,1.0,-2.6,-0.6387802,0.0176,52.0,55.4,0.0,55.0,4986.0,4332.0,1.0,63.878017,90.0
231,1.0,-2.6,-0.6486152,0.0176,52.0,56.1,0.0,63.0,5049.0,4331.0,1.0,64.86152,90.0
232,1.0,-2.6,-0.6238983,0.0083,52.0,53.31111,0.0,22.0,4798.0,4332.0,1.0,62.38983,90.0
233,1.0,-2.6,-0.6571543,0.0175,52.0,57.077778,0.0,84.0,5137.0,4332.0,1.0,65.71543,90.0
234,1.0,-2.6,-0.648731,0.0176,52.0,57.066666,0.0,64.0,5136.0,4332.0,1.0,64.8731,50.0
235,1.0,-2.6,-0.6356101,0.0177,52.0,54.68889,0.0,57.0,4922.0,4331.0,1.0,63.561012,30.0
236,1.0,-2.6,-0.6344589,0.0177,52.0,54.655556,0.0,75.0,4919.0,4331.0,1.0,63.44589,10.0
237,1.0,-2.6,-0.6431885,0.0179,52.0,55.655556,0.0,100.0,5009.0,4331.0,1.0,64.31885,10.0
238,1.0,-2.6,-0.627851,0.0096,52.0,53.18889,0.0,26.0,4787.0,4331.0,1.0,62.785103,10.0
239,1.0,-2.6,-0.6397601,0.0118,52.0,54.955555,0.0,33.0,4946.0,4331.0,1.0,63.976006,10.0
240,1.0,-2.6,-0.6435242,0.0176,52.0,56.488888,0.0,72.0,5084.0,4331.0,1.0,64.352425,70.0
241,1.0,-2.6,-0.64012885,0.0177,52.0,55.68889,0.0,78.0,5012.0,4331.0,1.0,64.012886,50.0
242,1.0,-2.6,-0.6454087,0.0179,52.0,56.3,0.0,142.0,5067.0,4331.0,1.0,64.54087,50.0
243,1.0,-2.6,-0.65190315,0.0176,52.0,56.666668,0.0,127.0,5100.0,4331.0,1.0,65.190315,90.0
244,1.0,-2.6,-0.6475019,0.0177,52.0,56.144444,0.0,134.0,5053.0,4331.0,1.0,64.75019,90.0
245,1.0,-2.6,-0.65542847,0.0176,52.0,57.433334,0.0,137.0,5169.0,4331.0,1.0,65.54285,50.0
246,1.0,-2.6,-0.65396696,0.0177,52.0,57.244446,0.0,145.0,5152.0,4331.0,1.0,65.3967,10.0
247,1.0,-2.6,-0.6528484,0.0177,52.0,57.22222,0.0,125.0,5150.0,4331.0,1.0,65.28484,70.0
248,1.0,-2.6,-0.65197504,0.0177,52.0,57.566666,0.0,104.0,5181.0,4331.0,1.0,65.1975,50.0
249,1.0,-2.6,-0.64462876,0.0176,52.0,56.511112,0.0,75.0,5086.0,4332.0,1.0,64.462875,70.0
250,1.0,-2.6,-0.64129204,0.0176,52.0,55.744446,0.0,82.0,5017.0,4331.0,1.0,64.1292,50.0
251,1.0,-2.6,-0.6426376,0.0179,52.0,56.033333,0.0,70.0,5043.0,4332.0,1.0,64.26376,10.0
252,1.0,-2.6,-0.62573516,0.0089,52.0,53.055557,0.0,24.0,4775.0,4332.0,1.0,62.573517,50.0
253,1.0,-2.6,-0.63877565,0.0177,52.0,56.255554,0.0,81.0,5063.0,4332.0,1.0,63.877567,10.0
254,1.0,-2.6,-0.3357679,0.0029,52.0,11.1,0.0,5.0,999.0,4332.0,1.0,33.57679,10.0
255,1.0,-2.6,-0.34907725,0.0031,52.0,13.044444,0.0,6.0,1174.0,4332.0,1.0,34.907726,30.0
256,1.0,-2.6,-0.6577669,0.0169,52.0,57.444443,0.0,48.0,5170.0,4332.0,1.0,65.77669,90.0
257,1.0,-2.6,-0.6523297,0.0173,52.0,57.5,0.0,49.0,5175.0,4332.0,1.0,65.23297,10.0
258,1.0,-2.6,-0.6575675,0.0175,52.0,57.933334,0.0,85.0,5214.0,4332.0,1.0,65.75675,30.0
259,1.0,-2.6,-0.659357,0.0175,52.0,57.744446,0.0,65.0,5197.0,4332.0,1.0,65.9357,90.0
260,1.0,-2.6,-0.6703131,0.0176,52.0,58.1,0.0,81.0,5229.0,4333.0,1.0,67.03131,90.0
261,1.0,-2.6,-0.6568216,0.0177,52.0,58.544445,0.0,133.0,5269.0,4332.0,1.0,65.68216,30.0
262,1.0,-2.6,-0.6494361,0.0125,52.0,56.655556,0.0,35.0,5099.0,4332.0,1.0,64.94361,10.0
263,1.0,-2.6,-0.34198663,0.0029,52.0,11.966666,0.0,5.0,1077.0,4332.0,1.0,34.19866,70.0
264,1.0,-2.6,-0.65294164,0.0174,52.0,56.655556,0.0,75.0,5099.0,4332.0,1.0,65.29417,70.0
265,1.0,-2.6,-0.3815497,0.004,52.0,17.61111,0.0,10.0,1585.0,4332.0,1.0,38.15497,10.0
266,1.0,-2.6,-0.6567642,0.0176,52.0,57.533333,0.0,76.0,5178.0,4332.0,1.0,65.67642,70.0
267,1.0,-2.6,-0.6475999,0.0101,52.0,56.044445,0.0,28.0,5044.0,4333.0,1.0,64.75999,50.0
268,1.0,-2.6,-0.64933705,0.0112,52.0,56.433334,0.0,31.0,5079.0,4333.0,1.0,64.93371,50.0
269,1.0,-2.6,-0.65961856,0.0176,52.0,57.9,0.0,84.0,5211.0,4332.0,1.0,65.96185,70.0
270,1.0,-2.6,-0.65330154,0.0119,52.0,57.077778,0.0,33.0,5137.0,4332.0,1.0,65.330154,30.0
271,1.0,-2.6,-0.65901625,0.0179,52.0,58.144444,0.0,138.0,5233.0,4332.0,1.0,65.90163,30.0
272,1.0,-2.6,-0.6594727,0.0175,52.0,58.044445,0.0,106.0,5224.0,4332.0,1.0,65.94727,70.0
273,1.0,-2.6,-0.66270745,0.0166,52.0,58.466667,0.0,47.0,5262.0,4333.0,1.0,66.270744,50.0
274,1.0,-2.6,-0.4095825,0.0038,52.0,21.877777,0.0,9.0,1969.0,4332.0,1.0,40.95825,10.0
275,1.0,-2.6,-0.40502435,0.0034,52.0,21.211111,0.0,7.0,1909.0,4332.0,1.0,40.502434,10.0
276,1.0,-2.6,-0.5722984,0.0046,52.0,45.322224,0.0,12.0,4079.0,4332.0,1.0,57.229843,50.0
277,1.0,-2.6,-0.41533983,0.0036,52.0,22.766666,0.0,8.0,2049.0,4332.0,1.0,41.53398,90.0
278,1.0,-2.6,-0.42445624,0.0033,52.0,23.866667,0.0,7.0,2148.0,4332.0,1.0,42.445625,10.0
279,1.0,-2.6,-0.44275847,0.003,52.0,26.544445,0.0,6.0,2389.0,4332.0,1.0,44.27585,90.0
280,1.0,-2.6,-0.5229665,0.0038,52.0,38.7,0.0,9.0,3483.0,4332.0,1.0,52.29665,10.0
281,1.0,-1.75,-0.4398485,0.0058,35.0,49.6,0.0,15.0,3472.0,3368.0,1.0,43.98485,70.0
282,1.0,-1.75,-0.40075994,0.0037,35.0,42.314285,0.0,9.0,2962.0,3368.0,1.0,40.075993,50.0
283,1.0,-1.75,-0.36968827,0.004,35.0,36.914288,0.0,10.0,2584.0,3368.0,1.0,36.968826,10.0
284,1.0,-1.75,-0.3065457,0.0033,35.0,24.385714,0.0,7.0,1707.0,3368.0,1.0,30.65457,50.0
285,1.0,-1.75,-0.31576765,0.0035,35.0,26.757143,0.0,8.0,1873.0,3368.0,1.0,31.576765,70.0
286,1.0,-1.75,-0.35103986,0.0053,35.0,33.185715,0.0,14.0,2323.0,3368.0,1.0,35.103985,50.0
287,1.0,-1.75,-0.32804343,0.0037,35.0,28.428572,0.0,9.0,1990.0,3368.0,1.0,32.804344,50.0
288,1.0,-1.75,-0.31777075,0.0035,35.0,26.62857,0.0,8.0,1864.0,3368.0,1.0,31.777075,90.0
289,1.0,-1.75,-0.31852993,0.0032,35.0,26.957144,0.0,7.0,1887.0,3368.0,1.0,31.852993,30.0
290,1.0,-1.75,-0.3261639,0.0032,35.0,28.614286,0.0,7.0,2003.0,3368.0,1.0,32.61639,50.0
291,1.0,-2.45,-0.6276434,0.0137,49.0,72.01428,0.0,38.0,5041.0,3368.0,1.0,62.76434,30.0
292,1.0,-2.45,-0.387564,0.0037,49.0,20.622223,0.0,9.0,1856.0,4229.0,1.0,38.7564,90.0
293,1.0,-2.45,-0.35183752,0.0031,49.0,15.555555,0.0,6.0,1400.0,4229.0,1.0,35.18375,50.0
294,1.0,-2.45,-0.38260764,0.0035,49.0,20.01111,0.0,8.0,1801.0,4230.0,1.0,38.260765,50.0
295,1.0,-2.45,-0.3674889,0.0031,49.0,17.455555,0.0,6.0,1571.0,4231.0,1.0,36.74889,90.0
296,1.0,-2.45,-0.587,0.0057,49.0,50.0,0.0,15.0,4500.0,4330.0,1.0,58.7,50.0
297,1.0,-2.45,-0.5294205,0.0044,49.0,41.377777,0.0,11.0,3724.0,4329.0,1.0,52.94205,30.0
298,1.0,-2.45,-0.60429,0.006,49.0,52.355556,0.0,16.0,4712.0,4329.0,1.0,60.429,30.0
299,1.0,-2.45,-0.44538584,0.0036,49.0,29.344444,0.0,8.0,2641.0,4328.0,1.0,44.538586,10.0
300,1.0,-2.45,-0.46802422,0.0043,49.0,32.7,0.0,11.0,2943.0,4328.0,1.0,46.80242,90.0
301,1.0,-2.45,-0.6272055,0.0112,49.0,55.422222,0.0,31.0,4988.0,4329.0,1.0,62.72055,30.0
302,1.0,-2.45,-0.5404373,0.0061,49.0,43.033333,0.0,16.0,3873.0,4328.0,1.0,54.043728,90.0
303,1.0,-2.45,-0.5542807,0.0057,49.0,44.81111,0.0,15.0,4033.0,4328.0,1.0,55.42807,90.0
304,1.0,-2.45,-0.5222727,0.005,49.0,40.255554,0.0,13.0,3623.0,4328.0,1.0,52.227272,30.0
305,1.0,-2.45,-0.49094242,0.0041,49.0,33.933334,0.0,10.0,3054.0,4328.0,1.0,49.094242,10.0
306,1.0,-2.45,-0.6193719,0.0106,49.0,54.77778,0.0,29.0,4930.0,4328.0,1.0,61.937187,10.0
307,1.0,-2.45,-0.61732554,0.0075,49.0,54.077778,0.0,20.0,4867.0,4328.0,1.0,61.73255,10.0
308,1.0,-2.45,-0.63678366,0.0132,49.0,56.81111,0.0,37.0,5113.0,4329.0,1.0,63.678364,10.0
309,1.0,-2.45,-0.6440496,0.0175,49.0,57.7,0.0,143.0,5193.0,4331.0,1.0,64.40496,10.0
310,1.0,-2.45,-0.6332375,0.0178,49.0,56.666668,0.0,121.0,5100.0,4329.0,1.0,63.32375,50.0
311,1.0,-2.45,-0.6355286,0.0176,49.0,57.18889,0.0,134.0,5147.0,4328.0,1.0,63.552864,10.0
312,1.0,-2.45,-0.6337835,0.0175,49.0,56.933334,0.0,80.0,5124.0,4329.0,1.0,63.37835,90.0
313,1.0,-2.45,-0.6337022,0.0175,49.0,56.433334,0.0,83.0,5079.0,4328.0,1.0,63.37022,30.0
314,1.0,-2.45,-0.6347443,0.0175,49.0,56.933334,0.0,67.0,5124.0,4328.0,1.0,63.474426,70.0
315,1.0,-2.45,-0.63127494,0.0177,49.0,55.966667,0.0,62.0,5037.0,4328.0,1.0,63.127495,10.0
316,1.0,-2.45,-0.52231526,0.0057,49.0,40.31111,0.0,15.0,3628.0,4328.0,1.0,52.231525,10.0
317,1.0,-2.45,-0.6183931,0.0101,49.0,54.5,0.0,28.0,4905.0,4328.0,1.0,61.839314,10.0
318,1.0,-2.45,-0.6321228,0.0174,49.0,56.066666,0.0,126.0,5046.0,4328.0,1.0,63.21228,30.0
319,1.0,-2.45,-0.6277295,0.0175,49.0,55.58889,0.0,92.0,5003.0,4328.0,1.0,62.77295,90.0
320,1.0,-2.45,-0.627812,0.0179,49.0,55.966667,0.0,124.0,5037.0,4330.0,1.0,62.7812,30.0
321,1.0,-2.45,-0.640352,0.0176,49.0,57.422222,0.0,142.0,5168.0,4328.0,1.0,64.0352,70.0
322,1.0,-2.45,-0.6346115,0.0177,49.0,56.266666,0.0,70.0,5064.0,4328.0,1.0,63.46115,50.0
323,1.0,-2.45,-0.63413703,0.0176,49.0,56.58889,0.0,91.0,5093.0,4328.0,1.0,63.413704,30.0
324,1.0,-2.45,-0.6174854,0.0108,49.0,55.344444,0.0,30.0,4981.0,4328.0,1.0,61.74854,30.0
325,1.0,-2.45,-0.6335258,0.0178,49.0,56.5,0.0,112.0,5085.0,4328.0,1.0,63.352577,50.0
326,1.0,-2.45,-0.6289078,0.0176,49.0,56.288887,0.0,107.0,5066.0,4330.0,1.0,62.89078,50.0
327,1.0,-2.45,-0.61768,0.0179,49.0,53.77778,0.0,77.0,4840.0,4328.0,1.0,61.768,90.0
328,1.0,-2.45,-0.6329573,0.0177,49.0,56.233334,0.0,122.0,5061.0,4328.0,1.0,63.295727,30.0
329,1.0,-2.45,-0.6345063,0.0176,49.0,56.38889,0.0,53.0,5075.0,4328.0,1.0,63.450626,90.0
330,1.0,-2.45,-0.627165,0.0177,49.0,55.68889,0.0,134.0,5012.0,4328.0,1.0,62.7165,70.0
331,1.0,-2.45,-0.6272128,0.0175,49.0,55.355556,0.0,110.0,4982.0,4328.0,1.0,62.721283,30.0
332,1.0,-2.45,-0.62219393,0.0177,49.0,55.1,0.0,118.0,4959.0,4328.0,1.0,62.219395,90.0
333,1.0,-2.45,-0.62726396,0.0177,49.0,55.566666,0.0,128.0,5001.0,4328.0,1.0,62.726395,90.0
334,1.0,-2.45,-0.6239821,0.0175,49.0,55.566666,0.0,130.0,5001.0,4329.0,1.0,62.398205,70.0
335,1.0,-2.45,-0.6333607,0.0178,49.0,56.52222,0.0,82.0,5087.0,4329.0,1.0,63.336067,90.0
336,1.0,-2.45,-0.6353859,0.0176,49.0,56.677776,0.0,88.0,5101.0,4329.0,1.0,63.53859,10.0
337,1.0,-2.45,-0.62914747,0.0176,49.0,55.97778,0.0,132.0,5038.0,4328.0,1.0,62.91475,30.0
338,1.0,-2.45,-0.62685573,0.0175,49.0,56.011112,0.0,124.0,5041.0,4329.0,1.0,62.685574,30.0
339,1.0,-2.45,-0.63199764,0.0177,49.0,56.27778,0.0,113.0,5065.0,4328.0,1.0,63.199764,70.0
340,1.0,-2.45,-0.6098829,0.0093,49.0,53.433334,0.0,25.0,4809.0,4329.0,1.0,60.98829,10.0
341,1.0,-2.45,-0.62148124,0.0177,49.0,55.2,0.0,59.0,4968.0,4329.0,1.0,62.148125,30.0
342,1.0,-2.45,-0.627812,0.0176,49.0,55.966667,0.0,95.0,5037.0,4329.0,1.0,62.7812,70.0
343,1.0,-2.45,-0.6282132,0.0175,49.0,55.933334,0.0,133.0,5034.0,4329.0,1.0,62.821323,10.0
344,1.0,-2.45,-0.62101156,0.0176,49.0,55.22222,0.0,124.0,4970.0,4329.0,1.0,62.10116,90.0
345,1.0,-2.45,-0.62211496,0.0179,49.0,55.11111,0.0,108.0,4960.0,4329.0,1.0,62.2115,70.0
346,1.0,-2.45,-0.60972595,0.0102,49.0,53.344444,0.0,28.0,4801.0,4330.0,1.0,60.972595,30.0
347,1.0,-2.45,-0.6214307,0.0176,49.0,55.011112,0.0,106.0,4951.0,4331.0,1.0,62.14307,30.0
348,1.0,-2.45,-0.6333503,0.0176,49.0,56.244446,0.0,61.0,5062.0,4329.0,1.0,63.33503,30.0
349,1.0,-2.45,-0.63013476,0.0177,49.0,55.733334,0.0,110.0,5016.0,4329.0,1.0,63.013474,50.0
350,1.0,-2.45,-0.6250378,0.0177,49.0,55.744446,0.0,135.0,5017.0,4329.0,1.0,62.503777,90.0
351,1.0,-2.45,-0.6296611,0.0176,49.0,55.755554,0.0,188.0,5018.0,4330.0,1.0,62.966106,50.0
352,1.0,-2.45,-0.6298874,0.0177,49.0,55.81111,0.0,107.0,5023.0,4329.0,1.0,62.98874,70.0
353,1.0,-2.45,-0.6232874,0.0176,49.0,55.011112,0.0,80.0,4951.0,4330.0,1.0,62.328735,90.0
354,1.0,-2.45,-0.6105275,0.0099,49.0,53.155556,0.0,27.0,4784.0,4329.0,1.0,61.05275,70.0
355,1.0,-2.45,-0.6254042,0.0178,49.0,55.47778,0.0,90.0,4993.0,4330.0,1.0,62.54042,90.0
356,1.0,-2.45,-0.6243998,0.0176,49.0,55.422222,0.0,54.0,4988.0,4329.0,1.0,62.439976,30.0
357,1.0,-2.45,-0.5513299,0.0061,49.0,44.766666,0.0,16.0,4029.0,4329.0,1.0,55.13299,10.0
358,1.0,-2.45,-0.5385946,0.005,49.0,42.8,0.0,13.0,3852.0,4329.0,1.0,53.859463,10.0
359,1.0,-2.45,-0.49382943,0.0044,49.0,36.244446,0.0,11.0,3262.0,4330.0,1.0,49.382942,90.0
360,1.0,-2.45,-0.60051465,0.0,1.0,0.0,0.0,0.0,0.0,0.0,0.0,0.0,50.0
361,-0.38999996,-0.4,-0.32803336,0.0278,8.0,469.875,0.0,37.0,3759.0,385.0,1.0,32.803337,30.0
362,1.0,-1.1,-0.20384663,0.0026,22.0,29.068182,0.0,4.0,1279.0,1936.0,1.0,20.384663,10.0
363,1.0,-2.4,-0.78507584,0.0141,48.0,86.96342,0.0,39.0,7131.0,3638.0,1.0,78.50758,30.0
364,1.0,-2.4,-0.62625784,0.0178,48.0,56.055557,0.0,128.0,5045.0,4102.0,1.0,62.625782,90.0
365,1.0,-2.4,-0.61984664,0.0176,48.0,55.877777,0.0,61.0,5029.0,4233.0,1.0,61.984665,50.0
366,1.0,-2.4,-0.5327963,0.006,48.0,42.788887,0.0,16.0,3851.0,4327.0,1.0,53.279633,90.0
367,1.0,-2.4,-0.4794494,0.0047,48.0,35.444443,0.0,12.0,3190.0,4327.0,1.0,47.94494,10.0
368,1.0,-2.4,-0.60106087,0.0078,48.0,52.7,0.0,21.0,4743.0,4328.0,1.0,60.106087,10.0
369,1.0,-2.4,-0.59783906,0.0084,48.0,52.466667,0.0,22.0,4722.0,4326.0,1.0,59.783905,30.0
370,1.0,-2.4,-0.62830734,0.0176,48.0,56.055557,0.0,118.0,5045.0,4327.0,1.0,62.830734,10.0
371,1.0,-2.4,-0.6236177,0.0177,48.0,56.2,0.0,59.0,5058.0,4327.0,1.0,62.36177,90.0
372,1.0,-2.4,-0.63465124,0.0175,48.0,57.555557,0.0,56.0,5180.0,4326.0,1.0,63.465126,50.0
373,1.0,-2.4,-0.62369096,0.0178,48.0,56.466667,0.0,104.0,5082.0,4328.0,1.0,62.3691,10.0
374,1.0,-2.4,-0.44664347,0.0062,48.0,30.411112,0.0,16.0,2737.0,4327.0,1.0,44.66435,30.0
375,1.0,-2.4,-0.4402005,0.0044,48.0,29.077778,0.0,11.0,2617.0,4327.0,1.0,44.02005,90.0
376,1.0,-2.4,-0.62366694,0.0175,48.0,56.3,0.0,75.0,5067.0,4327.0,1.0,62.36669,90.0
377,1.0,-2.4,-0.62690884,0.0175,48.0,56.58889,0.0,118.0,5093.0,4326.0,1.0,62.690884,90.0
378,1.0,-2.4,-0.62350154,0.0175,48.0,55.655556,0.0,116.0,5009.0,4326.0,1.0,62.350155,90.0
379,1.0,-2.4,-0.5959834,0.0076,48.0,51.577778,0.0,20.0,4642.0,4327.0,1.0,59.59834,70.0
380,1.0,-2.4,-0.61692375,0.0176,48.0,55.333332,0.0,110.0,4980.0,4327.0,1.0,61.692375,10.0
381,1.0,-2.4,-0.62056243,0.0175,48.0,55.844444,0.0,123.0,5026.0,4328.0,1.0,62.056244,30.0
382,1.0,-2.4,-0.59947187,0.0095,48.0,53.455555,0.0,26.0,4811.0,4327.0,1.0,59.94719,10.0
383,1.0,-2.4,-0.61960715,0.0174,48.0,55.566666,0.0,115.0,5001.0,4327.0,1.0,61.960716,70.0
384,1.0,-2.4,-0.5270397,0.0057,48.0,42.27778,0.0,15.0,3805.0,4328.0,1.0,52.703968,50.0
385,1.0,-2.4,-0.63024515,0.0174,48.0,56.61111,0.0,60.0,5095.0,4327.0,1.0,63.024517,10.0
386,1.0,-2.4,-0.35374174,0.005,48.0,16.5,0.0,13.0,1485.0,4327.0,1.0,35.374172,90.0
387,1.0,-2.4,-0.31258246,0.003,48.0,10.633333,0.0,5.0,957.0,4328.0,1.0,31.258247,10.0
388,1.0,-2.4,-0.32882673,0.0028,48.0,13.077778,0.0,5.0,1177.0,4328.0,1.0,32.88267,30.0
389,1.0,-2.4,-0.35992762,0.0026,48.0,16.066668,0.0,4.0,1446.0,4328.0,1.0,35.992764,30.0
390,1.0,-2.4,-0.3542202,0.0025,48.0,16.522223,0.0,3.0,1487.0,4328.0,1.0,35.42202,10.0
391,1.0,-2.25,-0.56822324,0.0072,45.0,68.65151,0.0,19.0,4531.0,3176.0,1.0,56.822327,30.0
392,1.0,-2.25,-0.3184424,0.0024,45.0,13.655556,0.0,2.0,1229.0,4213.0,1.0,31.84424,10.0
393,1.0,-2.25,-0.3301163,0.0028,45.0,15.488889,0.0,5.0,1394.0,4210.0,1.0,33.01163,30.0
394,1.0,-2.25,-0.30307725,0.0024,45.0,11.466666,0.0,3.0,1032.0,4209.0,1.0,30.307726,30.0
395,1.0,-2.25,-0.30927724,0.0025,45.0,12.311111,0.0,4.0,1108.0,4209.0,1.0,30.927725,10.0
396,1.0,-2.25,-0.40701038,0.004,45.0,26.533333,0.0,10.0,2388.0,4209.0,1.0,40.70104,50.0
397,1.0,-1.3,-0.285344,0.0034,26.0,39.307693,0.0,7.0,2044.0,2504.0,1.0,28.5344,30.0
398,1.0,-1.3,-0.2372455,0.0023,26.0,25.942308,0.0,2.0,1349.0,2505.0,1.0,23.72455,90.0
399,1.0,-2.15,-0.5400078,0.0075,43.0,78.611115,0.0,20.0,4245.0,2592.0,1.0,54.000782,30.0
400,1.0,-2.6,-0.6624549,0.0176,52.0,58.91111,0.0,64.0,5302.0,4146.0,1.0,66.24549,70.0
401,1.0,-2.6,-0.57950324,0.0068,52.0,46.31111,0.0,18.0,4168.0,4308.0,1.0,57.950325,30.0
402,1.0,-2.6,-0.6404688,0.0175,52.0,55.555557,0.0,99.0,5000.0,4333.0,1.0,64.046875,50.0
403,1.0,-2.6,-0.64350814,0.0178,52.0,55.61111,0.0,127.0,5005.0,4332.0,1.0,64.350815,50.0
404,1.0,-2.6,-0.64087224,0.0175,52.0,55.47778,0.0,139.0,4993.0,4334.0,1.0,64.08723,10.0
405,1.0,-2.6,-0.6399913,0.0175,52.0,55.6,0.0,130.0,5004.0,4334.0,1.0,63.999126,70.0
406,1.0,-2.6,-0.64544374,0.0176,52.0,56.166668,0.0,133.0,5055.0,4334.0,1.0,64.54437,90.0
407,1.0,-2.6,-0.642052,0.0176,52.0,55.855556,0.0,123.0,5027.0,4332.0,1.0,64.2052,70.0
408,1.0,-2.6,-0.6498806,0.0179,52.0,56.766666,0.0,127.0,5109.0,4332.0,1.0,64.98806,70.0
409,1.0,-2.6,-0.6435223,0.0176,52.0,55.5,0.0,132.0,4995.0,4333.0,1.0,64.352234,70.0
410,1.0,-2.6,-0.64497805,0.0176,52.0,55.733334,0.0,130.0,5016.0,4333.0,1.0,64.4978,10.0
411,1.0,-2.6,-0.6423097,0.0176,52.0,56.333332,0.0,146.0,5070.0,4332.0,1.0,64.23097,90.0
412,1.0,-2.6,-0.64141333,0.0177,52.0,55.511112,0.0,141.0,4996.0,4332.0,1.0,64.141335,50.0
413,1.0,-2.6,-0.65082496,0.0178,52.0,56.81111,0.0,131.0,5113.0,4332.0,1.0,65.0825,70.0
414,1.0,-2.6,-0.64741117,0.0176,52.0,56.2,0.0,131.0,5058.0,4333.0,1.0,64.74112,10.0
415,1.0,-2.6,-0.6413689,0.0176,52.0,55.233334,0.0,132.0,4971.0,4334.0,1.0,64.136894,10.0
416,1.0,-2.6,-0.6398278,0.0176,52.0,55.944443,0.0,147.0,5035.0,4335.0,1.0,63.98278,10.0
417,1.0,-2.6,-0.6371782,0.0176,52.0,55.211113,0.0,166.0,4969.0,4334.0,1.0,63.717815,10.0
418,1.0,-2.6,-0.6425419,0.0179,52.0,55.766666,0.0,141.0,5019.0,4334.0,1.0,64.25419,70.0
419,1.0,-2.6,-0.63851,0.0176,52.0,55.11111,0.0,159.0,4960.0,4334.0,1.0,63.851,10.0
420,1.0,-2.6,-0.638798,0.0177,52.0,55.288887,0.0,160.0,4976.0,4334.0,1.0,63.8798,30.0
421,1.0,-2.6,-0.6467714,0.0175,52.0,56.755554,0.0,164.0,5108.0,4334.0,1.0,64.67714,70.0
422,1.0,-2.6,-0.6463702,0.0175,52.0,56.255554,0.0,138.0,5063.0,4334.0,1.0,64.63702,50.0
423,1.0,-2.6,-0.64602363,0.0178,52.0,56.044445,0.0,150.0,5044.0,4334.0,1.0,64.60236,90.0
424,1.0,-2.6,-0.6472846,0.0175,52.0,56.044445,0.0,138.0,5044.0,4334.0,1.0,64.72846,50.0
425,1.0,-2.6,-0.65138084,0.0175,52.0,56.822224,0.0,145.0,5114.0,4334.0,1.0,65.138084,50.0
426,1.0,-2.6,-0.65024,0.0176,52.0,56.88889,0.0,131.0,5120.0,4334.0,1.0,65.024,70.0
427,1.0,-2.6,-0.65519994,0.0175,52.0,57.77778,0.0,128.0,5200.0,4334.0,1.0,65.52,70.0
428,1.0,-2.6,-0.6384003,0.0179,52.0,55.711113,0.0,149.0,5014.0,4334.0,1.0,63.84003,10.0
429,1.0,-2.6,-0.6409594,0.0175,52.0,56.11111,0.0,128.0,5050.0,4335.0,1.0,64.09594,50.0
430,1.0,-2.6,-0.6424372,0.0177,52.0,55.88889,0.0,130.0,5030.0,4334.0,1.0,64.24372,70.0
431,1.0,-2.6,-0.6409913,0.0177,52.0,55.08889,0.0,126.0,4958.0,4334.0,1.0,64.09913,50.0
432,1.0,-2.6,-0.63986737,0.0176,52.0,55.422222,0.0,123.0,4988.0,4334.0,1.0,63.986736,70.0
433,1.0,-2.6,-0.6432029,0.0176,52.0,55.97778,0.0,123.0,5038.0,4334.0,1.0,64.32029,90.0
434,1.0,-2.6,-0.6494295,0.0175,52.0,56.377777,0.0,125.0,5074.0,4334.0,1.0,64.94295,90.0
435,1.0,-2.6,-0.6434256,0.0175,52.0,56.033333,0.0,133.0,5043.0,4334.0,1.0,64.34256,90.0
436,1.0,-2.6,-0.6460891,0.0174,52.0,56.866665,0.0,135.0,5118.0,4334.0,1.0,64.60891,50.0
437,1.0,-2.6,-0.64353997,0.0176,52.0,56.444443,0.0,136.0,5080.0,4335.0,1.0,64.354,30.0
438,1.0,-2.6,-0.6495594,0.0178,52.0,57.0,0.0,131.0,5130.0,4334.0,1.0,64.95594,50.0
439,1.0,-2.6,-0.6499257,0.0175,52.0,57.455555,0.0,140.0,5171.0,4334.0,1.0,64.99257,90.0
440,1.0,-2.6,-0.6535846,0.0177,52.0,57.4,0.0,123.0,5166.0,4334.0,1.0,65.35846,70.0
441,1.0,-2.6,-0.65235937,0.0175,52.0,57.433334,0.0,83.0,5169.0,4335.0,1.0,65.23594,50.0
442,1.0,-2.6,-0.65041196,0.0177,52.0,57.077778,0.0,59.0,5137.0,4334.0,1.0,65.0412,90.0
443,1.0,-2.6,-0.6480296,0.0178,52.0,56.566666,0.0,135.0,5091.0,4334.0,1.0,64.80296,10.0
444,1.0,-2.6,-0.64631516,0.0176,52.0,56.155556,0.0,128.0,5054.0,4334.0,1.0,64.631516,70.0
445,1.0,-2.6,-0.6469563,0.0178,52.0,56.433334,0.0,128.0,5079.0,4335.0,1.0,64.69563,50.0
446,1.0,-2.6,-0.6511302,0.0175,52.0,57.08889,0.0,140.0,5138.0,4336.0,1.0,65.11302,10.0
447,1.0,-2.6,-0.6488677,0.0176,52.0,56.922222,0.0,125.0,5123.0,4336.0,1.0,64.88677,10.0
448,1.0,-2.6,-0.65135866,0.0178,52.0,57.122223,0.0,133.0,5141.0,4335.0,1.0,65.135864,30.0
449,1.0,-2.6,-0.65797997,0.0176,52.0,57.922222,0.0,128.0,5213.0,4334.0,1.0,65.798,90.0
450,1.0,-2.6,-0.65527606,0.0176,52.0,57.788887,0.0,138.0,5201.0,4334.0,1.0,65.5276,30.0
451,1.0,-2.6,-0.6516828,0.0176,52.0,57.5,0.0,155.0,5175.0,4334.0,1.0,65.16828,90.0
452,1.0,-2.6,-0.65647244,0.0177,52.0,58.444443,0.0,207.0,5260.0,4335.0,1.0,65.64725,90.0
453,1.0,-2.6,-0.6562241,0.0176,52.0,57.666668,0.0,255.0,5190.0,4335.0,1.0,65.622406,90.0
454,1.0,-2.6,-0.6600249,0.0176,52.0,58.41111,0.0,262.0,5257.0,4337.0,1.0,66.00249,70.0
455,1.0,-2.6,-0.6590881,0.0175,52.0,58.322224,0.0,207.0,5249.0,4336.0,1.0,65.908806,30.0
456,1.0,-2.6,-0.639358,0.0177,52.0,56.177776,0.0,142.0,5056.0,4335.0,1.0,63.9358,10.0
457,1.0,-2.6,-0.64071137,0.0178,52.0,56.566666,0.0,65.0,5091.0,4335.0,1.0,64.07114,30.0
458,1.0,-2.6,-0.62224525,0.0076,52.0,53.244446,0.0,20.0,4792.0,4335.0,1.0,62.224525,30.0
459,1.0,-2.6,-0.63194185,0.0078,52.0,54.0,0.0,21.0,4860.0,4335.0,1.0,63.194187,70.0
460,1.0,-2.6,-0.6562419,0.0174,52.0,57.97778,0.0,65.0,5218.0,4335.0,1.0,65.62419,90.0
461,1.0,-2.6,-0.66245043,0.0174,52.0,58.144444,0.0,54.0,5233.0,4335.0,1.0,66.24504,50.0
462,1.0,-2.6,-0.65924436,0.0177,52.0,57.822224,0.0,103.0,5204.0,4336.0,1.0,65.92444,30.0
463,1.0,-2.6,-0.6494243,0.0175,52.0,57.644444,0.0,114.0,5188.0,4335.0,1.0,64.94243,30.0
464,1.0,-2.6,-0.6562611,0.0175,52.0,57.577778,0.0,118.0,5182.0,4335.0,1.0,65.62611,10.0
465,1.0,-2.6,-0.659609,0.0176,52.0,57.922222,0.0,109.0,5213.0,4335.0,1.0,65.9609,10.0
466,1.0,-2.6,-0.59896237,0.0061,52.0,49.822224,0.0,16.0,4484.0,4335.0,1.0,59.896236,70.0
467,1.0,-2.6,-0.6542096,0.0177,52.0,57.966667,0.0,121.0,5217.0,4335.0,1.0,65.42096,70.0
468,1.0,-2.6,-0.6547543,0.0175,52.0,57.68889,0.0,84.0,5192.0,4335.0,1.0,65.475426,50.0
469,1.0,-2.6,-0.6514144,0.0175,52.0,56.966667,0.0,82.0,5127.0,4335.0,1.0,65.14144,70.0
470,1.0,-2.6,-0.36256203,0.0035,52.0,15.1,0.0,8.0,1359.0,4335.0,1.0,36.256203,90.0
471,1.0,-2.6,-0.63369507,0.0082,52.0,54.58889,0.0,22.0,4913.0,4335.0,1.0,63.369507,90.0
472,1.0,-2.6,-0.49527523,0.005,52.0,34.41111,0.0,13.0,3097.0,4335.0,1.0,49.527523,10.0
473,1.0,-2.6,-0.6161786,0.0076,52.0,53.27778,0.0,20.0,4795.0,4335.0,1.0,61.61786,50.0
474,1.0,-2.6,-0.66016096,0.0176,52.0,58.144444,0.0,70.0,5233.0,4335.0,1.0,66.0161,70.0
475,1.0,-2.6,-0.63997865,0.0109,52.0,55.966667,0.0,30.0,5037.0,4335.0,1.0,63.997868,90.0
476,1.0,-2.6,-0.6539337,0.014,52.0,57.333332,0.0,39.0,5160.0,4335.0,1.0,65.39337,50.0
477,1.0,-2.6,-0.6558969,0.0178,52.0,58.166668,0.0,74.0,5235.0,4335.0,1.0,65.58969,50.0
478,1.0,-2.6,-0.64730144,0.0177,52.0,56.833332,0.0,59.0,5115.0,4335.0,1.0,64.73014,10.0
479,1.0,-2.6,-0.65570617,0.0176,52.0,58.066666,0.0,136.0,5226.0,4336.0,1.0,65.57062,10.0
480,1.0,-2.6,-0.6479724,0.0177,52.0,56.744446,0.0,109.0,5107.0,4335.0,1.0,64.79724,30.0
481,1.0,-2.6,-0.650567,0.0176,52.0,57.288887,0.0,56.0,5156.0,4335.0,1.0,65.0567,30.0
482,1.0,-2.6,-0.64735717,0.0177,52.0,56.677776,0.0,74.0,5101.0,4336.0,1.0,64.73572,10.0
483,1.0,-2.6,-0.6449522,0.0176,52.0,55.88889,0.0,57.0,5030.0,4336.0,1.0,64.49522,30.0
484,1.0,-2.6,-0.66197723,0.0176,52.0,58.744446,0.0,99.0,5287.0,4336.0,1.0,66.19772,50.0
485,1.0,-2.6,-0.6576332,0.0176,52.0,57.966667,0.0,59.0,5217.0,4335.0,1.0,65.76332,70.0
486,1.0,-2.6,-0.655804,0.0176,52.0,57.7,0.0,59.0,5193.0,4335.0,1.0,65.5804,90.0
487,1.0,-2.6,-0.65257674,0.0144,52.0,57.822224,0.0,40.0,5204.0,4335.0,1.0,65.257675,90.0
488,1.0,-2.6,-0.65252876,0.0178,52.0,56.988888,0.0,52.0,5129.0,4337.0,1.0,65.25288,50.0
489,1.0,-2.6,-0.646834,0.0177,52.0,57.0,0.0,77.0,5130.0,4336.0,1.0,64.6834,50.0
490,1.0,-2.6,-0.64869064,0.0176,52.0,56.47778,0.0,82.0,5083.0,4336.0,1.0,64.869064,50.0
491,1.0,-2.6,-0.6495841,0.0175,52.0,56.933334,0.0,61.0,5124.0,4337.0,1.0,64.95841,50.0
492,1.0,-2.6,-0.64624923,0.0174,52.0,56.655556,0.0,49.0,5099.0,4337.0,1.0,64.62492,10.0
493,1.0,-2.6,-0.6399282,0.0176,52.0,55.866665,0.0,103.0,5028.0,4336.0,1.0,63.992825,50.0
494,1.0,-2.6,-0.644326,0.0176,52.0,56.211113,0.0,75.0,5059.0,4338.0,1.0,64.432594,30.0
495,1.0,-2.6,-0.638089,0.0176,52.0,55.344444,0.0,100.0,4981.0,4336.0,1.0,63.808903,70.0
496,1.0,-2.6,-0.6441212,0.0176,52.0,56.08889,0.0,115.0,5048.0,4336.0,1.0,64.412125,30.0
497,1.0,-2.6,-0.64044213,0.0179,52.0,55.68889,0.0,70.0,5012.0,4336.0,1.0,64.04421,30.0
498,1.0,-2.6,-0.65468687,0.0178,52.0,57.988888,0.0,56.0,5219.0,4336.0,1.0,65.46869,30.0
499,1.0,-2.6,-0.65710586,0.0176,52.0,58.2,0.0,54.0,5238.0,4337.0,1.0,65.71059,50.0
500,1.0,-2.6,-0.65174943,0.0177,52.0,56.922222,0.0,144.0,5123.0,4336.0,1.0,65.17494,10.0
501,1.0,-2.6,-0.65120006,0.0176,52.0,56.88889,0.0,66.0,5120.0,4336.0,1.0,65.12,90.0
502,1.0,-2.6,-0.6506342,0.0177,52.0,56.644444,0.0,139.0,5098.0,4336.0,1.0,65.06342,10.0
503,1.0,-2.6,-0.65301764,0.0175,52.0,57.2,0.0,135.0,5148.0,4337.0,1.0,65.301765,50.0
504,1.0,-2.6,-0.64332855,0.0176,52.0,56.366665,0.0,120.0,5073.0,4337.0,1.0,64.332855,10.0
505,1.0,-2.6,-0.36651012,0.0037,52.0,15.533334,0.0,9.0,1398.0,4337.0,1.0,36.651012,70.0
506,1.0,-2.6,-0.65284216,0.0174,52.0,57.011112,0.0,133.0,5131.0,4337.0,1.0,65.28422,70.0
507,1.0,-2.6,-0.6443197,0.0175,52.0,56.233334,0.0,134.0,5061.0,4337.0,1.0,64.43197,30.0
508,1.0,-2.6,-0.3212903,0.0027,52.0,9.222222,0.0,4.0,830.0,4339.0,1.0,32.129032,10.0
509,1.0,-2.6,-0.64796644,0.0174,52.0,56.511112,0.0,124.0,5086.0,4338.0,1.0,64.796646,50.0
510,1.0,-2.6,-0.6432446,0.0175,52.0,56.122223,0.0,63.0,5051.0,4338.0,1.0,64.32446,10.0
511,1.0,-2.6,-0.6453018,0.0176,52.0,56.1,0.0,142.0,5049.0,4338.0,1.0,64.53018,50.0
512,1.0,-2.6,-0.65082496,0.0168,52.0,56.81111,0.0,48.0,5113.0,4338.0,1.0,65.0825,30.0
513,1.0,-2.6,-0.646258,0.0175,52.0,56.844444,0.0,108.0,5116.0,4339.0,1.0,64.6258,70.0
514,1.0,-2.6,-0.6394487,0.0175,52.0,56.144444,0.0,56.0,5053.0,4339.0,1.0,63.94487,30.0
515,1.0,-2.6,-0.6469817,0.0176,52.0,56.833332,0.0,83.0,5115.0,4339.0,1.0,64.69817,30.0
516,1.0,-2.6,-0.35685962,0.0037,52.0,14.355556,0.0,9.0,1292.0,4340.0,1.0,35.685963,50.0
517,1.0,-2.6,-0.3427392,0.0033,52.0,12.0222225,0.0,7.0,1082.0,4340.0,1.0,34.27392,70.0
518,1.0,-2.6,-0.35528752,0.0023,52.0,14.0,0.0,2.0,1260.0,4340.0,1.0,35.52875,10.0
519,1.0,-2.6,-0.37760553,0.0025,52.0,17.144444,0.0,4.0,1543.0,4341.0,1.0,37.76055,10.0
520,1.0,-2.6,-0.3727597,0.0024,52.0,16.411112,0.0,3.0,1477.0,4341.0,1.0,37.27597,10.0
521,1.0,-1.75,-0.43857014,0.0044,35.0,61.625,0.0,11.0,3451.0,2702.0,1.0,43.857014,50.0
522,1.0,-1.75,-0.30093625,0.0025,35.0,22.314285,0.0,3.0,1562.0,3307.0,1.0,30.093624,90.0
523,1.0,-1.75,-0.2913728,0.0027,35.0,22.028572,0.0,4.0,1542.0,3307.0,1.0,29.137281,90.0
524,1.0,-1.75,-0.266635,0.0026,35.0,17.028572,0.0,4.0,1192.0,3307.0,1.0,26.6635,30.0
525,1.0,-1.75,-0.27105445,0.0029,35.0,18.1,0.0,6.0,1267.0,3308.0,1.0,27.105444,50.0
526,1.0,-1.75,-0.30651206,0.0037,35.0,24.7,0.0,9.0,1729.0,3313.0,1.0,30.651207,70.0
527,1.0,-1.2,-0.2289805,0.003,24.0,29.666666,0.0,6.0,1424.0,2318.0,1.0,22.89805,50.0
528,1.0,-1.2,-0.1984336,0.0024,24.0,21.5625,0.0,3.0,1035.0,2318.0,1.0,19.843359,50.0
529,1.0,-1.2,-0.20442262,0.0027,24.0,23.104166,0.0,5.0,1109.0,2318.0,1.0,20.442263,90.0
530,1.0,-1.2,-0.2067375,0.0023,24.0,25.0,0.0,2.0,1200.0,2320.0,1.0,20.67375,10.0
531,1.0,-2.2,-0.6195442,0.0129,44.0,59.715908,0.0,35.0,5255.0,4026.0,1.0,61.954422,10.0
532,1.0,-2.2,-0.28260043,0.0027,44.0,9.340909,0.0,4.0,822.0,4027.0,1.0,28.260044,10.0
533,1.0,-2.2,-0.28670093,0.0027,44.0,10.477273,0.0,4.0,922.0,4028.0,1.0,28.670094,90.0
534,1.0,-2.2,-0.31200594,0.0027,44.0,12.897727,0.0,4.0,1135.0,4030.0,1.0,31.200594,30.0
535,1.0,-2.2,-0.3413221,0.0029,44.0,18.147728,0.0,5.0,1597.0,4030.0,1.0,34.13221,50.0
536,1.0,-2.2,-0.48085093,0.0039,44.0,38.795456,0.0,9.0,3414.0,4175.0,1.0,48.085094,50.0
537,1.0,-1.7,-0.3892815,0.0037,34.0,42.588234,0.0,8.0,2896.0,3279.0,1.0,38.92815,70.0
538,1.0,-1.7,-0.35982448,0.0033,34.0,38.191177,0.0,7.0,2597.0,3279.0,1.0,35.98245,70.0
539,1.0,-1.7,-0.3866389,0.0039,34.0,41.867645,0.0,10.0,2847.0,3279.0,1.0,38.66389,90.0
540,1.0,-1.7,-0.28765374,0.003,34.0,22.691177,0.0,6.0,1543.0,3279.0,1.0,28.765375,50.0
541,1.0,-2.55,-0.6505277,0.0168,51.0,66.448715,0.0,47.0,5183.0,3709.0,1.0,65.05277,50.0
542,1.0,-2.55,-0.32286564,0.0031,51.0,10.0,0.0,6.0,900.0,4234.0,1.0,32.286564,70.0
543,1.0,-2.55,-0.35116643,0.0038,51.0,14.1,0.0,9.0,1269.0,4234.0,1.0,35.116642,10.0
544,1.0,-2.55,-0.33714595,0.0032,51.0,11.877778,0.0,6.0,1069.0,4234.0,1.0,33.714596,50.0
545,1.0,-2.55,-0.4011578,0.0038,51.0,21.211111,0.0,9.0,1909.0,4288.0,1.0,40.11578,10.0
546,1.0,-2.55,-0.52763444,0.0051,51.0,39.744446,0.0,13.0,3577.0,4342.0,1.0,52.763447,30.0
547,1.0,-2.55,-0.6191792,0.0098,51.0,53.133335,0.0,27.0,4782.0,4342.0,1.0,61.91792,10.0
548,1.0,-2.55,-0.6254187,0.0092,51.0,53.88889,0.0,25.0,4850.0,4342.0,1.0,62.541874,50.0
549,1.0,-2.55,-0.555656,0.0068,51.0,43.955555,0.0,18.0,3956.0,4342.0,1.0,55.5656,70.0
550,1.0,-2.55,-0.45524397,0.0043,51.0,29.155556,0.0,11.0,2624.0,4342.0,1.0,45.5244,30.0
551,1.0,-2.55,-0.6365109,0.015,51.0,55.366665,0.0,42.0,4983.0,4342.0,1.0,63.651093,10.0
552,1.0,-2.55,-0.6166403,0.0076,51.0,52.633335,0.0,20.0,4737.0,4342.0,1.0,61.664036,70.0
553,1.0,-2.55,-0.60134953,0.0073,51.0,50.366665,0.0,19.0,4533.0,4342.0,1.0,60.134953,10.0
554,1.0,-2.55,-0.5643211,0.0065,51.0,45.166668,0.0,17.0,4065.0,4342.0,1.0,56.43211,50.0
555,1.0,-2.55,-0.4877284,0.0046,51.0,33.733334,0.0,12.0,3036.0,4342.0,1.0,48.77284,10.0
556,1.0,-2.55,-0.622539,0.0092,51.0,53.91111,0.0,25.0,4852.0,4342.0,1.0,62.2539,10.0
557,1.0,-2.55,-0.63057995,0.0175,51.0,55.711113,0.0,66.0,5014.0,4342.0,1.0,63.057995,30.0
558,1.0,-2.55,-0.63730437,0.0162,51.0,55.77778,0.0,46.0,5020.0,4343.0,1.0,63.73044,10.0
559,1.0,-2.55,-0.635161,0.0175,51.0,55.877777,0.0,117.0,5029.0,4344.0,1.0,63.516098,50.0
560,1.0,-2.55,-0.6371475,0.0174,51.0,55.77778,0.0,84.0,5020.0,4342.0,1.0,63.71475,50.0
561,1.0,-2.55,-0.6364588,0.0177,51.0,56.02222,0.0,71.0,5042.0,4342.0,1.0,63.64588,10.0
562,1.0,-2.55,-0.61913306,0.0088,51.0,53.81111,0.0,24.0,4843.0,4342.0,1.0,61.913307,10.0
563,1.0,-2.55,-0.6191182,0.0089,51.0,53.255554,0.0,24.0,4793.0,4342.0,1.0,61.911823,90.0
564,1.0,-2.55,-0.6233727,0.0088,51.0,54.011112,0.0,24.0,4861.0,4342.0,1.0,62.337265,70.0
565,1.0,-2.55,-0.62147886,0.0086,51.0,53.8,0.0,23.0,4842.0,4342.0,1.0,62.14789,70.0
566,1.0,-2.55,-0.6323096,0.0129,51.0,55.68889,0.0,36.0,5012.0,4342.0,1.0,63.23096,10.0
567,1.0,-2.55,-0.64428,0.0176,51.0,56.88889,0.0,90.0,5120.0,4343.0,1.0,64.428,10.0
568,1.0,-2.55,-0.643749,0.0176,51.0,57.02222,0.0,53.0,5132.0,4343.0,1.0,64.3749,90.0
569,1.0,-2.55,-0.6455067,0.0176,51.0,57.58889,0.0,96.0,5183.0,4344.0,1.0,64.55067,90.0
570,1.0,-2.55,-0.62662566,0.0093,51.0,54.555557,0.0,25.0,4910.0,4343.0,1.0,62.662563,90.0
571,1.0,-2.55,-0.630136,0.0178,51.0,54.844444,0.0,54.0,4936.0,4344.0,1.0,63.0136,10.0
572,1.0,-2.55,-0.6342064,0.0177,51.0,55.122223,0.0,112.0,4961.0,4344.0,1.0,63.420643,90.0
573,1.0,-2.55,-0.6336903,0.0176,51.0,56.055557,0.0,82.0,5045.0,4344.0,1.0,63.36903,90.0
574,1.0,-2.55,-0.63779235,0.0177,51.0,56.31111,0.0,118.0,5068.0,4343.0,1.0,63.779236,90.0
575,1.0,-2.55,-0.6390237,0.0178,51.0,56.422222,0.0,91.0,5078.0,4343.0,1.0,63.902374,70.0
576,1.0,-2.55,-0.63176405,0.0099,51.0,54.677776,0.0,27.0,4921.0,4344.0,1.0,63.176407,50.0
577,1.0,-2.55,-0.64862984,0.0176,51.0,57.055557,0.0,54.0,5135.0,4343.0,1.0,64.86298,90.0
578,1.0,-2.55,-0.6433007,0.0176,51.0,57.31111,0.0,87.0,5158.0,4343.0,1.0,64.33007,10.0
579,1.0,-2.55,-0.65210223,0.0175,51.0,57.7,0.0,119.0,5193.0,4343.0,1.0,65.21022,50.0
580,1.0,-2.55,-0.6449323,0.0179,51.0,57.266666,0.0,154.0,5154.0,4343.0,1.0,64.49323,90.0
581,1.0,-2.55,-0.6445346,0.0176,51.0,57.255554,0.0,72.0,5153.0,4343.0,1.0,64.45346,90.0
582,1.0,-2.55,-0.6442035,0.0145,51.0,57.08889,0.0,41.0,5138.0,4343.0,1.0,64.42035,70.0
583,1.0,-2.55,-0.6503369,0.0175,51.0,57.655556,0.0,90.0,5189.0,4343.0,1.0,65.03369,70.0
584,1.0,-2.55,-0.6406276,0.0176,51.0,56.822224,0.0,85.0,5114.0,4343.0,1.0,64.06276,70.0
585,1.0,-2.55,-0.6437321,0.0178,51.0,56.855556,0.0,144.0,5117.0,4343.0,1.0,64.37321,70.0
586,1.0,-2.55,-0.6481576,0.0176,51.0,57.455555,0.0,129.0,5171.0,4344.0,1.0,64.81576,30.0
587,1.0,-2.55,-0.6293144,0.0089,51.0,54.41111,0.0,24.0,4897.0,4343.0,1.0,62.931442,70.0
588,1.0,-2.55,-0.64976454,0.0176,51.0,57.47778,0.0,72.0,5173.0,4343.0,1.0,64.976456,70.0
589,1.0,-2.55,-0.584058,0.0065,51.0,48.266666,0.0,17.0,4344.0,4343.0,1.0,58.4058,70.0
590,1.0,-2.55,-0.6412609,0.0179,51.0,57.2,0.0,55.0,5148.0,4343.0,1.0,64.12609,30.0
591,1.0,-2.55,-0.6475471,0.0175,51.0,57.72222,0.0,63.0,5195.0,4343.0,1.0,64.754715,90.0
592,1.0,-2.55,-0.63253367,0.0082,51.0,55.4,0.0,22.0,4986.0,4343.0,1.0,63.25337,30.0
593,1.0,-2.55,-0.6472126,0.0175,51.0,57.577778,0.0,84.0,5182.0,4343.0,1.0,64.72126,90.0
594,1.0,-2.55,-0.6504825,0.0174,51.0,57.866665,0.0,64.0,5208.0,4343.0,1.0,65.04825,90.0
595,1.0,-2.55,-0.65194273,0.0177,51.0,58.344444,0.0,57.0,5251.0,4343.0,1.0,65.194275,90.0
596,1.0,-2.55,-0.64615303,0.0177,51.0,57.422222,0.0,75.0,5168.0,4343.0,1.0,64.6153,50.0
597,1.0,-2.55,-0.64216125,0.0176,51.0,57.166668,0.0,100.0,5145.0,4343.0,1.0,64.216125,50.0
598,1.0,-2.55,-0.63611484,0.0095,51.0,55.833332,0.0,26.0,5025.0,4343.0,1.0,63.611485,50.0
599,1.0,-2.55,-0.6340749,0.0118,51.0,56.3,0.0,33.0,5067.0,4343.0,1.0,63.407494,90.0
600,1.0,-2.55,-0.6423784,0.0177,51.0,57.677776,0.0,72.0,5191.0,4343.0,1.0,64.23784,30.0
601,1.0,-2.55,-0.6450656,0.0177,51.0,57.5,0.0,78.0,5175.0,4343.0,1.0,64.50656,50.0
602,1.0,-2.55,-0.6417778,0.0176,51.0,56.5,0.0,142.0,5085.0,4343.0,1.0,64.17778,30.0
603,1.0,-2.55,-0.64592814,0.0176,51.0,57.555557,0.0,127.0,5180.0,4344.0,1.0,64.59281,90.0
604,1.0,-2.55,-0.6493088,0.0176,51.0,57.933334,0.0,134.0,5214.0,4343.0,1.0,64.93088,50.0
605,1.0,-2.55,-0.6511664,0.0177,51.0,57.61111,0.0,137.0,5185.0,4343.0,1.0,65.11664,50.0
606,1.0,-2.55,-0.65215087,0.0176,51.0,58.544445,0.0,145.0,5269.0,4343.0,1.0,65.21509,50.0
607,1.0,-2.55,-0.64259154,0.0177,51.0,57.27778,0.0,125.0,5155.0,4343.0,1.0,64.259155,70.0
608,1.0,-2.55,-0.645225,0.0177,51.0,57.333332,0.0,104.0,5160.0,4343.0,1.0,64.5225,50.0
609,1.0,-2.55,-0.6490324,0.0177,51.0,57.488888,0.0,75.0,5174.0,4343.0,1.0,64.903244,90.0
610,1.0,-2.55,-0.6434372,0.0179,51.0,57.0,0.0,82.0,5130.0,4343.0,1.0,64.34372,90.0
611,1.0,-2.55,-0.64431816,0.0177,51.0,56.77778,0.0,70.0,5110.0,4343.0,1.0,64.431816,90.0
612,1.0,-2.55,-0.6260325,0.009,51.0,54.22222,0.0,24.0,4880.0,4344.0,1.0,62.60325,30.0
613,1.0,-2.55,-0.6472338,0.0177,51.0,57.7,0.0,81.0,5193.0,4344.0,1.0,64.72338,10.0
614,1.0,-2.55,-0.3426516,0.0029,51.0,13.211111,0.0,5.0,1189.0,4343.0,1.0,34.26516,30.0
615,1.0,-2.55,-0.34421048,0.0032,51.0,13.188889,0.0,6.0,1187.0,4343.0,1.0,34.421047,10.0
616,1.0,-2.55,-0.6517663,0.0168,51.0,58.22222,0.0,48.0,5240.0,4344.0,1.0,65.17663,10.0
617,1.0,-2.55,-0.64733094,0.0172,51.0,58.244446,0.0,49.0,5242.0,4343.0,1.0,64.73309,70.0
618,1.0,-2.55,-0.6424089,0.0176,51.0,56.966667,0.0,85.0,5127.0,4343.0,1.0,64.24089,90.0
619,1.0,-2.55,-0.65142626,0.0175,51.0,58.244446,0.0,65.0,5242.0,4344.0,1.0,65.142624,50.0
620,1.0,-2.55,-0.65090925,0.0176,51.0,57.644444,0.0,81.0,5188.0,4345.0,1.0,65.09093,70.0
621,1.0,-2.55,-0.6440673,0.0176,51.0,56.81111,0.0,133.0,5113.0,4345.0,1.0,64.40673,90.0
622,1.0,-2.55,-0.6334223,0.0125,51.0,55.622223,0.0,35.0,5006.0,4343.0,1.0,63.34223,10.0
623,1.0,-2.55,-0.34360766,0.0029,51.0,13.088889,0.0,5.0,1178.0,4343.0,1.0,34.360767,30.0
624,1.0,-2.55,-0.64264196,0.0177,51.0,56.533333,0.0,75.0,5088.0,4343.0,1.0,64.2642,30.0
625,1.0,-2.55,-0.40441447,0.004,51.0,21.98889,0.0,10.0,1979.0,4343.0,1.0,40.44145,30.0
626,1.0,-2.55,-0.63763404,0.0176,51.0,56.31111,0.0,76.0,5068.0,4344.0,1.0,63.7634,10.0
627,1.0,-2.55,-0.6389535,0.0102,51.0,55.766666,0.0,28.0,5019.0,4344.0,1.0,63.89535,50.0
628,1.0,-2.55,-0.64058703,0.0112,51.0,56.72222,0.0,31.0,5105.0,4343.0,1.0,64.0587,70.0
629,1.0,-2.55,-0.64121664,0.0177,51.0,57.288887,0.0,84.0,5156.0,4343.0,1.0,64.121666,90.0
630,1.0,-2.55,-0.64107317,0.0117,51.0,56.466667,0.0,33.0,5082.0,4343.0,1.0,64.107315,50.0
631,1.0,-2.55,-0.6430958,0.0174,51.0,57.4,0.0,138.0,5166.0,4343.0,1.0,64.30958,10.0
632,1.0,-2.55,-0.6410932,0.0176,51.0,56.4,0.0,106.0,5076.0,4343.0,1.0,64.10932,10.0
633,1.0,-2.55,-0.63921773,0.0165,51.0,56.31111,0.0,47.0,5068.0,4343.0,1.0,63.921776,50.0
634,1.0,-2.55,-0.36394706,0.0038,51.0,16.066668,0.0,9.0,1446.0,4344.0,1.0,36.394707,50.0
635,1.0,-2.55,-0.35297287,0.0033,51.0,14.3,0.0,7.0,1287.0,4344.0,1.0,35.297287,30.0
636,1.0,-2.55,-0.4809096,0.0046,51.0,33.177776,0.0,12.0,2986.0,4343.0,1.0,48.090958,10.0
637,1.0,-2.55,-0.45186046,0.0035,51.0,29.055555,0.0,8.0,2615.0,4343.0,1.0,45.186047,30.0
638,1.0,-2.55,-0.43356055,0.0033,51.0,26.3,0.0,7.0,2367.0,4343.0,1.0,43.356056,90.0
639,1.0,-2.55,-0.4301195,0.0031,51.0,25.644444,0.0,6.0,2308.0,4343.0,1.0,43.01195,70.0
640,1.0,-2.55,-0.48880574,0.0038,51.0,34.266666,0.0,9.0,3084.0,4343.0,1.0,48.880573,10.0
641,1.0,-1.55,-0.42964652,0.0057,31.0,57.69355,0.0,15.0,3577.0,2993.0,1.0,42.964653,90.0
642,1.0,-1.8,-0.39204893,0.0038,36.0,38.26389,0.0,9.0,2755.0,3427.0,1.0,39.20489,70.0
643,1.0,-1.8,-0.407225,0.004,36.0,41.38889,0.0,10.0,2980.0,3428.0,1.0,40.7225,10.0
644,1.0,-1.8,-0.32905358,0.0034,36.0,27.13889,0.0,7.0,1954.0,3428.0,1.0,32.905357,10.0
645,1.0,-1.8,-0.3199996,0.0034,36.0,25.722221,0.0,8.0,1852.0,3435.0,1.0,31.999962,10.0
646,1.0,-1.8,-0.3643755,0.0052,36.0,33.805557,0.0,14.0,2434.0,3477.0,1.0,36.43755,30.0
647,1.0,-1.8,-0.307995,0.0037,36.0,23.555555,0.0,9.0,1696.0,3477.0,1.0,30.7995,10.0
648,1.0,-1.8,-0.3033914,0.0035,36.0,22.708334,0.0,8.0,1635.0,3477.0,1.0,30.33914,90.0
649,1.0,-1.8,-0.30034062,0.0033,36.0,22.055555,0.0,7.0,1588.0,3477.0,1.0,30.034063,90.0
650,1.0,-1.8,-0.32384482,0.0033,36.0,24.541666,0.0,7.0,1767.0,3477.0,1.0,32.384483,10.0
651,1.0,-2.45,-0.65551245,0.0136,49.0,65.12195,0.0,38.0,5340.0,3908.0,1.0,65.55125,70.0
652,1.0,-2.45,-0.34997833,0.0038,49.0,15.366667,0.0,9.0,1383.0,4257.0,1.0,34.997833,70.0
653,1.0,-2.45,-0.34268364,0.0031,49.0,14.211111,0.0,6.0,1279.0,4258.0,1.0,34.268364,10.0
654,1.0,-2.45,-0.41001958,0.0036,49.0,23.977777,0.0,8.0,2158.0,4257.0,1.0,41.001957,70.0
655,1.0,-2.45,-0.40473294,0.0031,49.0,23.266666,0.0,6.0,2094.0,4267.0,1.0,40.473293,30.0
656,1.0,-2.45,-0.58422965,0.0057,49.0,49.31111,0.0,15.0,4438.0,4338.0,1.0,58.422962,90.0
657,1.0,-2.45,-0.50374806,0.0044,49.0,37.922222,0.0,11.0,3413.0,4346.0,1.0,50.374805,10.0
658,1.0,-2.45,-0.5945948,0.0061,49.0,50.755554,0.0,16.0,4568.0,4346.0,1.0,59.459476,50.0
659,1.0,-2.45,-0.42838737,0.0035,49.0,26.8,0.0,8.0,2412.0,4346.0,1.0,42.838737,10.0
660,1.0,-2.45,-0.48005226,0.0043,49.0,34.47778,0.0,11.0,3103.0,4346.0,1.0,48.005226,30.0
661,1.0,-2.45,-0.6190986,0.0111,49.0,55.077778,0.0,31.0,4957.0,4346.0,1.0,61.90986,70.0
662,1.0,-2.45,-0.48766297,0.0061,49.0,35.433334,0.0,16.0,3189.0,4346.0,1.0,48.766296,90.0
663,1.0,-2.45,-0.5218681,0.0057,49.0,40.511112,0.0,15.0,3646.0,4346.0,1.0,52.186813,30.0
664,1.0,-2.45,-0.50281847,0.005,49.0,37.6,0.0,13.0,3384.0,4346.0,1.0,50.28185,70.0
665,1.0,-2.45,-0.46879908,0.0041,49.0,32.922222,0.0,10.0,2963.0,4346.0,1.0,46.87991,10.0
666,1.0,-2.45,-0.6110199,0.0104,49.0,53.577778,0.0,29.0,4822.0,4347.0,1.0,61.101994,50.0
667,1.0,-2.45,-0.6020319,0.0075,49.0,52.133335,0.0,20.0,4692.0,4346.0,1.0,60.203186,90.0
668,1.0,-2.45,-0.618599,0.0133,49.0,54.8,0.0,37.0,4932.0,4346.0,1.0,61.8599,10.0
669,1.0,-2.45,-0.6278593,0.0177,49.0,56.08889,0.0,143.0,5048.0,4346.0,1.0,62.785927,10.0
670,1.0,-2.45,-0.6200882,0.0177,49.0,55.177776,0.0,121.0,4966.0,4346.0,1.0,62.00882,70.0
671,1.0,-2.45,-0.6307543,0.0176,49.0,56.18889,0.0,134.0,5057.0,4346.0,1.0,63.075428,10.0
672,1.0,-2.45,-0.6309144,0.0175,49.0,56.7,0.0,80.0,5103.0,4346.0,1.0,63.09144,70.0
673,1.0,-2.45,-0.6316491,0.0177,49.0,55.38889,0.0,83.0,4985.0,4346.0,1.0,63.164906,90.0
674,1.0,-2.45,-0.62797195,0.0178,49.0,56.244446,0.0,67.0,5062.0,4346.0,1.0,62.797195,90.0
675,1.0,-2.45,-0.6319266,0.0176,49.0,56.244446,0.0,62.0,5062.0,4345.0,1.0,63.19266,90.0
676,1.0,-2.45,-0.45471627,0.0057,49.0,30.522223,0.0,15.0,2747.0,4346.0,1.0,45.471626,90.0
677,1.0,-2.45,-0.6190769,0.0102,49.0,54.11111,0.0,28.0,4870.0,4346.0,1.0,61.90769,90.0
678,1.0,-2.45,-0.62726367,0.0175,49.0,56.233334,0.0,126.0,5061.0,4347.0,1.0,62.726364,90.0
679,1.0,-2.45,-0.6259645,0.0177,49.0,55.377777,0.0,92.0,4984.0,4346.0,1.0,62.59645,90.0
680,1.0,-2.45,-0.6269675,0.0176,49.0,55.455555,0.0,124.0,4991.0,4346.0,1.0,62.696747,50.0
681,1.0,-2.45,-0.6274075,0.0179,49.0,56.27778,0.0,142.0,5065.0,4347.0,1.0,62.74075,70.0
682,1.0,-2.45,-0.62947154,0.0176,49.0,56.255554,0.0,70.0,5063.0,4346.0,1.0,62.947155,30.0
683,1.0,-2.45,-0.63167036,0.0179,49.0,55.955555,0.0,91.0,5036.0,4347.0,1.0,63.167038,50.0
684,1.0,-2.45,-0.6190754,0.0109,49.0,54.644444,0.0,30.0,4918.0,4347.0,1.0,61.90754,50.0
685,1.0,-2.45,-0.62744224,0.0175,49.0,55.866665,0.0,112.0,5028.0,4346.0,1.0,62.744225,30.0
686,1.0,-2.45,-0.62998086,0.0175,49.0,56.122223,0.0,107.0,5051.0,4346.0,1.0,62.99809,90.0
687,1.0,-2.45,-0.62492824,0.0175,49.0,55.866665,0.0,77.0,5028.0,4349.0,1.0,62.492825,10.0
688,1.0,-2.45,-0.6246354,0.0177,49.0,55.41111,0.0,122.0,4987.0,4346.0,1.0,62.46354,10.0
689,1.0,-2.45,-0.6226562,0.0176,49.0,55.555557,0.0,53.0,5000.0,4346.0,1.0,62.265625,30.0
690,1.0,-2.45,-0.62481046,0.0175,49.0,55.711113,0.0,134.0,5014.0,4346.0,1.0,62.48105,30.0
691,1.0,-2.45,-0.6291551,0.0176,49.0,56.255554,0.0,110.0,5063.0,4347.0,1.0,62.915512,10.0
692,1.0,-2.45,-0.62246627,0.0176,49.0,55.68889,0.0,118.0,5012.0,4346.0,1.0,62.246624,90.0
693,1.0,-2.45,-0.6272694,0.0179,49.0,55.933334,0.0,128.0,5034.0,4346.0,1.0,62.726936,90.0
694,1.0,-2.45,-0.62461156,0.0178,49.0,55.544445,0.0,130.0,4999.0,4347.0,1.0,62.461155,70.0
695,1.0,-2.45,-0.62781346,0.0175,49.0,56.47778,0.0,82.0,5083.0,4346.0,1.0,62.781345,50.0
696,1.0,-2.45,-0.6249957,0.0177,49.0,55.577778,0.0,88.0,5002.0,4347.0,1.0,62.49957,90.0
697,1.0,-2.45,-0.62650484,0.0176,49.0,55.844444,0.0,132.0,5026.0,4346.0,1.0,62.650482,90.0
698,1.0,-2.45,-0.62837553,0.0178,49.0,55.91111,0.0,124.0,5032.0,4346.0,1.0,62.83755,90.0
699,1.0,-2.45,-0.6258415,0.0176,49.0,56.633335,0.0,113.0,5097.0,4346.0,1.0,62.58415,10.0
700,1.0,-2.45,-0.6123871,0.0092,49.0,53.822224,0.0,25.0,4844.0,4346.0,1.0,61.238712,30.0
701,1.0,-2.45,-0.6281047,0.0176,49.0,56.055557,0.0,59.0,5045.0,4347.0,1.0,62.81047,70.0
702,1.0,-2.45,-0.63041973,0.0176,49.0,55.91111,0.0,95.0,5032.0,4346.0,1.0,63.041973,10.0
703,1.0,-2.45,-0.62092775,0.0179,49.0,55.255554,0.0,133.0,4973.0,4346.0,1.0,62.092773,70.0
704,1.0,-2.45,-0.62443775,0.0177,49.0,55.933334,0.0,124.0,5034.0,4346.0,1.0,62.443775,70.0
705,1.0,-2.45,-0.6183892,0.0178,49.0,55.455555,0.0,108.0,4991.0,4346.0,1.0,61.83892,30.0
706,1.0,-2.45,-0.617708,0.0103,49.0,54.4,0.0,28.0,4896.0,4347.0,1.0,61.7708,10.0
707,1.0,-2.45,-0.63198644,0.0175,49.0,56.322224,0.0,106.0,5069.0,4346.0,1.0,63.198647,70.0
708,1.0,-2.45,-0.635792,0.0178,49.0,57.133335,0.0,61.0,5142.0,4346.0,1.0,63.5792,50.0
709,1.0,-2.45,-0.6339538,0.0176,49.0,56.377777,0.0,110.0,5074.0,4347.0,1.0,63.395382,10.0
710,1.0,-2.45,-0.6339648,0.0176,49.0,56.633335,0.0,135.0,5097.0,4346.0,1.0,63.39648,50.0
711,1.0,-2.45,-0.635978,0.0175,49.0,57.066666,0.0,188.0,5136.0,4346.0,1.0,63.5978,10.0
712,1.0,-2.45,-0.63532376,0.0176,49.0,56.877777,0.0,107.0,5119.0,4346.0,1.0,63.532375,30.0
713,1.0,-2.45,-0.6277151,0.0178,49.0,55.677776,0.0,80.0,5011.0,4347.0,1.0,62.77151,50.0
714,1.0,-2.45,-0.6149658,0.0098,49.0,54.2,0.0,27.0,4878.0,4346.0,1.0,61.496582,10.0
715,1.0,-2.45,-0.6290525,0.0177,49.0,56.333332,0.0,90.0,5070.0,4346.0,1.0,62.90525,70.0
716,1.0,-2.45,-0.62708455,0.0176,49.0,55.7,0.0,54.0,5013.0,4347.0,1.0,62.708458,70.0
717,1.0,-2.45,-0.52487355,0.0061,49.0,40.6,0.0,16.0,3654.0,4347.0,1.0,52.48736,30.0
718,1.0,-2.45,-0.49091288,0.0051,49.0,37.033333,0.0,13.0,3333.0,4347.0,1.0,49.09129,10.0
719,1.0,-2.45,-0.48952025,0.0043,49.0,35.822224,0.0,11.0,3224.0,4347.0,1.0,48.952026,70.0
720,1.0,-2.45,-0.60617846,0.0,1.0,0.0,0.0,0.0,0.0,0.0,0.0,0.0,50.0
721,-0.24000004,-0.4,-0.18969475,0.0248,8.0,496.5,0.0,37.0,1986.0,194.0,1.0,18.969475,50.0
722,1.0,-1.2,-0.22439624,0.0027,24.0,28.291666,0.0,4.0,1358.0,2113.0,1.0,22.439625,70.0
723,1.0,-2.4,-0.7165587,0.014,48.0,71.579544,0.0,39.0,6299.0,3942.0,1.0,71.65587,10.0
724,1.0,-2.4,-0.64618754,0.0176,48.0,59.555557,0.0,128.0,5360.0,4134.0,1.0,64.61875,50.0
725,1.0,-2.65,-0.67244875,0.0174,53.0,59.666668,0.0,61.0,5370.0,4299.0,1.0,67.24487,90.0
726,1.0,-2.65,-0.5395681,0.006,53.0,39.944443,0.0,16.0,3595.0,4339.0,1.0,53.956814,30.0
727,1.0,-2.65,-0.5358856,0.0047,53.0,39.766666,0.0,12.0,3579.0,4339.0,1.0,53.588554,10.0
728,1.0,-2.65,-0.6464828,0.0077,53.0,55.933334,0.0,21.0,5034.0,4340.0,1.0,64.648285,30.0
729,1.0,-2.65,-0.6549614,0.0082,53.0,56.47778,0.0,22.0,5083.0,4339.0,1.0,65.49614,70.0
730,1.0,-2.65,-0.6730373,0.0176,53.0,59.288887,0.0,118.0,5336.0,4339.0,1.0,67.30373,30.0
731,1.0,-2.65,-0.66045135,0.0176,53.0,57.577778,0.0,59.0,5182.0,4339.0,1.0,66.045135,10.0
732,1.0,-2.65,-0.6600769,0.0179,53.0,58.02222,0.0,56.0,5222.0,4339.0,1.0,66.00769,50.0
733,1.0,-2.65,-0.65870494,0.0177,53.0,57.677776,0.0,104.0,5191.0,4339.0,1.0,65.87049,30.0
734,1.0,-2.65,-0.612831,0.0061,53.0,50.355556,0.0,16.0,4532.0,4340.0,1.0,61.2831,30.0
735,1.0,-2.65,-0.5115435,0.0044,53.0,36.08889,0.0,11.0,3248.0,4339.0,1.0,51.15435,30.0
736,1.0,-2.65,-0.6723729,0.0175,53.0,59.655556,0.0,75.0,5369.0,4340.0,1.0,67.23729,30.0
737,1.0,-2.65,-0.67396516,0.0178,53.0,60.211113,0.0,118.0,5419.0,4339.0,1.0,67.396515,70.0
738,1.0,-2.65,-0.67064124,0.0176,53.0,59.5,0.0,116.0,5355.0,4339.0,1.0,67.064125,70.0
739,1.0,-2.65,-0.65095377,0.0076,53.0,56.333332,0.0,20.0,5070.0,4341.0,1.0,65.095375,90.0
740,1.0,-2.65,-0.669482,0.0177,53.0,58.844444,0.0,110.0,5296.0,4339.0,1.0,66.9482,30.0
741,1.0,-2.65,-0.6638326,0.0177,53.0,58.622223,0.0,123.0,5276.0,4339.0,1.0,66.38326,90.0
742,1.0,-2.65,-0.6434223,0.0097,53.0,55.622223,0.0,26.0,5006.0,4340.0,1.0,64.34223,10.0
743,1.0,-2.65,-0.6599402,0.0176,53.0,57.81111,0.0,115.0,5203.0,4339.0,1.0,65.99402,50.0
744,1.0,-2.65,-0.52188,0.0058,53.0,37.555557,0.0,15.0,3380.0,4340.0,1.0,52.188,70.0
745,1.0,-2.65,-0.6545487,0.0176,53.0,57.4,0.0,60.0,5166.0,4340.0,1.0,65.45487,70.0
746,1.0,-2.65,-0.4639217,0.005,53.0,29.311111,0.0,13.0,2638.0,4340.0,1.0,46.39217,50.0
747,1.0,-2.65,-0.3848825,0.0029,53.0,17.555555,0.0,5.0,1580.0,4340.0,1.0,38.48825,70.0
748,1.0,-2.65,-0.38159862,0.0028,53.0,17.477777,0.0,5.0,1573.0,4340.0,1.0,38.159863,30.0
749,1.0,-2.65,-0.3853125,0.0026,53.0,17.11111,0.0,4.0,1540.0,4340.0,1.0,38.53125,10.0
750,1.0,-2.65,-0.3815208,0.0024,53.0,15.922222,0.0,3.0,1433.0,4340.0,1.0,38.15208,50.0
751,1.0,-2.0,-0.54608804,0.0072,40.0,56.7125,0.0,19.0,4537.0,3859.0,1.0,54.608803,30.0
752,1.0,-2.25,-0.33585113,0.0024,45.0,16.133333,0.0,2.0,1452.0,4289.0,1.0,33.585114,70.0
753,1.0,-2.25,-0.34279773,0.0029,45.0,18.022223,0.0,5.0,1622.0,4289.0,1.0,34.279774,90.0
754,1.0,-2.25,-0.31731975,0.0025,45.0,14.1,0.0,3.0,1269.0,4289.0,1.0,31.731976,30.0
755,1.0,-2.25,-0.3239651,0.0026,45.0,14.2,0.0,4.0,1278.0,4290.0,1.0,32.39651,10.0
756,1.0,-2.25,-0.39423725,0.004,45.0,24.844444,0.0,10.0,2236.0,4289.0,1.0,39.423725,70.0
757,1.0,-1.35,-0.25817758,0.0035,27.0,30.38889,0.0,7.0,1641.0,2604.0,1.0,25.817757,10.0
758,1.0,-1.35,-0.2178236,0.0024,27.0,20.648148,0.0,2.0,1115.0,2604.0,1.0,21.78236,10.0
759,1.0,-2.2,-0.56718624,0.0076,44.0,84.666664,0.0,20.0,4572.0,2604.0,1.0,56.718624,10.0
760,1.0,-2.5,-0.6287458,0.0176,50.0,56.329544,0.0,64.0,4957.0,4075.0,1.0,62.874577,90.0
761,1.0,-2.5,-0.5958655,0.0068,50.0,50.9,0.0,18.0,4581.0,4163.0,1.0,59.58655,30.0
762,1.0,-2.5,-0.6254379,0.0177,50.0,55.366665,0.0,99.0,4983.0,4325.0,1.0,62.54379,10.0
763,1.0,-2.5,-0.6228531,0.0176,50.0,54.555557,0.0,127.0,4910.0,4335.0,1.0,62.285313,70.0
764,1.0,-2.5,-0.62344486,0.0176,50.0,54.8,0.0,139.0,4932.0,4334.0,1.0,62.344486,70.0
765,1.0,-2.5,-0.63177127,0.0175,50.0,55.7,0.0,130.0,5013.0,4334.0,1.0,63.177128,50.0
766,1.0,-2.5,-0.632834,0.0175,50.0,56.177776,0.0,133.0,5056.0,4335.0,1.0,63.2834,10.0
767,1.0,-2.5,-0.63220906,0.0179,50.0,55.855556,0.0,123.0,5027.0,4334.0,1.0,63.22091,90.0
768,1.0,-2.5,-0.6231855,0.0177,50.0,54.988888,0.0,127.0,4949.0,4334.0,1.0,62.318554,50.0
769,1.0,-2.5,-0.6266665,0.0178,50.0,54.97778,0.0,132.0,4948.0,4334.0,1.0,62.66665,10.0
770,1.0,-2.5,-0.63220906,0.0176,50.0,55.855556,0.0,130.0,5027.0,4334.0,1.0,63.22091,90.0
771,1.0,-2.5,-0.6337886,0.0177,50.0,55.81111,0.0,146.0,5023.0,4334.0,1.0,63.37886,90.0
772,1.0,-2.5,-0.6277891,0.0178,50.0,55.27778,0.0,141.0,4975.0,4336.0,1.0,62.778908,50.0
773,1.0,-2.5,-0.62080115,0.0177,50.0,54.3,0.0,131.0,4887.0,4334.0,1.0,62.080112,10.0
774,1.0,-2.5,-0.6278753,0.0177,50.0,55.22222,0.0,131.0,4970.0,4334.0,1.0,62.787533,10.0
775,1.0,-2.5,-0.63058496,0.0176,50.0,55.3,0.0,132.0,4977.0,4335.0,1.0,63.0585,90.0
776,1.0,-2.5,-0.62253386,0.0178,50.0,54.68889,0.0,147.0,4922.0,4334.0,1.0,62.253387,50.0
777,1.0,-2.5,-0.6272108,0.0176,50.0,54.944443,0.0,166.0,4945.0,4335.0,1.0,62.721077,70.0
778,1.0,-2.5,-0.624933,0.0176,50.0,55.177776,0.0,141.0,4966.0,4334.0,1.0,62.4933,10.0
779,1.0,-2.5,-0.626928,0.0175,50.0,55.31111,0.0,159.0,4978.0,4334.0,1.0,62.692795,30.0
780,1.0,-2.5,-0.62376326,0.0175,50.0,55.511112,0.0,160.0,4996.0,4334.0,1.0,62.376324,10.0
781,1.0,-2.5,-0.62564766,0.0179,50.0,55.077778,0.0,164.0,4957.0,4334.0,1.0,62.564766,10.0
782,1.0,-2.5,-0.6277318,0.0176,50.0,55.566666,0.0,138.0,5001.0,4334.0,1.0,62.77318,90.0
783,1.0,-2.5,-0.62195253,0.0176,50.0,54.966667,0.0,150.0,4947.0,4335.0,1.0,62.195255,30.0
784,1.0,-2.5,-0.6307195,0.0176,50.0,55.844444,0.0,138.0,5026.0,4335.0,1.0,63.07195,50.0
785,1.0,-2.5,-0.6229853,0.0176,50.0,54.77778,0.0,145.0,4930.0,4335.0,1.0,62.29853,10.0
786,1.0,-2.5,-0.62561315,0.0177,50.0,54.622223,0.0,131.0,4916.0,4335.0,1.0,62.561314,70.0
787,1.0,-2.5,-0.62803376,0.0175,50.0,55.2,0.0,128.0,4968.0,4335.0,1.0,62.803375,90.0
788,1.0,-2.5,-0.6269779,0.0175,50.0,54.955555,0.0,149.0,4946.0,4336.0,1.0,62.697792,50.0
789,1.0,-2.5,-0.62476337,0.0176,50.0,54.7,0.0,128.0,4923.0,4338.0,1.0,62.476337,70.0
790,1.0,-2.5,-0.6224875,0.0176,50.0,55.0,0.0,130.0,4950.0,4336.0,1.0,62.24875,30.0
791,1.0,-2.5,-0.6228354,0.0177,50.0,55.18889,0.0,126.0,4967.0,4337.0,1.0,62.283543,30.0
792,1.0,-2.5,-0.6280169,0.0176,50.0,55.31111,0.0,123.0,4978.0,4337.0,1.0,62.80169,10.0
793,1.0,-2.5,-0.62247884,0.0176,50.0,55.044445,0.0,123.0,4954.0,4338.0,1.0,62.247887,90.0
794,1.0,-2.5,-0.61447936,0.0177,50.0,54.88889,0.0,125.0,4940.0,4337.0,1.0,61.447937,30.0
795,1.0,-2.5,-0.62058175,0.0176,50.0,55.455555,0.0,133.0,4991.0,4337.0,1.0,62.058174,70.0
796,1.0,-2.5,-0.61704,0.0177,50.0,55.11111,0.0,135.0,4960.0,4337.0,1.0,61.704,50.0
797,1.0,-2.5,-0.61417615,0.0177,50.0,54.58889,0.0,136.0,4913.0,4340.0,1.0,61.417614,70.0
798,1.0,-2.5,-0.61135936,0.0177,50.0,54.166668,0.0,131.0,4875.0,4338.0,1.0,61.135937,30.0
799,1.0,-2.5,-0.61335474,0.0176,50.0,55.4,0.0,140.0,4986.0,4337.0,1.0,61.335476,70.0
800,1.0,-2.5,-0.6192335,0.0175,50.0,55.02222,0.0,123.0,4952.0,4337.0,1.0,61.92335,90.0
801,1.0,-2.5,-0.61440897,0.0178,50.0,54.577778,0.0,83.0,4912.0,4337.0,1.0,61.4409,90.0
802,1.0,-2.5,-0.6158456,0.0176,50.0,54.677776,0.0,59.0,4921.0,4337.0,1.0,61.58456,10.0
803,1.0,-2.5,-0.618535,0.0177,50.0,55.288887,0.0,135.0,4976.0,4337.0,1.0,61.8535,30.0
804,1.0,-2.5,-0.62307113,0.0177,50.0,55.922222,0.0,128.0,5033.0,4339.0,1.0,62.307114,90.0
805,1.0,-2.5,-0.6252066,0.0176,50.0,55.88889,0.0,128.0,5030.0,4337.0,1.0,62.520657,70.0
806,1.0,-2.5,-0.6202088,0.0178,50.0,55.144444,0.0,140.0,4963.0,4338.0,1.0,62.020878,50.0
807,1.0,-2.5,-0.62134707,0.0176,50.0,55.5,0.0,125.0,4995.0,4338.0,1.0,62.134705,50.0
808,1.0,-2.5,-0.61741805,0.0177,50.0,54.866665,0.0,133.0,4938.0,4338.0,1.0,61.741806,70.0
809,1.0,-2.5,-0.614915,0.0176,50.0,54.97778,0.0,128.0,4948.0,4338.0,1.0,61.4915,50.0
810,1.0,-2.5,-0.6186756,0.0175,50.0,55.333332,0.0,138.0,4980.0,4340.0,1.0,61.86756,70.0
811,1.0,-2.5,-0.61721545,0.0178,50.0,54.744446,0.0,155.0,4927.0,4338.0,1.0,61.721546,50.0
812,1.0,-2.5,-0.6188495,0.0176,50.0,55.011112,0.0,207.0,4951.0,4338.0,1.0,61.88495,10.0
813,1.0,-2.5,-0.61375076,0.0176,50.0,54.433334,0.0,255.0,4899.0,4338.0,1.0,61.375076,10.0
814,1.0,-2.5,-0.61919105,0.0175,50.0,55.177776,0.0,262.0,4966.0,4338.0,1.0,61.919106,70.0
815,1.0,-2.5,-0.6256403,0.0175,50.0,56.18889,0.0,207.0,5057.0,4338.0,1.0,62.56403,30.0
816,1.0,-2.5,-0.6235517,0.0178,50.0,55.9,0.0,142.0,5031.0,4338.0,1.0,62.355175,90.0
817,1.0,-2.5,-0.6251466,0.0176,50.0,56.233334,0.0,65.0,5061.0,4338.0,1.0,62.514664,50.0
818,1.0,-2.5,-0.600165,0.0076,50.0,52.755554,0.0,20.0,4748.0,4339.0,1.0,60.0165,90.0
819,1.0,-2.5,-0.6055276,0.0079,50.0,53.7,0.0,21.0,4833.0,4338.0,1.0,60.552757,10.0
820,1.0,-2.5,-0.615829,0.0176,50.0,55.02222,0.0,65.0,4952.0,4340.0,1.0,61.5829,70.0
821,1.0,-2.5,-0.62492424,0.0177,50.0,56.2,0.0,54.0,5058.0,4340.0,1.0,62.492424,10.0
822,1.0,-2.5,-0.61687785,0.0175,50.0,55.133335,0.0,103.0,4962.0,4339.0,1.0,61.687786,90.0
823,1.0,-2.5,-0.6234235,0.0175,50.0,55.6,0.0,114.0,5004.0,4338.0,1.0,62.34235,70.0
824,1.0,-2.5,-0.62639624,0.0175,50.0,56.444443,0.0,118.0,5080.0,4338.0,1.0,62.639626,30.0
825,1.0,-2.5,-0.61929053,0.0176,50.0,55.1,0.0,109.0,4959.0,4338.0,1.0,61.929054,50.0
826,1.0,-2.5,-0.5294384,0.0062,50.0,41.711113,0.0,16.0,3754.0,4338.0,1.0,52.943836,10.0
827,1.0,-2.5,-0.63016284,0.0175,50.0,57.033333,0.0,121.0,5133.0,4338.0,1.0,63.01628,50.0
828,1.0,-2.5,-0.63270646,0.0176,50.0,57.077778,0.0,84.0,5137.0,4338.0,1.0,63.27065,90.0
829,1.0,-2.5,-0.63150877,0.0176,50.0,57.47778,0.0,82.0,5173.0,4339.0,1.0,63.150875,90.0
830,1.0,-2.5,-0.37041312,0.0035,50.0,17.98889,0.0,8.0,1619.0,4338.0,1.0,37.041313,50.0
831,1.0,-2.5,-0.62455004,0.0081,50.0,55.488888,0.0,22.0,4994.0,4338.0,1.0,62.455,30.0
832,1.0,-2.5,-0.4942707,0.005,50.0,36.6,0.0,13.0,3294.0,4338.0,1.0,49.42707,70.0
833,1.0,-2.5,-0.59267986,0.0075,50.0,51.366665,0.0,20.0,4623.0,4339.0,1.0,59.267986,90.0
834,1.0,-2.5,-0.626523,0.0175,50.0,56.155556,0.0,70.0,5054.0,4339.0,1.0,62.6523,50.0
835,1.0,-2.5,-0.60644054,0.0109,50.0,53.655556,0.0,30.0,4829.0,4338.0,1.0,60.644054,70.0
836,1.0,-2.5,-0.6191294,0.0139,50.0,55.122223,0.0,39.0,4961.0,4338.0,1.0,61.91294,90.0
837,1.0,-2.5,-0.61957186,0.0176,50.0,55.444443,0.0,74.0,4990.0,4338.0,1.0,61.957188,90.0
838,1.0,-2.5,-0.62425715,0.0177,50.0,56.1,0.0,59.0,5049.0,4338.0,1.0,62.425713,30.0
839,1.0,-2.5,-0.62408775,0.0178,50.0,56.744446,0.0,136.0,5107.0,4338.0,1.0,62.408775,50.0
840,1.0,-2.5,-0.6358645,0.0178,50.0,58.011112,0.0,109.0,5221.0,4338.0,1.0,63.586452,70.0
841,1.0,-2.5,-0.6337973,0.0176,50.0,58.366665,0.0,56.0,5253.0,4339.0,1.0,63.37973,30.0
842,1.0,-2.5,-0.6386486,0.0175,50.0,58.677776,0.0,74.0,5281.0,4338.0,1.0,63.86486,90.0
843,1.0,-2.5,-0.6400599,0.0175,50.0,59.344444,0.0,57.0,5341.0,4340.0,1.0,64.00599,30.0
844,1.0,-2.5,-0.63719875,0.0177,50.0,58.08889,0.0,99.0,5228.0,4339.0,1.0,63.719875,10.0
845,1.0,-2.5,-0.6422425,0.0178,50.0,58.5,0.0,59.0,5265.0,4339.0,1.0,64.22425,50.0
846,1.0,-2.5,-0.6451959,0.0176,50.0,59.38889,0.0,59.0,5345.0,4339.0,1.0,64.51959,70.0
847,1.0,-2.5,-0.61402315,0.0143,50.0,54.866665,0.0,40.0,4938.0,4339.0,1.0,61.402317,10.0
848,1.0,-2.5,-0.62714803,0.0177,50.0,56.533333,0.0,52.0,5088.0,4339.0,1.0,62.7148,10.0
849,1.0,-2.5,-0.6296418,0.0176,50.0,56.266666,0.0,77.0,5064.0,4340.0,1.0,62.964176,10.0
850,1.0,-2.5,-0.6361858,0.0179,50.0,57.18889,0.0,82.0,5147.0,4339.0,1.0,63.618584,50.0
851,1.0,-2.5,-0.6366284,0.0176,50.0,57.711113,0.0,61.0,5194.0,4341.0,1.0,63.662838,10.0
852,1.0,-2.5,-0.637242,0.0174,50.0,58.144444,0.0,49.0,5233.0,4339.0,1.0,63.7242,50.0
853,1.0,-2.5,-0.6387138,0.0177,50.0,58.144444,0.0,103.0,5233.0,4339.0,1.0,63.87138,50.0
854,1.0,-2.5,-0.63969713,0.0176,50.0,58.81111,0.0,75.0,5293.0,4339.0,1.0,63.96971,50.0
855,1.0,-2.5,-0.6428098,0.0179,50.0,58.955555,0.0,100.0,5306.0,4339.0,1.0,64.28098,30.0
856,1.0,-2.5,-0.64034224,0.0177,50.0,58.511112,0.0,115.0,5266.0,4339.0,1.0,64.034225,50.0
857,1.0,-2.5,-0.64850926,0.0176,50.0,59.211113,0.0,70.0,5329.0,4340.0,1.0,64.85093,30.0
858,1.0,-2.5,-0.6363388,0.0177,50.0,58.577778,0.0,56.0,5272.0,4340.0,1.0,63.633877,90.0
859,1.0,-2.5,-0.6471972,0.0176,50.0,59.58889,0.0,54.0,5363.0,4339.0,1.0,64.71972,70.0
860,1.0,-2.5,-0.6455263,0.0178,50.0,59.08889,0.0,144.0,5318.0,4339.0,1.0,64.55263,10.0
861,1.0,-2.5,-0.6321015,0.0176,50.0,57.3,0.0,66.0,5157.0,4340.0,1.0,63.210148,90.0
862,1.0,-2.5,-0.64213675,0.0175,50.0,58.533333,0.0,139.0,5268.0,4340.0,1.0,64.21368,10.0
863,1.0,-2.5,-0.64150393,0.0176,50.0,58.61111,0.0,135.0,5275.0,4339.0,1.0,64.15039,90.0
864,1.0,-2.5,-0.64354724,0.0175,50.0,58.966667,0.0,120.0,5307.0,4340.0,1.0,64.35472,90.0
865,1.0,-2.5,-0.39923874,0.0039,50.0,22.666666,0.0,9.0,2040.0,4341.0,1.0,39.923874,30.0
866,1.0,-2.5,-0.6468226,0.0175,50.0,59.633335,0.0,133.0,5367.0,4341.0,1.0,64.68226,30.0
867,1.0,-2.5,-0.64987975,0.0175,50.0,60.322224,0.0,134.0,5429.0,4341.0,1.0,64.987976,10.0
868,1.0,-2.5,-0.34405404,0.0027,50.0,14.033334,0.0,4.0,1263.0,4344.0,1.0,34.405403,90.0
869,1.0,-2.5,-0.65197664,0.0173,50.0,60.077778,0.0,124.0,5407.0,4340.0,1.0,65.19766,30.0
870,1.0,-2.5,-0.6417172,0.0178,50.0,58.544445,0.0,63.0,5269.0,4342.0,1.0,64.17172,70.0
871,1.0,-2.5,-0.64328957,0.0175,50.0,59.27778,0.0,142.0,5335.0,4342.0,1.0,64.32896,90.0
872,1.0,-2.5,-0.63927674,0.0168,50.0,58.033333,0.0,48.0,5223.0,4342.0,1.0,63.927673,50.0
873,1.0,-2.5,-0.6352557,0.0175,50.0,57.7,0.0,108.0,5193.0,4343.0,1.0,63.52557,10.0
874,1.0,-2.5,-0.6351953,0.0176,50.0,57.666668,0.0,56.0,5190.0,4343.0,1.0,63.51953,30.0
875,1.0,-2.5,-0.6400872,0.0178,50.0,58.52222,0.0,83.0,5267.0,4344.0,1.0,64.00872,10.0
876,1.0,-2.5,-0.407794,0.0038,50.0,22.477777,0.0,9.0,2023.0,4343.0,1.0,40.7794,90.0
877,1.0,-2.5,-0.3686721,0.0033,50.0,17.811111,0.0,7.0,1603.0,4343.0,1.0,36.86721,50.0
878,1.0,-2.5,-0.36809447,0.0024,50.0,17.822222,0.0,2.0,1604.0,4344.0,1.0,36.80945,90.0
879,1.0,-2.5,-0.3875509,0.0026,50.0,20.48889,0.0,4.0,1844.0,4344.0,1.0,38.75509,10.0
880,1.0,-2.5,-0.37482765,0.0025,50.0,18.766666,0.0,3.0,1689.0,4344.0,1.0,37.482765,30.0
881,1.0,-1.4,-0.37269783,0.0044,28.0,56.607143,0.0,11.0,3170.0,2705.0,1.0,37.269783,70.0
882,1.0,-1.6,-0.27032414,0.0024,32.0,23.109375,0.0,3.0,1479.0,3050.0,1.0,27.032415,90.0
883,1.0,-1.6,-0.2785256,0.0026,32.0,24.703125,0.0,4.0,1581.0,3052.0,1.0,27.85256,50.0
884,1.0,-1.6,-0.26390454,0.0026,32.0,22.578125,0.0,4.0,1445.0,3052.0,1.0,26.390453,70.0
885,1.0,-1.6,-0.2651255,0.003,32.0,22.453125,0.0,6.0,1437.0,3052.0,1.0,26.512552,50.0
886,1.0,-1.6,-0.28970864,0.0036,32.0,27.515625,0.0,9.0,1761.0,3076.0,1.0,28.970865,90.0
887,1.0,-1.25,-0.2291005,0.0031,25.0,27.44,0.0,6.0,1372.0,2418.0,1.0,22.91005,50.0
888,1.0,-1.25,-0.20694391,0.0025,25.0,22.46,0.0,3.0,1123.0,2418.0,1.0,20.694391,70.0
889,1.0,-1.25,-0.22356194,0.0028,25.0,27.26,0.0,5.0,1363.0,2418.0,1.0,22.356194,30.0
890,1.0,-1.25,-0.2056295,0.0023,25.0,23.52,0.0,2.0,1176.0,2418.0,1.0,20.56295,30.0
891,1.0,-2.3,-0.6937493,0.0125,46.0,70.64773,0.0,35.0,6217.0,4057.0,1.0,69.37493,70.0
892,1.0,-2.3,-0.31004938,0.0027,46.0,11.888889,0.0,4.0,1070.0,4144.0,1.0,31.004938,70.0
893,1.0,-2.3,-0.31029475,0.0027,46.0,11.311111,0.0,4.0,1018.0,4146.0,1.0,31.029474,90.0
894,1.0,-2.3,-0.3048347,0.0026,46.0,11.222222,0.0,4.0,1010.0,4146.0,1.0,30.483469,90.0
895,1.0,-2.3,-0.31687,0.0028,46.0,12.9777775,0.0,5.0,1168.0,4146.0,1.0,31.687,50.0
896,1.0,-2.3,-0.39569265,0.0037,46.0,24.577778,0.0,9.0,2212.0,4184.0,1.0,39.569263,10.0
897,1.0,-1.7,-0.36612687,0.0037,34.0,38.77941,0.0,8.0,2637.0,3285.0,1.0,36.612686,10.0
898,1.0,-1.7,-0.36385193,0.0032,34.0,38.42647,0.0,7.0,2613.0,3285.0,1.0,36.385193,50.0
899,1.0,-1.7,-0.43395352,0.0041,34.0,52.588234,0.0,10.0,3576.0,3285.0,1.0,43.39535,10.0
900,1.0,-1.7,-0.3260905,0.0031,34.0,30.941177,0.0,6.0,2104.0,3285.0,1.0,32.60905,10.0
901,1.0,-2.4,-0.6086462,0.0166,48.0,73.85294,0.0,47.0,5022.0,3285.0,1.0,60.86462,30.0
902,1.0,-2.4,-0.3034109,0.0031,48.0,9.577778,0.0,6.0,862.0,4235.0,1.0,30.341087,90.0
903,1.0,-2.4,-0.36417618,0.0037,48.0,18.566668,0.0,9.0,1671.0,4235.0,1.0,36.417618,90.0
904,1.0,-2.4,-0.36888355,0.0031,48.0,19.311111,0.0,6.0,1738.0,4235.0,1.0,36.888355,50.0
905,1.0,-2.4,-0.47157398,0.0038,48.0,34.844444,0.0,9.0,3136.0,4235.0,1.0,47.1574,70.0
906,1.0,-2.4,-0.49397048,0.005,48.0,37.877777,0.0,13.0,3409.0,4342.0,1.0,49.39705,30.0
907,1.0,-2.4,-0.5954491,0.0097,48.0,54.055557,0.0,27.0,4865.0,4342.0,1.0,59.544907,50.0
908,1.0,-2.4,-0.59377366,0.0092,48.0,53.344444,0.0,25.0,4801.0,4343.0,1.0,59.37737,70.0
909,1.0,-2.4,-0.50763535,0.0069,48.0,40.033333,0.0,18.0,3603.0,4342.0,1.0,50.763535,50.0
910,1.0,-2.4,-0.43056554,0.0043,48.0,28.433332,0.0,11.0,2559.0,4343.0,1.0,43.056553,70.0
911,1.0,-2.4,-0.60771,0.0147,48.0,54.933334,0.0,42.0,4944.0,4342.0,1.0,60.771,10.0
912,1.0,-2.4,-0.59613603,0.0075,48.0,52.066666,0.0,20.0,4686.0,4342.0,1.0,59.6136,50.0
913,1.0,-2.4,-0.5604025,0.0072,48.0,46.68889,0.0,19.0,4202.0,4343.0,1.0,56.04025,70.0
914,1.0,-2.4,-0.52942264,0.0066,48.0,42.61111,0.0,17.0,3835.0,4342.0,1.0,52.942265,50.0
915,1.0,-2.4,-0.44294018,0.0047,48.0,29.977777,0.0,12.0,2698.0,4342.0,1.0,44.294018,90.0
916,1.0,-2.4,-0.59992343,0.0092,48.0,52.555557,0.0,25.0,4730.0,4344.0,1.0,59.992344,70.0
917,1.0,-2.4,-0.61881596,0.0175,48.0,55.61111,0.0,66.0,5005.0,4342.0,1.0,61.881596,10.0
918,1.0,-2.4,-0.6088946,0.0163,48.0,54.266666,0.0,46.0,4884.0,4342.0,1.0,60.88946,30.0
919,1.0,-2.4,-0.6172844,0.0177,48.0,55.77778,0.0,117.0,5020.0,4343.0,1.0,61.72844,10.0
920,1.0,-2.4,-0.61813456,0.0174,48.0,54.988888,0.0,84.0,4949.0,4343.0,1.0,61.813454,50.0
921,1.0,-2.4,-0.61733216,0.0174,48.0,55.877777,0.0,71.0,5029.0,4343.0,1.0,61.733215,30.0
922,1.0,-2.4,-0.59836566,0.0088,48.0,52.52222,0.0,24.0,4727.0,4342.0,1.0,59.836567,10.0
923,1.0,-2.4,-0.59532434,0.0089,48.0,52.422222,0.0,24.0,4718.0,4342.0,1.0,59.532436,10.0
924,1.0,-2.4,-0.59768337,0.009,48.0,52.422222,0.0,24.0,4718.0,4342.0,1.0,59.768337,70.0
925,1.0,-2.4,-0.5920594,0.0086,48.0,52.22222,0.0,23.0,4700.0,4342.0,1.0,59.205936,30.0
926,1.0,-2.4,-0.60663015,0.0129,48.0,53.844444,0.0,36.0,4846.0,4342.0,1.0,60.663017,70.0
927,1.0,-2.4,-0.61185974,0.0176,48.0,55.6,0.0,90.0,5004.0,4342.0,1.0,61.185974,10.0
928,1.0,-2.4,-0.6039144,0.0175,48.0,54.711113,0.0,53.0,4924.0,4342.0,1.0,60.391438,70.0
929,1.0,-2.4,-0.61102504,0.0177,48.0,54.4,0.0,96.0,4896.0,4342.0,1.0,61.1025,70.0
930,1.0,-2.4,-0.5912553,0.0092,48.0,52.255554,0.0,25.0,4703.0,4342.0,1.0,59.12553,10.0
931,1.0,-2.4,-0.61634916,0.0175,48.0,55.044445,0.0,54.0,4954.0,4342.0,1.0,61.63492,70.0
932,1.0,-2.4,-0.624022,0.0176,48.0,55.822224,0.0,112.0,5024.0,4342.0,1.0,62.4022,10.0
933,1.0,-2.4,-0.6133268,0.0177,48.0,55.4,0.0,82.0,4986.0,4342.0,1.0,61.332676,90.0
934,1.0,-2.4,-0.6137714,0.0179,48.0,55.166668,0.0,118.0,4965.0,4343.0,1.0,61.37714,90.0
935,1.0,-2.4,-0.61877763,0.0177,48.0,55.766666,0.0,91.0,5019.0,4343.0,1.0,61.877766,10.0
936,1.0,-2.4,-0.602295,0.01,48.0,52.988888,0.0,27.0,4769.0,4343.0,1.0,60.229496,90.0
937,1.0,-2.4,-0.6201399,0.0175,48.0,55.077778,0.0,54.0,4957.0,4343.0,1.0,62.013992,90.0
938,1.0,-2.4,-0.615288,0.0177,48.0,54.866665,0.0,87.0,4938.0,4343.0,1.0,61.5288,10.0
939,1.0,-2.4,-0.61822855,0.0178,48.0,55.433334,0.0,119.0,4989.0,4344.0,1.0,61.822857,50.0
940,1.0,-2.4,-0.6122355,0.0177,48.0,54.6,0.0,154.0,4914.0,4343.0,1.0,61.22355,30.0
941,1.0,-2.4,-0.611845,0.0178,48.0,55.11111,0.0,72.0,4960.0,4343.0,1.0,61.1845,90.0
942,1.0,-2.4,-0.6093598,0.0146,48.0,54.066666,0.0,41.0,4866.0,4343.0,1.0,60.93598,90.0
943,1.0,-2.4,-0.6123411,0.0177,48.0,54.955555,0.0,90.0,4946.0,4344.0,1.0,61.234108,10.0
944,1.0,-2.4,-0.61448,0.0177,48.0,55.11111,0.0,85.0,4960.0,4343.0,1.0,61.448,30.0
945,1.0,-2.4,-0.624076,0.0175,48.0,56.711113,0.0,144.0,5104.0,4343.0,1.0,62.4076,70.0
946,1.0,-2.4,-0.62225825,0.0176,48.0,55.97778,0.0,129.0,5038.0,4343.0,1.0,62.225826,90.0
947,1.0,-2.4,-0.59896845,0.0089,48.0,52.58889,0.0,24.0,4733.0,4343.0,1.0,59.896847,30.0
948,1.0,-2.4,-0.61552054,0.0178,48.0,54.855556,0.0,72.0,4937.0,4343.0,1.0,61.552055,30.0
949,1.0,-2.4,-0.54625726,0.0064,48.0,44.922222,0.0,17.0,4043.0,4343.0,1.0,54.625725,90.0
950,1.0,-2.4,-0.611059,0.0175,48.0,55.155556,0.0,55.0,4964.0,4343.0,1.0,61.1059,70.0
951,1.0,-2.4,-0.61689234,0.0175,48.0,55.033333,0.0,63.0,4953.0,4343.0,1.0,61.689236,50.0
952,1.0,-2.4,-0.59950286,0.0082,48.0,52.68889,0.0,22.0,4742.0,4343.0,1.0,59.950287,30.0
953,1.0,-2.4,-0.61776525,0.0178,48.0,55.41111,0.0,84.0,4987.0,4343.0,1.0,61.776524,50.0
954,1.0,-2.4,-0.61802053,0.0176,48.0,55.288887,0.0,64.0,4976.0,4343.0,1.0,61.80205,90.0
955,1.0,-2.65,-0.65059066,0.0176,53.0,56.211113,0.0,57.0,5059.0,4344.0,1.0,65.05907,90.0
956,1.0,-2.65,-0.6423786,0.0176,53.0,56.18889,0.0,75.0,5057.0,4343.0,1.0,64.23786,30.0
957,1.0,-2.65,-0.6509306,0.0176,53.0,56.655556,0.0,100.0,5099.0,4343.0,1.0,65.093056,50.0
958,1.0,-2.65,-0.639535,0.0097,53.0,54.666668,0.0,26.0,4920.0,4344.0,1.0,63.9535,50.0
959,1.0,-2.65,-0.6407806,0.0118,53.0,55.211113,0.0,33.0,4969.0,4343.0,1.0,64.078064,50.0
960,1.0,-2.65,-0.65511894,0.0176,53.0,57.38889,0.0,72.0,5165.0,4344.0,1.0,65.511894,70.0
961,1.0,-2.65,-0.64341426,0.0178,53.0,55.255554,0.0,78.0,4973.0,4344.0,1.0,64.34142,30.0
962,1.0,-2.65,-0.6363063,0.0177,53.0,54.666668,0.0,142.0,4920.0,4343.0,1.0,63.630627,10.0
963,1.0,-2.65,-0.641495,0.0179,53.0,55.11111,0.0,127.0,4960.0,4343.0,1.0,64.1495,30.0
964,1.0,-2.65,-0.6373172,0.0177,53.0,55.38889,0.0,134.0,4985.0,4344.0,1.0,63.73172,90.0
965,1.0,-2.65,-0.6444992,0.0177,53.0,55.27778,0.0,137.0,4975.0,4343.0,1.0,64.44992,10.0
966,1.0,-2.65,-0.6455132,0.0176,53.0,55.72222,0.0,145.0,5015.0,4343.0,1.0,64.551315,90.0
967,1.0,-2.65,-0.65266126,0.0177,53.0,56.466667,0.0,125.0,5082.0,4343.0,1.0,65.26613,70.0
968,1.0,-2.65,-0.651156,0.0178,53.0,56.455555,0.0,104.0,5081.0,4343.0,1.0,65.1156,30.0
969,1.0,-2.65,-0.6425534,0.0178,53.0,55.655556,0.0,75.0,5009.0,4343.0,1.0,64.25534,10.0
970,1.0,-2.65,-0.6506699,0.0178,53.0,57.255554,0.0,82.0,5153.0,4343.0,1.0,65.066986,10.0
971,1.0,-2.65,-0.66413987,0.0177,53.0,58.52222,0.0,70.0,5267.0,4343.0,1.0,66.41399,90.0
972,1.0,-2.65,-0.6390535,0.0089,53.0,54.866665,0.0,24.0,4938.0,4343.0,1.0,63.90535,90.0
973,1.0,-2.65,-0.6549858,0.0179,53.0,57.655556,0.0,81.0,5189.0,4343.0,1.0,65.49858,90.0
974,1.0,-2.65,-0.37876147,0.0029,53.0,16.966667,0.0,5.0,1527.0,4343.0,1.0,37.87615,50.0
975,1.0,-2.65,-0.32625648,0.003,53.0,8.9777775,0.0,6.0,808.0,4343.0,1.0,32.62565,30.0
976,1.0,-2.65,-0.6449915,0.0169,53.0,55.922222,0.0,48.0,5033.0,4343.0,1.0,64.49915,90.0
977,1.0,-2.65,-0.64804757,0.0173,53.0,56.255554,0.0,49.0,5063.0,4345.0,1.0,64.804756,90.0
978,1.0,-2.65,-0.65043825,0.0177,53.0,56.18889,0.0,85.0,5057.0,4343.0,1.0,65.04382,50.0
979,1.0,-2.65,-0.6488941,0.0176,53.0,56.333332,0.0,65.0,5070.0,4343.0,1.0,64.889404,10.0
980,1.0,-2.65,-0.64925,0.0176,53.0,56.2,0.0,81.0,5058.0,4343.0,1.0,64.924995,90.0
981,1.0,-2.65,-0.65729797,0.0177,53.0,57.733334,0.0,133.0,5196.0,4343.0,1.0,65.7298,10.0
982,1.0,-2.65,-0.65474427,0.0126,53.0,56.933334,0.0,35.0,5124.0,4343.0,1.0,65.47443,90.0
983,1.0,-2.65,-0.36980712,0.0029,53.0,14.811111,0.0,5.0,1333.0,4343.0,1.0,36.980713,70.0
984,1.0,-2.65,-0.6617906,0.0174,53.0,58.177776,0.0,75.0,5236.0,4344.0,1.0,66.17906,10.0
985,1.0,-2.65,-0.4237838,0.004,53.0,23.533333,0.0,10.0,2118.0,4343.0,1.0,42.37838,50.0
986,1.0,-2.65,-0.6602882,0.0175,53.0,58.366665,0.0,76.0,5253.0,4343.0,1.0,66.028824,70.0
987,1.0,-2.65,-0.6511693,0.0102,53.0,56.41111,0.0,28.0,5077.0,4343.0,1.0,65.11693,30.0
988,1.0,-2.65,-0.65813875,0.0113,53.0,56.822224,0.0,31.0,5114.0,4343.0,1.0,65.81387,30.0
989,1.0,-2.65,-0.64623374,0.0176,53.0,56.455555,0.0,84.0,5081.0,4343.0,1.0,64.623375,50.0
990,1.0,-2.65,-0.6410067,0.0118,53.0,55.58889,0.0,33.0,5003.0,4343.0,1.0,64.10067,70.0
991,1.0,-2.65,-0.6502988,0.0175,53.0,56.844444,0.0,138.0,5116.0,4343.0,1.0,65.02988,90.0
992,1.0,-2.65,-0.6546887,0.0176,53.0,57.444443,0.0,106.0,5170.0,4343.0,1.0,65.46887,30.0
993,1.0,-2.65,-0.6629273,0.0168,53.0,58.344444,0.0,47.0,5251.0,4343.0,1.0,66.29273,90.0
994,1.0,-2.65,-0.4059725,0.0038,53.0,20.211111,0.0,9.0,1819.0,4343.0,1.0,40.59725,10.0
995,1.0,-2.65,-0.3804835,0.0034,53.0,17.6,0.0,7.0,1584.0,4343.0,1.0,38.04835,10.0
996,1.0,-2.65,-0.5071239,0.0046,53.0,35.31111,0.0,12.0,3178.0,4344.0,1.0,50.712387,10.0
997,1.0,-2.65,-0.49362186,0.0036,53.0,33.11111,0.0,8.0,2980.0,4343.0,1.0,49.362186,10.0
998,1.0,-2.65,-0.47370157,0.0033,53.0,30.6,0.0,7.0,2754.0,4343.0,1.0,47.370155,50.0
999,1.0,-2.65,-0.46664846,0.0031,53.0,29.444445,0.0,6.0,2650.0,4343.0,1.0,46.664845,70.0
1000,1.0,-2.65,-0.51566017,0.0038,53.0,36.511112,0.0,9.0,3286.0,4344.0,1.0,51.566017,30.0
1001,1.0,-1.65,-0.36787158,0.0057,33.0,40.196968,0.0,15.0,2653.0,3192.0,1.0,36.78716,90.0
1002,1.0,-2.05,-0.39432445,0.0039,41.0,30.317074,0.0,9.0,2486.0,3881.0,1.0,39.432446,50.0
1003,1.0,-2.05,-0.44063407,0.004,41.0,37.841465,0.0,10.0,3103.0,3880.0,1.0,44.063408,30.0
1004,1.0,-2.05,-0.37204564,0.0033,41.0,25.414635,0.0,7.0,2084.0,3882.0,1.0,37.204563,90.0
1005,1.0,-2.05,-0.36159527,0.0035,41.0,25.378048,0.0,8.0,2081.0,3881.0,1.0,36.159527,30.0
1006,1.0,-2.05,-0.38559148,0.0053,41.0,29.109756,0.0,14.0,2387.0,3958.0,1.0,38.559147,90.0
1007,1.0,-1.85,-0.33517277,0.0038,37.0,27.14865,0.0,9.0,2009.0,3575.0,1.0,33.517277,70.0
1008,1.0,-1.85,-0.3247328,0.0035,37.0,25.0,0.0,8.0,1850.0,3575.0,1.0,32.47328,70.0
1009,1.0,-1.85,-0.32361463,0.0033,37.0,24.85135,0.0,7.0,1839.0,3575.0,1.0,32.36146,10.0
1010,1.0,-1.85,-0.3376869,0.0033,37.0,27.283783,0.0,7.0,2019.0,3575.0,1.0,33.76869,90.0
1011,1.0,-2.45,-0.656461,0.0136,49.0,61.295456,0.0,38.0,5394.0,4180.0,1.0,65.6461,50.0
1012,1.0,-2.45,-0.38437402,0.0038,49.0,20.622223,0.0,9.0,1856.0,4266.0,1.0,38.4374,90.0
1013,1.0,-2.45,-0.34290627,0.0031,49.0,14.444445,0.0,6.0,1300.0,4266.0,1.0,34.290627,70.0
1014,1.0,-2.45,-0.40088624,0.0036,49.0,22.98889,0.0,8.0,2069.0,4266.0,1.0,40.088623,50.0
1015,1.0,-2.45,-0.37897232,0.003,49.0,19.7,0.0,6.0,1773.0,4280.0,1.0,37.897232,30.0
1016,1.0,-2.45,-0.5934392,0.0056,49.0,51.3,0.0,15.0,4617.0,4345.0,1.0,59.34392,10.0
1017,1.0,-2.45,-0.5080586,0.0044,49.0,38.52222,0.0,11.0,3467.0,4345.0,1.0,50.805862,50.0
1018,1.0,-2.45,-0.60978293,0.006,49.0,53.177776,0.0,16.0,4786.0,4346.0,1.0,60.978294,30.0
1019,1.0,-2.45,-0.46463463,0.0036,49.0,32.044445,0.0,8.0,2884.0,4346.0,1.0,46.463463,90.0
1020,1.0,-2.45,-0.5029412,0.0043,49.0,37.633335,0.0,11.0,3387.0,4347.0,1.0,50.29412,10.0
1021,1.0,-2.45,-0.634151,0.0111,49.0,56.8,0.0,31.0,5112.0,4347.0,1.0,63.4151,30.0
1022,1.0,-2.45,-0.46063718,0.0061,49.0,31.5,0.0,16.0,2835.0,4346.0,1.0,46.063717,10.0
1023,1.0,-2.45,-0.48100367,0.0058,49.0,34.68889,0.0,15.0,3122.0,4347.0,1.0,48.10037,50.0
1024,1.0,-2.45,-0.508025,0.005,49.0,38.788887,0.0,13.0,3491.0,4346.0,1.0,50.8025,90.0
1025,1.0,-2.45,-0.4786194,0.0041,49.0,34.466667,0.0,10.0,3102.0,4346.0,1.0,47.86194,70.0
1026,1.0,-2.45,-0.61600703,0.0106,49.0,54.6,0.0,29.0,4914.0,4346.0,1.0,61.6007,30.0
1027,1.0,-2.45,-0.6092123,0.0076,49.0,53.644444,0.0,20.0,4828.0,4346.0,1.0,60.921227,30.0
1028,1.0,-2.45,-0.62959427,0.0131,49.0,55.677776,0.0,37.0,5011.0,4347.0,1.0,62.959427,10.0
1029,1.0,-2.45,-0.6298634,0.0174,49.0,56.52222,0.0,143.0,5087.0,4347.0,1.0,62.986336,50.0
1030,1.0,-2.45,-0.6277952,0.0176,49.0,56.033333,0.0,121.0,5043.0,4346.0,1.0,62.779522,10.0
1031,1.0,-2.45,-0.6289074,0.0176,49.0,56.733334,0.0,134.0,5106.0,4346.0,1.0,62.890736,10.0
1032,1.0,-2.45,-0.6457342,0.0177,49.0,58.466667,0.0,80.0,5262.0,4347.0,1.0,64.57342,70.0
1033,1.0,-2.45,-0.63250285,0.0177,49.0,57.122223,0.0,83.0,5141.0,4346.0,1.0,63.250286,70.0
1034,1.0,-2.45,-0.6274681,0.018,49.0,56.333332,0.0,67.0,5070.0,4346.0,1.0,62.74681,70.0
1035,1.0,-2.45,-0.63523495,0.0176,49.0,57.31111,0.0,62.0,5158.0,4350.0,1.0,63.523495,90.0
1036,1.0,-2.45,-0.45647687,0.0057,49.0,31.277779,0.0,15.0,2815.0,4347.0,1.0,45.647686,10.0
1037,1.0,-2.45,-0.61568815,0.0102,49.0,54.68889,0.0,28.0,4922.0,4346.0,1.0,61.568813,90.0
1038,1.0,-2.45,-0.6313481,0.0175,49.0,56.6,0.0,126.0,5094.0,4346.0,1.0,63.134808,50.0
1039,1.0,-2.45,-0.6237948,0.0175,49.0,55.7,0.0,92.0,5013.0,4346.0,1.0,62.379482,10.0
1040,1.0,-2.45,-0.6301483,0.0175,49.0,56.377777,0.0,124.0,5074.0,4347.0,1.0,63.01483,30.0
1041,1.0,-2.45,-0.62549996,0.0176,49.0,56.066666,0.0,142.0,5046.0,4346.0,1.0,62.549995,70.0
1042,1.0,-2.45,-0.6272466,0.0177,49.0,56.02222,0.0,70.0,5042.0,4346.0,1.0,62.724663,90.0
1043,1.0,-2.45,-0.6249567,0.0176,49.0,55.755554,0.0,91.0,5018.0,4346.0,1.0,62.49567,10.0
1044,1.0,-2.45,-0.611915,0.0109,49.0,54.22222,0.0,30.0,4880.0,4347.0,1.0,61.1915,50.0
1045,1.0,-2.45,-0.63273895,0.0178,49.0,57.133335,0.0,112.0,5142.0,4347.0,1.0,63.273895,70.0
1046,1.0,-2.45,-0.6342035,0.0178,49.0,57.08889,0.0,107.0,5138.0,4348.0,1.0,63.42035,30.0
1047,1.0,-2.45,-0.6338315,0.0178,49.0,56.8,0.0,77.0,5112.0,4347.0,1.0,63.38315,90.0
1048,1.0,-2.45,-0.6302988,0.0176,49.0,56.844444,0.0,122.0,5116.0,4346.0,1.0,63.029877,90.0
1049,1.0,-2.45,-0.62587553,0.0176,49.0,56.355556,0.0,53.0,5072.0,4348.0,1.0,62.58755,50.0
1050,1.0,-2.45,-0.62889296,0.0177,49.0,56.055557,0.0,134.0,5045.0,4347.0,1.0,62.889297,30.0
1051,1.0,-2.45,-0.62023497,0.0177,49.0,55.22222,0.0,110.0,4970.0,4348.0,1.0,62.0235,30.0
1052,1.0,-2.45,-0.627432,0.0179,49.0,55.91111,0.0,118.0,5032.0,4347.0,1.0,62.7432,70.0
1053,1.0,-2.45,-0.62918246,0.0176,49.0,56.422222,0.0,128.0,5078.0,4348.0,1.0,62.918243,30.0
1054,1.0,-2.45,-0.62640125,0.0178,49.0,55.944443,0.0,130.0,5035.0,4347.0,1.0,62.640125,10.0
1055,1.0,-2.45,-0.62039965,0.0177,49.0,55.52222,0.0,82.0,4997.0,4347.0,1.0,62.039963,10.0
1056,1.0,-2.45,-0.62661016,0.0179,49.0,55.72222,0.0,88.0,5015.0,4348.0,1.0,62.661015,90.0
1057,1.0,-2.45,-0.6176247,0.0177,49.0,55.08889,0.0,132.0,4958.0,4347.0,1.0,61.76247,30.0
1058,1.0,-2.45,-0.61824876,0.0176,49.0,55.066666,0.0,124.0,4956.0,4347.0,1.0,61.824875,90.0
1059,1.0,-2.45,-0.6278274,0.0175,49.0,56.2,0.0,113.0,5058.0,4348.0,1.0,62.782738,90.0
1060,1.0,-2.45,-0.60881764,0.0092,49.0,53.988888,0.0,25.0,4859.0,4348.0,1.0,60.881763,50.0
1061,1.0,-2.45,-0.6311913,0.0176,49.0,56.81111,0.0,59.0,5113.0,4347.0,1.0,63.11913,30.0
1062,1.0,-2.45,-0.6303781,0.0175,49.0,56.11111,0.0,95.0,5050.0,4347.0,1.0,63.03781,50.0
1063,1.0,-2.45,-0.62782764,0.0176,49.0,55.9,0.0,133.0,5031.0,4347.0,1.0,62.782764,10.0
1064,1.0,-2.45,-0.6300516,0.0176,49.0,56.155556,0.0,124.0,5054.0,4348.0,1.0,63.00516,50.0
1065,1.0,-2.45,-0.6270803,0.0176,49.0,55.72222,0.0,108.0,5015.0,4347.0,1.0,62.70803,70.0
1066,1.0,-2.45,-0.6067797,0.0103,49.0,53.044445,0.0,28.0,4774.0,4347.0,1.0,60.677967,50.0
1067,1.0,-2.45,-0.6200563,0.0177,49.0,55.333332,0.0,106.0,4980.0,4347.0,1.0,62.005627,10.0
1068,1.0,-2.45,-0.6235735,0.0177,49.0,55.644444,0.0,61.0,5008.0,4348.0,1.0,62.35735,90.0
1069,1.0,-2.45,-0.62182546,0.0178,49.0,54.933334,0.0,110.0,4944.0,4347.0,1.0,62.18255,90.0
1070,1.0,-2.45,-0.62627184,0.0176,49.0,55.833332,0.0,135.0,5025.0,4347.0,1.0,62.627186,50.0
1071,1.0,-2.45,-0.6228036,0.0177,49.0,55.877777,0.0,188.0,5029.0,4348.0,1.0,62.28036,30.0
1072,1.0,-2.45,-0.6192935,0.0176,49.0,55.266666,0.0,107.0,4974.0,4348.0,1.0,61.92935,70.0
1073,1.0,-2.45,-0.62757295,0.0175,49.0,56.255554,0.0,80.0,5063.0,4348.0,1.0,62.757294,10.0
1074,1.0,-2.45,-0.6126905,0.0098,49.0,53.933334,0.0,27.0,4854.0,4350.0,1.0,61.26905,30.0
1075,1.0,-2.45,-0.6184359,0.0175,49.0,55.27778,0.0,90.0,4975.0,4350.0,1.0,61.843594,30.0
1076,1.0,-2.45,-0.6203063,0.0176,49.0,55.577778,0.0,54.0,5002.0,4350.0,1.0,62.030632,50.0
1077,1.0,-2.45,-0.47822133,0.0061,49.0,34.422222,0.0,16.0,3098.0,4349.0,1.0,47.822132,50.0
1078,1.0,-2.45,-0.49720475,0.005,49.0,37.177776,0.0,13.0,3346.0,4349.0,1.0,49.720474,30.0
1079,1.0,-2.45,-0.47396114,0.0043,49.0,33.377777,0.0,11.0,3004.0,4349.0,1.0,47.396114,90.0
1080,1.0,-2.45,-0.59556407,0.0,1.0,0.0,0.0,0.0,0.0,0.0,0.0,0.0,50.0
1081,-0.205,-0.4,-0.18634638,0.0241,8.0,495.25,0.0,37.0,1981.0,193.0,1.0,18.634638,70.0
1082,1.0,-1.5,-0.23668125,0.0027,30.0,19.166666,0.0,4.0,1150.0,2623.0,1.0,23.668125,70.0
1083,1.0,-2.35,-0.67807037,0.014,47.0,64.51111,0.0,39.0,5806.0,3969.0,1.0,67.80704,10.0
1084,1.0,-2.35,-0.6341412,0.0177,47.0,58.91111,0.0,128.0,5302.0,4180.0,1.0,63.41412,30.0
1085,1.0,-2.65,-0.66960955,0.0176,53.0,59.177776,0.0,61.0,5326.0,4317.0,1.0,66.96095,70.0
1086,1.0,-2.65,-0.56996924,0.0062,53.0,44.9,0.0,16.0,4041.0,4331.0,1.0,56.99692,30.0
1087,1.0,-2.65,-0.5530309,0.0047,53.0,42.144444,0.0,12.0,3793.0,4330.0,1.0,55.303093,90.0
1088,1.0,-2.65,-0.6528128,0.0079,53.0,56.744446,0.0,21.0,5107.0,4329.0,1.0,65.28128,50.0
1089,1.0,-2.65,-0.6534075,0.0083,53.0,57.422222,0.0,22.0,5168.0,4329.0,1.0,65.34075,50.0
1090,1.0,-2.65,-0.6688356,0.0177,53.0,59.08889,0.0,118.0,5318.0,4330.0,1.0,66.88356,70.0
1091,1.0,-2.65,-0.6693292,0.0178,53.0,58.822224,0.0,59.0,5294.0,4329.0,1.0,66.93292,90.0
1092,1.0,-2.65,-0.66472226,0.0177,53.0,58.511112,0.0,56.0,5266.0,4326.0,1.0,66.47223,70.0
1093,1.0,-2.65,-0.6603675,0.0177,53.0,58.08889,0.0,104.0,5228.0,4330.0,1.0,66.03675,50.0
1094,1.0,-2.65,-0.6091459,0.006,53.0,50.68889,0.0,16.0,4562.0,4330.0,1.0,60.91459,70.0
1095,1.0,-2.65,-0.5134281,0.0044,53.0,36.5,0.0,11.0,3285.0,4330.0,1.0,51.34281,10.0
1096,1.0,-2.65,-0.66295,0.0176,53.0,58.955555,0.0,75.0,5306.0,4326.0,1.0,66.295,10.0
1097,1.0,-2.65,-0.67108774,0.0176,53.0,60.011112,0.0,118.0,5401.0,4326.0,1.0,67.10877,90.0
1098,1.0,-2.65,-0.668872,0.0175,53.0,59.733334,0.0,116.0,5376.0,4327.0,1.0,66.8872,50.0
1099,1.0,-2.65,-0.64515495,0.0075,53.0,55.9,0.0,20.0,5031.0,4331.0,1.0,64.515495,90.0
1100,1.0,-2.65,-0.663805,0.018,53.0,58.666668,0.0,110.0,5280.0,4329.0,1.0,66.3805,70.0
1101,1.0,-2.65,-0.6658609,0.0176,53.0,58.677776,0.0,123.0,5281.0,4329.0,1.0,66.58609,30.0
1102,1.0,-2.65,-0.6487564,0.0095,53.0,55.966667,0.0,26.0,5037.0,4331.0,1.0,64.87564,50.0
1103,1.0,-2.65,-0.65919185,0.0176,53.0,57.844444,0.0,115.0,5206.0,4329.0,1.0,65.91918,70.0
1104,1.0,-2.65,-0.53314275,0.0057,53.0,38.97778,0.0,15.0,3508.0,4330.0,1.0,53.314274,30.0
1105,1.0,-2.65,-0.659222,0.0178,53.0,57.61111,0.0,60.0,5185.0,4331.0,1.0,65.9222,30.0
1106,1.0,-2.65,-0.47117501,0.005,53.0,30.544445,0.0,13.0,2749.0,4330.0,1.0,47.1175,30.0
1107,1.0,-2.65,-0.3961285,0.0029,53.0,19.022223,0.0,5.0,1712.0,4330.0,1.0,39.61285,30.0
1108,1.0,-2.65,-0.3971925,0.0028,53.0,19.422222,0.0,5.0,1748.0,4330.0,1.0,39.71925,10.0
1109,1.0,-2.65,-0.39599252,0.0026,53.0,19.277779,0.0,4.0,1735.0,4330.0,1.0,39.59925,70.0
1110,1.0,-2.65,-0.38377735,0.0025,53.0,18.055555,0.0,3.0,1625.0,4331.0,1.0,38.377735,50.0
1111,1.0,-1.7,-0.4998155,0.0071,34.0,64.02941,0.0,19.0,4354.0,3276.0,1.0,49.98155,90.0
1112,1.0,-2.2,-0.31505764,0.0025,44.0,15.068182,0.0,2.0,1326.0,4138.0,1.0,31.505762,30.0
1113,1.0,-2.2,-0.3295039,0.0028,44.0,16.420454,0.0,5.0,1445.0,4140.0,1.0,32.95039,30.0
1114,1.0,-2.2,-0.30776405,0.0024,44.0,13.465909,0.0,3.0,1185.0,4139.0,1.0,30.776405,30.0
1115,1.0,-2.2,-0.3138783,0.0026,44.0,14.159091,0.0,4.0,1246.0,4140.0,1.0,31.38783,30.0
1116,1.0,-2.2,-0.40384495,0.004,44.0,27.522728,0.0,10.0,2422.0,4141.0,1.0,40.384495,70.0
1117,1.0,-1.35,-0.26104543,0.0034,27.0,30.537037,0.0,7.0,1649.0,2599.0,1.0,26.104544,10.0
1118,1.0,-1.35,-0.21966499,0.0023,27.0,20.74074,0.0,2.0,1120.0,2600.0,1.0,21.9665,70.0
1119,1.0,-2.35,-0.60992414,0.0076,47.0,79.20968,0.0,20.0,4911.0,2944.0,1.0,60.992416,90.0
1120,1.0,-2.35,-0.6154633,0.0178,47.0,55.922222,0.0,64.0,5033.0,4155.0,1.0,61.546333,70.0
1121,1.0,-2.35,-0.5896615,0.0068,47.0,52.02222,0.0,18.0,4682.0,4201.0,1.0,58.96615,50.0
1122,1.0,-2.35,-0.6167577,0.0178,47.0,55.766666,0.0,99.0,5019.0,4333.0,1.0,61.67577,50.0
1123,1.0,-2.35,-0.61656433,0.0177,47.0,55.922222,0.0,127.0,5033.0,4333.0,1.0,61.656433,70.0
1124,1.0,-2.35,-0.61751324,0.0176,47.0,55.9,0.0,139.0,5031.0,4334.0,1.0,61.751324,10.0
1125,1.0,-2.35,-0.61675,0.0179,47.0,56.555557,0.0,130.0,5090.0,4334.0,1.0,61.675,70.0
1126,1.0,-2.35,-0.6153662,0.0176,47.0,55.677776,0.0,133.0,5011.0,4334.0,1.0,61.53662,70.0
1127,1.0,-2.35,-0.60815555,0.0176,47.0,55.144444,0.0,123.0,4963.0,4334.0,1.0,60.815556,90.0
1128,1.0,-2.35,-0.61937857,0.0175,47.0,56.544445,0.0,127.0,5089.0,4333.0,1.0,61.937855,30.0
1129,1.0,-2.35,-0.6087822,0.0177,47.0,55.444443,0.0,132.0,4990.0,4334.0,1.0,60.87822,10.0
1130,1.0,-2.35,-0.6068642,0.018,47.0,55.02222,0.0,130.0,4952.0,4334.0,1.0,60.686424,50.0
1131,1.0,-2.35,-0.61623794,0.0177,47.0,55.966667,0.0,146.0,5037.0,4335.0,1.0,61.623795,90.0
1132,1.0,-2.35,-0.6104864,0.0177,47.0,55.488888,0.0,141.0,4994.0,4334.0,1.0,61.048637,50.0
1133,1.0,-2.35,-0.6150794,0.0176,47.0,55.88889,0.0,131.0,5030.0,4335.0,1.0,61.50794,50.0
1134,1.0,-2.35,-0.6175359,0.0176,47.0,56.366665,0.0,131.0,5073.0,4334.0,1.0,61.75359,90.0
1135,1.0,-2.35,-0.6174147,0.0179,47.0,56.255554,0.0,132.0,5063.0,4335.0,1.0,61.74147,90.0
1136,1.0,-2.35,-0.6192531,0.0177,47.0,56.666668,0.0,147.0,5100.0,4334.0,1.0,61.925312,90.0
1137,1.0,-2.35,-0.6200328,0.0176,47.0,55.877777,0.0,166.0,5029.0,4334.0,1.0,62.00328,50.0
1138,1.0,-2.35,-0.6095578,0.0176,47.0,55.72222,0.0,141.0,5015.0,4334.0,1.0,60.95578,10.0
1139,1.0,-2.35,-0.6174147,0.0178,47.0,56.255554,0.0,159.0,5063.0,4334.0,1.0,61.74147,70.0
1140,1.0,-2.35,-0.6208098,0.0178,47.0,56.544445,0.0,160.0,5089.0,4335.0,1.0,62.080982,30.0
1141,1.0,-2.35,-0.617356,0.0177,47.0,55.9,0.0,164.0,5031.0,4334.0,1.0,61.7356,30.0
1142,1.0,-2.35,-0.6213975,0.0177,47.0,56.444443,0.0,138.0,5080.0,4335.0,1.0,62.13975,30.0
1143,1.0,-2.35,-0.61542493,0.0176,47.0,56.288887,0.0,150.0,5066.0,4334.0,1.0,61.542492,70.0
1144,1.0,-2.6,-0.64967185,0.0175,52.0,56.666668,0.0,138.0,5100.0,4334.0,1.0,64.967186,10.0
1145,1.0,-2.6,-0.6425183,0.0179,52.0,55.877777,0.0,145.0,5029.0,4334.0,1.0,64.25183,10.0
1146,1.0,-2.6,-0.6420759,0.0175,52.0,56.322224,0.0,131.0,5069.0,4334.0,1.0,64.20759,10.0
1147,1.0,-2.6,-0.6429351,0.0175,52.0,56.1,0.0,128.0,5049.0,4334.0,1.0,64.29351,70.0
1148,1.0,-2.6,-0.64682806,0.0177,52.0,56.322224,0.0,149.0,5069.0,4334.0,1.0,64.68281,50.0
1149,1.0,-2.6,-0.6429945,0.0179,52.0,55.855556,0.0,128.0,5027.0,4334.0,1.0,64.29945,90.0
1150,1.0,-2.6,-0.64341795,0.0177,52.0,55.68889,0.0,130.0,5012.0,4334.0,1.0,64.3418,10.0
1151,1.0,-2.6,-0.6416084,0.0175,52.0,56.3,0.0,126.0,5067.0,4335.0,1.0,64.16084,10.0
1152,1.0,-2.6,-0.63261425,0.0177,52.0,54.655556,0.0,123.0,4919.0,4334.0,1.0,63.261425,10.0
1153,1.0,-2.6,-0.6279533,0.0178,52.0,54.488888,0.0,123.0,4904.0,4334.0,1.0,62.795326,90.0
1154,1.0,-2.6,-0.6459539,0.0178,52.0,56.58889,0.0,125.0,5093.0,4335.0,1.0,64.59539,10.0
1155,1.0,-2.6,-0.6361966,0.0178,52.0,55.455555,0.0,133.0,4991.0,4334.0,1.0,63.619663,10.0
1156,1.0,-2.6,-0.64311624,0.0175,52.0,56.288887,0.0,135.0,5066.0,4335.0,1.0,64.31162,10.0
1157,1.0,-2.6,-0.64002687,0.0177,52.0,56.066666,0.0,136.0,5046.0,4334.0,1.0,64.002686,90.0
1158,1.0,-2.6,-0.6473394,0.0177,52.0,56.166668,0.0,131.0,5055.0,4334.0,1.0,64.73394,10.0
1159,1.0,-2.6,-0.6361336,0.0178,52.0,54.9,0.0,140.0,4941.0,4336.0,1.0,63.61336,90.0
1160,1.0,-2.6,-0.64856315,0.0176,52.0,56.644444,0.0,123.0,5098.0,4334.0,1.0,64.856316,50.0
1161,1.0,-2.6,-0.6390609,0.0177,52.0,55.011112,0.0,83.0,4951.0,4334.0,1.0,63.906094,90.0
1162,1.0,-2.6,-0.6398865,0.0176,52.0,55.288887,0.0,59.0,4976.0,4334.0,1.0,63.98865,30.0
1163,1.0,-2.6,-0.63068813,0.0178,52.0,54.68889,0.0,135.0,4922.0,4335.0,1.0,63.068813,90.0
1164,1.0,-2.6,-0.6361336,0.0179,52.0,54.9,0.0,128.0,4941.0,4334.0,1.0,63.61336,70.0
1165,1.0,-2.6,-0.631707,0.0179,52.0,54.5,0.0,128.0,4905.0,4334.0,1.0,63.170704,90.0
1166,1.0,-2.6,-0.63574404,0.0176,52.0,54.933334,0.0,140.0,4944.0,4334.0,1.0,63.5744,10.0
1167,1.0,-2.6,-0.6428717,0.0178,52.0,55.677776,0.0,125.0,5011.0,4335.0,1.0,64.28717,50.0
1168,1.0,-2.6,-0.6444652,0.0177,52.0,56.27778,0.0,133.0,5065.0,4335.0,1.0,64.44652,30.0
1169,1.0,-2.6,-0.64143187,0.0178,52.0,56.555557,0.0,128.0,5090.0,4334.0,1.0,64.14319,90.0
1170,1.0,-2.6,-0.6407023,0.0176,52.0,55.91111,0.0,138.0,5032.0,4334.0,1.0,64.07023,10.0
1171,1.0,-2.6,-0.63811475,0.0176,52.0,55.6,0.0,155.0,5004.0,4334.0,1.0,63.811474,10.0
1172,1.0,-2.6,-0.6389281,0.0177,52.0,55.444443,0.0,207.0,4990.0,4335.0,1.0,63.89281,90.0
1173,1.0,-2.6,-0.631513,0.0176,52.0,54.833332,0.0,255.0,4935.0,4335.0,1.0,63.1513,50.0
1174,1.0,-2.6,-0.63224113,0.0178,52.0,54.533333,0.0,262.0,4908.0,4334.0,1.0,63.224113,10.0
1175,1.0,-2.6,-0.6335935,0.0177,52.0,54.844444,0.0,207.0,4936.0,4336.0,1.0,63.35935,30.0
1176,1.0,-2.6,-0.64071965,0.0177,52.0,55.455555,0.0,142.0,4991.0,4334.0,1.0,64.07197,30.0
1177,1.0,-2.6,-0.6285837,0.0178,52.0,54.333332,0.0,65.0,4890.0,4334.0,1.0,62.858376,50.0
1178,1.0,-2.6,-0.6202983,0.0076,52.0,52.033333,0.0,20.0,4683.0,4334.0,1.0,62.02983,30.0
1179,1.0,-2.6,-0.61825436,0.008,52.0,52.333332,0.0,21.0,4710.0,4335.0,1.0,61.825436,30.0
1180,1.0,-2.6,-0.6438579,0.0175,52.0,56.18889,0.0,65.0,5057.0,4336.0,1.0,64.38579,30.0
1181,1.0,-2.6,-0.6383499,0.0176,52.0,55.155556,0.0,54.0,4964.0,4335.0,1.0,63.834988,30.0
1182,1.0,-2.6,-0.63904417,0.0175,52.0,55.18889,0.0,103.0,4967.0,4335.0,1.0,63.90442,10.0
1183,1.0,-2.6,-0.6353075,0.0177,52.0,54.577778,0.0,114.0,4912.0,4335.0,1.0,63.53075,10.0
1184,1.0,-2.6,-0.64142364,0.0178,52.0,55.855556,0.0,118.0,5027.0,4335.0,1.0,64.142365,90.0
1185,1.0,-2.6,-0.62478846,0.0178,52.0,54.155556,0.0,109.0,4874.0,4336.0,1.0,62.478844,70.0
1186,1.0,-2.6,-0.5483086,0.0061,52.0,41.97778,0.0,16.0,3778.0,4335.0,1.0,54.830864,90.0
1187,1.0,-2.6,-0.63499063,0.0179,52.0,55.27778,0.0,121.0,4975.0,4338.0,1.0,63.49906,10.0
1188,1.0,-2.6,-0.633125,0.0178,52.0,55.555557,0.0,84.0,5000.0,4335.0,1.0,63.3125,50.0
1189,1.0,-2.6,-0.6346078,0.018,52.0,54.72222,0.0,82.0,4925.0,4337.0,1.0,63.46078,50.0
1190,1.0,-2.6,-0.3584,0.0035,52.0,14.577778,0.0,8.0,1312.0,4335.0,1.0,35.84,10.0
1191,1.0,-2.6,-0.6292069,0.0082,52.0,54.11111,0.0,22.0,4870.0,4335.0,1.0,62.92069,90.0
1192,1.0,-2.6,-0.48556802,0.005,52.0,32.97778,0.0,13.0,2968.0,4337.0,1.0,48.5568,50.0
1193,1.0,-2.6,-0.62412894,0.0075,52.0,53.38889,0.0,20.0,4805.0,4336.0,1.0,62.41289,70.0
1194,1.0,-2.6,-0.6560574,0.0178,52.0,57.855556,0.0,70.0,5207.0,4335.0,1.0,65.60574,50.0
1195,1.0,-2.6,-0.62398314,0.0108,52.0,53.47778,0.0,30.0,4813.0,4335.0,1.0,62.39831,50.0
1196,1.0,-2.6,-0.63248044,0.0138,52.0,54.166668,0.0,39.0,4875.0,4335.0,1.0,63.248047,10.0
1197,1.0,-2.6,-0.63645136,0.0175,52.0,55.677776,0.0,74.0,5011.0,4335.0,1.0,63.645138,70.0
1198,1.0,-2.6,-0.6387364,0.0176,52.0,55.166668,0.0,59.0,4965.0,4336.0,1.0,63.873642,70.0
1199,1.0,-2.6,-0.6335634,0.0177,52.0,55.38889,0.0,136.0,4985.0,4337.0,1.0,63.356342,10.0
1200,1.0,-2.6,-0.6408975,0.0176,52.0,56.055557,0.0,109.0,5045.0,4338.0,1.0,64.08975,70.0
1201,1.0,-2.6,-0.6419,0.0179,52.0,55.833332,0.0,56.0,5025.0,4337.0,1.0,64.19,10.0
1202,1.0,-2.6,-0.6515893,0.0177,52.0,56.922222,0.0,74.0,5123.0,4339.0,1.0,65.15893,30.0
1203,1.0,-2.6,-0.65483177,0.0178,52.0,57.511112,0.0,57.0,5176.0,4339.0,1.0,65.48318,30.0
