timestep,r_perf,r_cost,r_energy,latency,replicas,avg_cpu_percent,ram_usage,num_requests,total_cpu_m,total_ram_mi,success_ratio,pod_power,hpa_target
1,-0.03500001,-0.8,-0.08448375,0.0207,16.0,448.375,0.0,37.0,3587.0,385.0,1.0,8.448375,10.0
2,1.0,-1.65,-0.16761845,0.0028,33.0,36.272728,0.0,4.0,2394.0,2905.0,1.0,16.761845,30.0
3,1.0,-2.35,-0.24264485,0.0142,47.0,57.833332,0.0,39.0,5205.0,3970.0,1.0,24.264484,30.0
4,1.0,-2.6,-0.26784608,0.018,52.0,59.355556,0.0,128.0,5342.0,4212.0,1.0,26.784607,70.0
5,1.0,-2.6,-0.26685596,0.0182,52.0,59.455555,0.0,61.0,5351.0,4310.0,1.0,26.685596,10.0
6,1.0,-2.6,-0.2652321,0.0063,52.0,47.7,0.0,16.0,4293.0,4329.0,1.0,26.523209,50.0
7,1.0,-2.6,-0.26504076,0.0047,52.0,45.955555,0.0,12.0,4136.0,4329.0,1.0,26.504074,70.0
8,1.0,-2.6,-0.26660997,0.0078,52.0,57.322224,0.0,21.0,5159.0,4330.0,1.0,26.660997,50.0
9,1.0,-2.6,-0.26662022,0.0083,52.0,57.41111,0.0,22.0,5167.0,4329.0,1.0,26.662022,50.0
10,1.0,-2.6,-0.2661501,0.0178,52.0,59.1,0.0,118.0,5319.0,4329.0,1.0,26.61501,90.0
11,1.0,-2.6,-0.26618594,0.0178,52.0,59.444443,0.0,59.0,5350.0,4329.0,1.0,26.618593,90.0
12,1.0,-2.6,-0.2658111,0.0183,52.0,59.033333,0.0,56.0,5313.0,4330.0,1.0,26.58111,10.0
13,1.0,-2.6,-0.26629606,0.018,52.0,57.4,0.0,104.0,5166.0,4329.0,1.0,26.629606,10.0
14,1.0,-2.6,-0.26622462,0.0063,52.0,50.3,0.0,16.0,4527.0,4330.0,1.0,26.622463,50.0
15,1.0,-2.6,-0.2642832,0.0045,52.0,37.144444,0.0,11.0,3343.0,4330.0,1.0,26.428322,10.0
16,1.0,-2.6,-0.2676639,0.0177,52.0,55.61111,0.0,75.0,5005.0,4329.0,1.0,26.76639,70.0
17,1.0,-2.6,-0.26681376,0.0181,52.0,60.566666,0.0,118.0,5451.0,4329.0,1.0,26.681376,50.0
18,1.0,-2.6,-0.2670127,0.018,52.0,59.366665,0.0,116.0,5343.0,4330.0,1.0,26.70127,70.0
19,1.0,-2.6,-0.26667407,0.0077,52.0,56.5,0.0,20.0,5085.0,4329.0,1.0,26.667406,90.0
20,1.0,-2.6,-0.2666625,0.0183,52.0,59.22222,0.0,110.0,5330.0,4330.0,1.0,26.66625,10.0
21,1.0,-2.6,-0.2671407,0.018,52.0,59.044445,0.0,123.0,5314.0,4329.0,1.0,26.71407,50.0
22,1.0,-2.6,-0.2667631,0.0098,52.0,55.922222,0.0,26.0,5033.0,4329.0,1.0,26.67631,70.0
23,1.0,-2.6,-0.26602405,0.018,52.0,57.88889,0.0,115.0,5210.0,4329.0,1.0,26.602406,50.0
24,1.0,-2.6,-0.26415625,0.0058,52.0,38.88889,0.0,15.0,3500.0,4331.0,1.0,26.415625,50.0
25,1.0,-2.6,-0.26679668,0.0178,52.0,56.2,0.0,60.0,5058.0,4329.0,1.0,26.679668,70.0
26,1.0,-2.6,-0.26294085,0.0051,52.0,26.811111,0.0,13.0,2413.0,4331.0,1.0,26.294085,90.0
27,1.0,-2.6,-0.26183265,0.003,52.0,17.61111,0.0,5.0,1585.0,4331.0,1.0,26.183266,90.0
28,1.0,-2.6,-0.26227906,0.003,52.0,20.777779,0.0,5.0,1870.0,4331.0,1.0,26.227907,90.0
29,1.0,-2.6,-0.26242813,0.0028,52.0,20.555555,0.0,4.0,1850.0,4332.0,1.0,26.242813,90.0
30,1.0,-2.6,-0.26202342,0.0026,52.0,19.444445,0.0,3.0,1750.0,4332.0,1.0,26.202343,70.0
31,1.0,-1.65,-0.16969801,0.0073,33.0,47.454544,0.0,19.0,3132.0,3174.0,1.0,16.9698,30.0
32,1.0,-2.15,-0.21669537,0.0025,43.0,17.523256,0.0,2.0,1507.0,4038.0,1.0,21.669537,10.0
33,1.0,-2.15,-0.21728304,0.003,43.0,19.755814,0.0,5.0,1699.0,4038.0,1.0,21.728304,70.0
34,1.0,-2.15,-0.21670626,0.0026,43.0,15.872093,0.0,3.0,1365.0,4038.0,1.0,21.670626,70.0
35,1.0,-2.15,-0.21655026,0.0028,43.0,16.023256,0.0,4.0,1378.0,4039.0,1.0,21.655025,90.0
36,1.0,-2.15,-0.21797372,0.0041,43.0,25.732557,0.0,10.0,2213.0,4039.0,1.0,21.797373,90.0
37,1.0,-1.4,-0.14205481,0.0035,28.0,30.107143,0.0,7.0,1686.0,2697.0,1.0,14.205482,50.0
38,1.0,-1.4,-0.14200531,0.0024,28.0,24.910715,0.0,2.0,1395.0,2698.0,1.0,14.200531,10.0
39,1.0,-2.0,-0.20798853,0.0077,40.0,66.88461,0.0,20.0,5217.0,3647.0,1.0,20.798853,30.0
40,1.0,-2.5,-0.2560135,0.0181,50.0,56.266666,0.0,64.0,5064.0,4168.0,1.0,25.60135,90.0
41,1.0,-2.5,-0.25498423,0.007,50.0,50.633335,0.0,18.0,4557.0,4260.0,1.0,25.498423,70.0
42,1.0,-2.5,-0.2571866,0.0182,50.0,54.366665,0.0,99.0,4893.0,4323.0,1.0,25.718658,30.0
43,1.0,-2.5,-0.2556483,0.018,50.0,54.27778,0.0,127.0,4885.0,4332.0,1.0,25.564829,10.0
44,1.0,-2.5,-0.25440165,0.0179,50.0,53.966667,0.0,139.0,4857.0,4333.0,1.0,25.440166,50.0
45,1.0,-2.5,-0.25580806,0.018,50.0,54.344444,0.0,130.0,4891.0,4332.0,1.0,25.580807,70.0
46,1.0,-2.5,-0.25687912,0.0179,50.0,55.58889,0.0,133.0,5003.0,4333.0,1.0,25.687912,30.0
47,1.0,-2.5,-0.25681725,0.0182,50.0,55.08889,0.0,123.0,4958.0,4333.0,1.0,25.681725,10.0
48,1.0,-2.5,-0.25620875,0.018,50.0,55.18889,0.0,127.0,4967.0,4333.0,1.0,25.620874,70.0
49,1.0,-2.5,-0.2557061,0.018,50.0,54.833332,0.0,132.0,4935.0,4333.0,1.0,25.57061,90.0
50,1.0,-2.5,-0.25634605,0.0181,50.0,55.033333,0.0,130.0,4953.0,4335.0,1.0,25.634604,90.0
51,1.0,-2.5,-0.25574312,0.018,50.0,55.18889,0.0,146.0,4967.0,4333.0,1.0,25.57431,90.0
52,1.0,-2.5,-0.25615376,0.0181,50.0,54.7,0.0,141.0,4923.0,4333.0,1.0,25.615376,30.0
53,1.0,-2.5,-0.2564693,0.0178,50.0,54.766666,0.0,131.0,4929.0,4333.0,1.0,25.64693,90.0
54,1.0,-2.5,-0.2570797,0.018,50.0,54.72222,0.0,131.0,4925.0,4333.0,1.0,25.70797,30.0
55,1.0,-2.5,-0.25592923,0.018,50.0,54.055557,0.0,132.0,4865.0,4333.0,1.0,25.592922,70.0
56,1.0,-2.5,-0.25646538,0.0181,50.0,54.733334,0.0,147.0,4926.0,4333.0,1.0,25.646538,90.0
57,1.0,-2.5,-0.25680485,0.0183,50.0,54.988888,0.0,166.0,4949.0,4333.0,1.0,25.680487,70.0
58,1.0,-2.5,-0.2585439,0.0181,50.0,55.233334,0.0,141.0,4971.0,4334.0,1.0,25.854391,50.0
59,1.0,-2.5,-0.257542,0.0182,50.0,55.866665,0.0,159.0,5028.0,4334.0,1.0,25.7542,70.0
60,1.0,-2.5,-0.25759652,0.0182,50.0,55.122223,0.0,160.0,4961.0,4332.0,1.0,25.759653,10.0
61,1.0,-2.5,-0.25585437,0.0183,50.0,54.77778,0.0,164.0,4930.0,4333.0,1.0,25.585438,30.0
62,1.0,-2.5,-0.25590783,0.0182,50.0,55.27778,0.0,138.0,4975.0,4333.0,1.0,25.590782,50.0
63,1.0,-2.5,-0.2556261,0.0181,50.0,55.566666,0.0,150.0,5001.0,4333.0,1.0,25.562613,10.0
64,1.0,-2.5,-0.2560462,0.0182,50.0,55.122223,0.0,138.0,4961.0,4333.0,1.0,25.604622,10.0
65,1.0,-2.5,-0.25562274,0.0181,50.0,55.533333,0.0,145.0,4998.0,4333.0,1.0,25.562275,90.0
66,1.0,-2.5,-0.25536156,0.0181,50.0,54.466667,0.0,131.0,4902.0,4335.0,1.0,25.536156,30.0
67,1.0,-2.5,-0.25627172,0.018,50.0,54.38889,0.0,128.0,4895.0,4334.0,1.0,25.627172,90.0
68,1.0,-2.5,-0.25531453,0.0181,50.0,53.988888,0.0,149.0,4859.0,4334.0,1.0,25.531452,10.0
69,1.0,-2.5,-0.25536704,0.018,50.0,54.52222,0.0,128.0,4907.0,4334.0,1.0,25.536703,30.0
70,1.0,-2.5,-0.2558532,0.018,50.0,54.766666,0.0,130.0,4929.0,4335.0,1.0,25.58532,90.0
71,1.0,-2.5,-0.25537467,0.0182,50.0,54.6,0.0,126.0,4914.0,4333.0,1.0,25.537468,70.0
72,1.0,-2.5,-0.25526255,0.0179,50.0,55.033333,0.0,123.0,4953.0,4334.0,1.0,25.526257,70.0
73,1.0,-2.5,-0.25616795,0.018,50.0,53.488888,0.0,123.0,4814.0,4334.0,1.0,25.616795,30.0
74,1.0,-2.5,-0.256575,0.0179,50.0,54.366665,0.0,125.0,4893.0,4334.0,1.0,25.657497,10.0
75,1.0,-2.5,-0.2559219,0.018,50.0,53.988888,0.0,133.0,4859.0,4334.0,1.0,25.59219,10.0
76,1.0,-2.5,-0.256273,0.0181,50.0,54.4,0.0,135.0,4896.0,4334.0,1.0,25.6273,30.0
77,1.0,-2.5,-0.2561175,0.0178,50.0,54.377777,0.0,136.0,4894.0,4334.0,1.0,25.61175,70.0
78,1.0,-2.5,-0.25708973,0.0179,50.0,54.8,0.0,131.0,4932.0,4335.0,1.0,25.708975,50.0
79,1.0,-2.5,-0.2561525,0.018,50.0,54.68889,0.0,140.0,4922.0,4333.0,1.0,25.61525,90.0
80,1.0,-2.5,-0.2565508,0.0181,50.0,54.166668,0.0,123.0,4875.0,4334.0,1.0,25.655079,10.0
81,1.0,-2.5,-0.25632808,0.0182,50.0,54.877777,0.0,83.0,4939.0,4334.0,1.0,25.632809,30.0
82,1.0,-2.5,-0.25691074,0.0179,50.0,55.844444,0.0,59.0,5026.0,4333.0,1.0,25.691074,70.0
83,1.0,-2.5,-0.25610104,0.0177,50.0,55.622223,0.0,135.0,5006.0,4336.0,1.0,25.610106,30.0
84,1.0,-2.5,-0.25659007,0.0178,50.0,55.788887,0.0,128.0,5021.0,4334.0,1.0,25.659006,30.0
85,1.0,-2.5,-0.25567225,0.0178,50.0,56.02222,0.0,128.0,5042.0,4335.0,1.0,25.567225,70.0
86,1.0,-2.5,-0.2547494,0.0179,50.0,56.288887,0.0,140.0,5066.0,4335.0,1.0,25.474937,90.0
87,1.0,-2.5,-0.2561625,0.0178,50.0,54.77778,0.0,125.0,4930.0,4335.0,1.0,25.61625,10.0
88,1.0,-2.5,-0.25583658,0.0178,50.0,54.61111,0.0,133.0,4915.0,4335.0,1.0,25.583656,90.0
89,1.0,-2.5,-0.255355,0.0177,50.0,54.4,0.0,128.0,4896.0,4334.0,1.0,25.5355,10.0
90,1.0,-2.5,-0.255526,0.0176,50.0,54.577778,0.0,138.0,4912.0,4334.0,1.0,25.5526,10.0
91,1.0,-2.5,-0.25675675,0.0179,50.0,54.6,0.0,155.0,4914.0,4334.0,1.0,25.675674,70.0
92,1.0,-2.5,-0.25543812,0.0179,50.0,55.244446,0.0,207.0,4972.0,4334.0,1.0,25.543812,90.0
93,1.0,-2.5,-0.2556216,0.0177,50.0,55.52222,0.0,255.0,4997.0,4334.0,1.0,25.562162,10.0
94,1.0,-2.5,-0.25608155,0.0178,50.0,55.444443,0.0,262.0,4990.0,4335.0,1.0,25.608156,90.0
95,1.0,-2.5,-0.2564088,0.0177,50.0,55.577778,0.0,207.0,5002.0,4334.0,1.0,25.64088,90.0
96,1.0,-2.5,-0.2556295,0.0179,50.0,55.6,0.0,142.0,5004.0,4336.0,1.0,25.56295,10.0
97,1.0,-2.5,-0.25620466,0.0177,50.0,56.566666,0.0,65.0,5091.0,4334.0,1.0,25.620466,10.0
98,1.0,-2.5,-0.25498095,0.0076,50.0,53.666668,0.0,20.0,4830.0,4334.0,1.0,25.498095,30.0
99,1.0,-2.5,-0.2562895,0.008,50.0,53.244446,0.0,21.0,4792.0,4335.0,1.0,25.62895,90.0
100,1.0,-2.5,-0.25741175,0.0178,50.0,57.288887,0.0,65.0,5156.0,4335.0,1.0,25.741175,50.0
101,1.0,-2.5,-0.25704375,0.0179,50.0,54.444443,0.0,54.0,4900.0,4334.0,1.0,25.704374,30.0
102,1.0,-2.5,-0.2572571,0.0179,50.0,54.9,0.0,103.0,4941.0,4334.0,1.0,25.72571,50.0
103,1.0,-2.5,-0.25696096,0.018,50.0,55.0,0.0,114.0,4950.0,4336.0,1.0,25.696095,10.0
104,1.0,-2.5,-0.2565612,0.0178,50.0,55.544445,0.0,118.0,4999.0,4335.0,1.0,25.656118,70.0
105,1.0,-2.5,-0.25608155,0.0179,50.0,55.444443,0.0,109.0,4990.0,4335.0,1.0,25.608156,30.0
106,1.0,-2.5,-0.2552857,0.0064,50.0,48.18889,0.0,16.0,4337.0,4335.0,1.0,25.528572,70.0
107,1.0,-2.5,-0.257704,0.018,50.0,57.066666,0.0,121.0,5136.0,4334.0,1.0,25.7704,10.0
108,1.0,-2.5,-0.25710875,0.018,50.0,57.444443,0.0,84.0,5170.0,4334.0,1.0,25.710875,10.0
109,1.0,-2.5,-0.2562595,0.018,50.0,57.066666,0.0,82.0,5136.0,4335.0,1.0,25.62595,50.0
110,1.0,-2.5,-0.2522153,0.0037,50.0,19.211111,0.0,8.0,1729.0,4334.0,1.0,25.221529,30.0
111,1.0,-2.5,-0.25735,0.0084,50.0,54.444443,0.0,22.0,4900.0,4334.0,1.0,25.735,90.0
112,1.0,-2.5,-0.25470492,0.0051,50.0,36.366665,0.0,13.0,3273.0,4334.0,1.0,25.470493,70.0
113,1.0,-2.5,-0.2564457,0.0077,50.0,54.566666,0.0,20.0,4911.0,4334.0,1.0,25.64457,10.0
114,1.0,-2.5,-0.25604498,0.0177,50.0,55.11111,0.0,70.0,4960.0,4334.0,1.0,25.6045,50.0
115,1.0,-2.5,-0.2557677,0.0111,50.0,53.966667,0.0,30.0,4857.0,4334.0,1.0,25.576769,50.0
116,1.0,-2.5,-0.25591257,0.0139,50.0,55.322224,0.0,39.0,4979.0,4335.0,1.0,25.591257,90.0
117,1.0,-2.5,-0.25566998,0.0179,50.0,56.0,0.0,74.0,5040.0,4334.0,1.0,25.567,50.0
118,1.0,-2.5,-0.25624,0.0178,50.0,56.88889,0.0,59.0,5120.0,4334.0,1.0,25.624,10.0
119,1.0,-2.5,-0.2572028,0.018,50.0,56.91111,0.0,136.0,5122.0,4334.0,1.0,25.720282,10.0
120,1.0,-2.5,-0.2564775,0.0181,50.0,57.577778,0.0,109.0,5182.0,4335.0,1.0,25.64775,10.0
121,1.0,-2.5,-0.25601366,0.0179,50.0,57.788887,0.0,56.0,5201.0,4335.0,1.0,25.601366,70.0
122,1.0,-2.5,-0.25624982,0.0182,50.0,58.47778,0.0,74.0,5263.0,4334.0,1.0,25.62498,70.0
123,1.0,-2.5,-0.25600442,0.0178,50.0,57.7,0.0,57.0,5193.0,4335.0,1.0,25.600441,30.0
124,1.0,-2.5,-0.25683287,0.018,50.0,57.844444,0.0,99.0,5206.0,4336.0,1.0,25.683287,70.0
125,1.0,-2.5,-0.25681317,0.0183,50.0,57.677776,0.0,59.0,5191.0,4335.0,1.0,25.681318,70.0
126,1.0,-2.5,-0.25631556,0.0183,50.0,57.577778,0.0,59.0,5182.0,4335.0,1.0,25.631556,30.0
127,1.0,-2.5,-0.25721827,0.0145,50.0,57.033333,0.0,40.0,5133.0,4336.0,1.0,25.721828,10.0
128,1.0,-2.5,-0.25703174,0.018,50.0,56.822224,0.0,52.0,5114.0,4336.0,1.0,25.703175,90.0
129,1.0,-2.5,-0.25646126,0.018,50.0,57.433334,0.0,77.0,5169.0,4336.0,1.0,25.646126,30.0
130,1.0,-2.5,-0.25659588,0.0182,50.0,57.2,0.0,82.0,5148.0,4336.0,1.0,25.659588,10.0
131,1.0,-2.5,-0.25632775,0.018,50.0,57.68889,0.0,61.0,5192.0,4336.0,1.0,25.632774,30.0
132,1.0,-2.5,-0.25634968,0.0176,50.0,57.88889,0.0,49.0,5210.0,4339.0,1.0,25.634968,50.0
133,1.0,-2.5,-0.25616908,0.0178,50.0,57.72222,0.0,103.0,5195.0,4337.0,1.0,25.616907,90.0
134,1.0,-2.5,-0.256175,0.018,50.0,57.77778,0.0,75.0,5200.0,4336.0,1.0,25.6175,70.0
135,1.0,-2.5,-0.25765806,0.0182,50.0,57.933334,0.0,100.0,5214.0,4336.0,1.0,25.765806,10.0
136,1.0,-2.5,-0.25572798,0.018,50.0,58.18889,0.0,115.0,5237.0,4337.0,1.0,25.572798,10.0
137,1.0,-2.5,-0.25668943,0.018,50.0,58.011112,0.0,70.0,5221.0,4336.0,1.0,25.668941,90.0
138,1.0,-2.5,-0.257839,0.018,50.0,58.066666,0.0,56.0,5226.0,4336.0,1.0,25.7839,30.0
139,1.0,-2.5,-0.25563392,0.0181,50.0,57.233334,0.0,54.0,5151.0,4337.0,1.0,25.56339,90.0
140,1.0,-2.5,-0.2560895,0.0182,50.0,56.97778,0.0,144.0,5128.0,4338.0,1.0,25.60895,90.0
141,1.0,-2.5,-0.25692973,0.018,50.0,57.3,0.0,66.0,5157.0,4336.0,1.0,25.692972,50.0
142,1.0,-2.5,-0.25620708,0.0179,50.0,58.077778,0.0,139.0,5227.0,4338.0,1.0,25.620707,70.0
143,1.0,-2.5,-0.25636798,0.0179,50.0,58.055557,0.0,135.0,5225.0,4339.0,1.0,25.636797,10.0
144,1.0,-2.5,-0.2565,0.0179,50.0,57.77778,0.0,120.0,5200.0,4337.0,1.0,25.65,50.0
145,1.0,-2.5,-0.2523299,0.004,50.0,21.8,0.0,9.0,1962.0,4337.0,1.0,25.232988,70.0
146,1.0,-2.5,-0.25641915,0.0175,50.0,58.52222,0.0,133.0,5267.0,4337.0,1.0,25.641916,30.0
147,1.0,-2.5,-0.25581625,0.0177,50.0,57.444443,0.0,134.0,5170.0,4338.0,1.0,25.581625,50.0
148,1.0,-2.5,-0.25149158,0.0027,50.0,14.333333,0.0,4.0,1290.0,4341.0,1.0,25.149157,70.0
149,1.0,-2.5,-0.25729,0.0177,50.0,57.6,0.0,124.0,5184.0,4339.0,1.0,25.729,10.0
150,1.0,-2.5,-0.2571986,0.0181,50.0,56.877777,0.0,63.0,5119.0,4338.0,1.0,25.71986,90.0
151,1.0,-2.5,-0.25699875,0.018,50.0,56.555557,0.0,142.0,5090.0,4338.0,1.0,25.699875,30.0
152,1.0,-2.5,-0.2560218,0.0172,50.0,56.344444,0.0,48.0,5071.0,4337.0,1.0,25.60218,50.0
153,1.0,-2.5,-0.2558541,0.018,50.0,56.255554,0.0,108.0,5063.0,4339.0,1.0,25.58541,50.0
154,1.0,-2.5,-0.25620344,0.0179,50.0,56.555557,0.0,56.0,5090.0,4339.0,1.0,25.620344,90.0
155,1.0,-2.5,-0.25625375,0.0181,50.0,55.58889,0.0,83.0,5003.0,4338.0,1.0,25.625376,30.0
156,1.0,-2.5,-0.25229862,0.0039,50.0,22.088888,0.0,9.0,1988.0,4340.0,1.0,25.229862,10.0
157,1.0,-2.5,-0.25204125,0.0035,50.0,18.144444,0.0,7.0,1633.0,4341.0,1.0,25.204124,50.0
158,1.0,-2.5,-0.25186977,0.0024,50.0,18.466667,0.0,2.0,1662.0,4340.0,1.0,25.186975,10.0
159,1.0,-2.5,-0.25184736,0.0028,50.0,18.766666,0.0,4.0,1689.0,4341.0,1.0,25.184734,10.0
160,1.0,-2.5,-0.2518454,0.0026,50.0,17.733334,0.0,3.0,1596.0,4342.0,1.0,25.184538,70.0
161,1.0,-1.4,-0.14331745,0.0046,28.0,48.607143,0.0,11.0,2722.0,2703.0,1.0,14.331744,10.0
162,1.0,-1.4,-0.14184153,0.0025,28.0,26.982143,0.0,3.0,1511.0,2704.0,1.0,14.184154,90.0
163,1.0,-1.4,-0.14213812,0.0027,28.0,27.767857,0.0,4.0,1555.0,2705.0,1.0,14.213813,90.0
164,1.0,-1.4,-0.14199787,0.0027,28.0,25.946428,0.0,4.0,1453.0,2704.0,1.0,14.199787,10.0
165,1.0,-1.4,-0.14185962,0.0031,28.0,29.517857,0.0,6.0,1653.0,2705.0,1.0,14.185963,30.0
166,1.0,-1.4,-0.14224875,0.0037,28.0,36.714287,0.0,9.0,2056.0,2704.0,1.0,14.224875,50.0
167,1.0,-1.25,-0.12703846,0.0032,25.0,35.26,0.0,6.0,1763.0,2414.0,1.0,12.703847,90.0
168,1.0,-1.25,-0.12701938,0.0025,25.0,28.72,0.0,3.0,1436.0,2414.0,1.0,12.701938,70.0
169,1.0,-1.25,-0.12727109,0.0029,25.0,32.3,0.0,5.0,1615.0,2415.0,1.0,12.727109,50.0
170,1.0,-1.25,-0.12683988,0.0024,25.0,28.72,0.0,2.0,1436.0,2414.0,1.0,12.683988,30.0
171,1.0,-2.4,-0.2482695,0.0129,48.0,64.10465,0.0,35.0,5513.0,3970.0,1.0,24.82695,90.0
172,1.0,-2.4,-0.2412243,0.0028,48.0,11.455556,0.0,4.0,1031.0,4145.0,1.0,24.12243,50.0
173,1.0,-2.4,-0.24118285,0.0027,48.0,11.366667,0.0,4.0,1023.0,4148.0,1.0,24.118284,50.0
174,1.0,-2.4,-0.24148874,0.0028,48.0,13.233334,0.0,4.0,1191.0,4148.0,1.0,24.148874,10.0
175,1.0,-2.4,-0.24173187,0.003,48.0,18.11111,0.0,5.0,1630.0,4149.0,1.0,24.173187,10.0
176,1.0,-2.4,-0.24320625,0.0039,48.0,30.0,0.0,9.0,2700.0,4224.0,1.0,24.320625,10.0
177,1.0,-1.7,-0.17368956,0.0037,34.0,45.691177,0.0,8.0,3107.0,3279.0,1.0,17.368956,30.0
178,1.0,-1.7,-0.174314,0.0034,34.0,42.294117,0.0,7.0,2876.0,3280.0,1.0,17.4314,10.0
179,1.0,-1.7,-0.17439687,0.0041,34.0,49.264706,0.0,10.0,3350.0,3280.0,1.0,17.439688,30.0
180,1.0,-1.7,-0.17190987,0.0032,34.0,27.235294,0.0,6.0,1852.0,3280.0,1.0,17.190987,10.0
181,1.0,-2.45,-0.25046748,0.0169,49.0,71.47059,0.0,47.0,4860.0,3279.0,1.0,25.04675,90.0
182,1.0,-2.45,-0.2465271,0.0032,49.0,13.922222,0.0,6.0,1253.0,4228.0,1.0,24.65271,30.0
183,1.0,-2.45,-0.24775757,0.0038,49.0,23.344444,0.0,9.0,2101.0,4227.0,1.0,24.775757,10.0
184,1.0,-2.45,-0.24748963,0.0032,49.0,24.588888,0.0,6.0,2213.0,4227.0,1.0,24.748962,70.0
185,1.0,-2.45,-0.24942288,0.0039,49.0,38.355556,0.0,9.0,3452.0,4227.0,1.0,24.942287,50.0
186,1.0,-2.45,-0.24936312,0.005,49.0,39.77778,0.0,13.0,3580.0,4336.0,1.0,24.936312,90.0
187,1.0,-2.45,-0.25128555,0.01,49.0,53.211113,0.0,27.0,4789.0,4336.0,1.0,25.128555,70.0
188,1.0,-2.45,-0.25066435,0.0093,49.0,53.0,0.0,25.0,4770.0,4335.0,1.0,25.066437,90.0
189,1.0,-2.45,-0.2514485,0.0071,49.0,47.766666,0.0,18.0,4299.0,4336.0,1.0,25.14485,10.0
190,1.0,-2.45,-0.24852125,0.0044,49.0,31.3,0.0,11.0,2817.0,4336.0,1.0,24.852125,50.0
191,1.0,-2.45,-0.25098857,0.0154,49.0,51.933334,0.0,42.0,4674.0,4336.0,1.0,25.098856,50.0
192,1.0,-2.45,-0.25112808,0.0076,49.0,51.877777,0.0,20.0,4669.0,4336.0,1.0,25.112806,50.0
193,1.0,-2.45,-0.25072706,0.0073,49.0,47.355556,0.0,19.0,4262.0,4336.0,1.0,25.072706,30.0
194,1.0,-2.45,-0.25008878,0.0066,49.0,42.077778,0.0,17.0,3787.0,4336.0,1.0,25.008879,10.0
195,1.0,-2.45,-0.24832857,0.0047,49.0,31.144444,0.0,12.0,2803.0,4337.0,1.0,24.832857,30.0
196,1.0,-2.45,-0.2507586,0.0093,49.0,52.5,0.0,25.0,4725.0,4336.0,1.0,25.07586,10.0
197,1.0,-2.45,-0.25178975,0.0178,49.0,54.866665,0.0,66.0,4938.0,4337.0,1.0,25.178974,90.0
198,1.0,-2.45,-0.2516623,0.0165,49.0,55.08889,0.0,46.0,4958.0,4336.0,1.0,25.166231,10.0
199,1.0,-2.45,-0.25230703,0.0182,49.0,55.27778,0.0,117.0,4975.0,4336.0,1.0,25.230703,70.0
200,1.0,-2.45,-0.25336662,0.0179,49.0,55.08889,0.0,84.0,4958.0,4337.0,1.0,25.336662,30.0
201,1.0,-2.45,-0.25169322,0.0179,49.0,55.344444,0.0,71.0,4981.0,4336.0,1.0,25.169321,10.0
202,1.0,-2.45,-0.2511438,0.009,49.0,52.011112,0.0,24.0,4681.0,4338.0,1.0,25.114382,10.0
203,1.0,-2.45,-0.25059313,0.009,49.0,52.333332,0.0,24.0,4710.0,4337.0,1.0,25.059313,50.0
204,1.0,-2.45,-0.25234374,0.0092,49.0,52.22222,0.0,24.0,4700.0,4338.0,1.0,25.234375,90.0
205,1.0,-2.45,-0.25022113,0.0087,49.0,51.566666,0.0,23.0,4641.0,4338.0,1.0,25.022112,70.0
206,1.0,-2.45,-0.25089633,0.0132,49.0,53.755554,0.0,36.0,4838.0,4338.0,1.0,25.089632,30.0
207,1.0,-2.45,-0.2510913,0.0181,49.0,55.533333,0.0,90.0,4998.0,4338.0,1.0,25.10913,30.0
208,1.0,-2.45,-0.25092086,0.0182,49.0,55.4,0.0,53.0,4986.0,4338.0,1.0,25.092087,30.0
209,1.0,-2.45,-0.2511975,0.0183,49.0,55.08889,0.0,96.0,4958.0,4338.0,1.0,25.11975,50.0
210,1.0,-2.45,-0.2515175,0.0093,49.0,52.666668,0.0,25.0,4740.0,4339.0,1.0,25.15175,10.0
211,1.0,-2.45,-0.25012532,0.018,49.0,55.22222,0.0,54.0,4970.0,4339.0,1.0,25.012531,50.0
212,1.0,-2.45,-0.2515625,0.018,49.0,55.555557,0.0,112.0,5000.0,4339.0,1.0,25.15625,70.0
213,1.0,-2.45,-0.25118375,0.0179,49.0,54.966667,0.0,82.0,4947.0,4339.0,1.0,25.118376,90.0
214,1.0,-2.45,-0.2511375,0.0181,49.0,54.555557,0.0,118.0,4910.0,4339.0,1.0,25.11375,30.0
215,1.0,-2.45,-0.25165692,0.018,49.0,55.044445,0.0,91.0,4954.0,4339.0,1.0,25.165693,10.0
216,1.0,-2.45,-0.25048178,0.0101,49.0,52.677776,0.0,27.0,4741.0,4340.0,1.0,25.048178,30.0
217,1.0,-2.45,-0.25142205,0.0179,49.0,54.366665,0.0,54.0,4893.0,4339.0,1.0,25.142206,70.0
218,1.0,-2.45,-0.25133193,0.0179,49.0,54.91111,0.0,87.0,4942.0,4339.0,1.0,25.133194,50.0
219,1.0,-2.45,-0.25162333,0.018,49.0,54.766666,0.0,119.0,4929.0,4339.0,1.0,25.162334,30.0
220,1.0,-2.45,-0.25119126,0.0178,49.0,55.033333,0.0,154.0,4953.0,4339.0,1.0,25.119125,30.0
221,1.0,-2.45,-0.25119627,0.0179,49.0,55.077778,0.0,72.0,4957.0,4339.0,1.0,25.119625,70.0
222,1.0,-2.45,-0.25147194,0.0147,49.0,54.788887,0.0,41.0,4931.0,4339.0,1.0,25.147194,90.0
223,1.0,-2.45,-0.25083327,0.0181,49.0,56.055557,0.0,90.0,5045.0,4341.0,1.0,25.083328,70.0
224,1.0,-2.45,-0.25096482,0.0181,49.0,55.81111,0.0,85.0,5023.0,4339.0,1.0,25.096481,50.0
225,1.0,-2.45,-0.2526845,0.0179,49.0,56.922222,0.0,144.0,5123.0,4339.0,1.0,25.26845,50.0
226,1.0,-2.45,-0.2516688,0.0179,49.0,56.455555,0.0,129.0,5081.0,4340.0,1.0,25.166882,90.0
227,1.0,-2.45,-0.24982624,0.009,49.0,52.0,0.0,24.0,4680.0,4339.0,1.0,24.982624,50.0
228,1.0,-2.45,-0.2504956,0.0178,49.0,54.27778,0.0,72.0,4885.0,4339.0,1.0,25.049562,10.0
229,1.0,-2.45,-0.25068125,0.0066,49.0,44.88889,0.0,17.0,4040.0,4339.0,1.0,25.068125,50.0
230,1.0,-2.45,-0.25126624,0.0178,49.0,55.7,0.0,55.0,5013.0,4340.0,1.0,25.126625,90.0
231,1.0,-2.45,-0.2508603,0.018,49.0,54.833332,0.0,63.0,4935.0,4339.0,1.0,25.086031,90.0
232,1.0,-2.45,-0.25053018,0.0084,49.0,51.744446,0.0,22.0,4657.0,4339.0,1.0,25.053019,90.0
233,1.0,-2.45,-0.25141522,0.0181,49.0,55.633335,0.0,84.0,5007.0,4339.0,1.0,25.141521,90.0
234,1.0,-2.45,-0.2510462,0.0179,49.0,55.122223,0.0,64.0,4961.0,4339.0,1.0,25.104622,50.0
235,1.0,-2.45,-0.25266698,0.018,49.0,55.633335,0.0,57.0,5007.0,4340.0,1.0,25.266697,30.0
236,1.0,-2.45,-0.25135374,0.0179,49.0,56.47778,0.0,75.0,5083.0,4339.0,1.0,25.135374,10.0
237,1.0,-2.45,-0.2543902,0.0179,49.0,56.58889,0.0,100.0,5093.0,4340.0,1.0,25.439022,10.0
238,1.0,-2.45,-0.25114,0.0098,49.0,54.577778,0.0,26.0,4912.0,4339.0,1.0,25.114,10.0
239,1.0,-2.45,-0.25193825,0.0121,49.0,56.066666,0.0,33.0,5046.0,4340.0,1.0,25.193825,10.0
240,1.0,-2.45,-0.25280786,0.0178,49.0,56.655556,0.0,72.0,5099.0,4339.0,1.0,25.280785,70.0
241,1.0,-2.45,-0.25162202,0.0176,49.0,54.755554,0.0,78.0,4928.0,4339.0,1.0,25.1622,50.0
242,1.0,-2.45,-0.25152838,0.0177,49.0,55.266666,0.0,142.0,4974.0,4339.0,1.0,25.152838,50.0
243,1.0,-2.45,-0.25202507,0.0179,49.0,54.3,0.0,127.0,4887.0,4340.0,1.0,25.202507,90.0
244,1.0,-2.45,-0.252518,0.0176,49.0,55.68889,0.0,134.0,5012.0,4340.0,1.0,25.2518,90.0
245,1.0,-2.45,-0.25223204,0.0177,49.0,55.9,0.0,137.0,5031.0,4340.0,1.0,25.223206,50.0
246,1.0,-2.45,-0.25240985,0.0177,49.0,56.055557,0.0,145.0,5045.0,4339.0,1.0,25.240984,10.0
247,1.0,-2.45,-0.25257352,0.0177,49.0,56.1,0.0,125.0,5049.0,4339.0,1.0,25.25735,70.0
248,1.0,-2.45,-0.2527665,0.0179,49.0,56.355556,0.0,104.0,5072.0,4339.0,1.0,25.27665,50.0
249,1.0,-2.45,-0.2515664,0.0176,49.0,56.944443,0.0,75.0,5125.0,4339.0,1.0,25.156641,70.0
250,1.0,-2.45,-0.25202763,0.0177,49.0,56.788887,0.0,82.0,5111.0,4339.0,1.0,25.202763,50.0
251,1.0,-2.45,-0.2522056,0.0177,49.0,56.933334,0.0,70.0,5124.0,4340.0,1.0,25.220562,10.0
252,1.0,-2.45,-0.251583,0.0089,49.0,54.433334,0.0,24.0,4899.0,4339.0,1.0,25.158302,50.0
253,1.0,-2.45,-0.25175413,0.0178,49.0,57.177776,0.0,81.0,5146.0,4339.0,1.0,25.175413,10.0
254,1.0,-2.45,-0.24700084,0.0029,49.0,16.544445,0.0,5.0,1489.0,4339.0,1.0,24.700085,10.0
255,1.0,-2.45,-0.2462635,0.0031,49.0,11.822222,0.0,6.0,1064.0,4339.0,1.0,24.62635,30.0
256,1.0,-2.45,-0.2522522,0.0168,49.0,56.055557,0.0,48.0,5045.0,4339.0,1.0,25.225218,90.0
257,1.0,-2.45,-0.25146645,0.0174,49.0,56.077778,0.0,49.0,5047.0,4340.0,1.0,25.146646,10.0
258,1.0,-2.45,-0.2513775,0.018,49.0,56.68889,0.0,85.0,5102.0,4339.0,1.0,25.13775,30.0
259,1.0,-2.45,-0.25272802,0.0178,49.0,57.244446,0.0,65.0,5152.0,4339.0,1.0,25.2728,90.0
260,1.0,-2.45,-0.25252,0.0178,49.0,56.88889,0.0,81.0,5120.0,4339.0,1.0,25.252,90.0
261,1.0,-2.45,-0.25268748,0.0177,49.0,56.944443,0.0,133.0,5125.0,4340.0,1.0,25.26875,30.0
262,1.0,-2.45,-0.25150105,0.0127,49.0,56.377777,0.0,35.0,5074.0,4339.0,1.0,25.150106,10.0
263,1.0,-2.45,-0.2467302,0.003,49.0,16.188889,0.0,5.0,1457.0,4339.0,1.0,24.67302,70.0
264,1.0,-2.45,-0.25167274,0.0177,49.0,57.866665,0.0,75.0,5208.0,4339.0,1.0,25.167274,70.0
265,1.0,-2.45,-0.24735375,0.0041,49.0,23.911112,0.0,10.0,2152.0,4339.0,1.0,24.735374,10.0
266,1.0,-2.45,-0.25134116,0.0178,49.0,57.81111,0.0,76.0,5203.0,4339.0,1.0,25.134115,70.0
267,1.0,-2.45,-0.25073847,0.0103,49.0,55.144444,0.0,28.0,4963.0,4339.0,1.0,25.073847,50.0
268,1.0,-2.45,-0.25176173,0.0117,49.0,55.91111,0.0,31.0,5032.0,4339.0,1.0,25.176174,50.0
269,1.0,-2.45,-0.25148,0.0181,49.0,57.6,0.0,84.0,5184.0,4339.0,1.0,25.148,70.0
270,1.0,-2.45,-0.25281549,0.0121,49.0,56.711113,0.0,33.0,5104.0,4339.0,1.0,25.28155,30.0
271,1.0,-2.45,-0.2530406,0.0179,49.0,57.177776,0.0,138.0,5146.0,4339.0,1.0,25.304062,30.0
272,1.0,-2.45,-0.25147375,0.0177,49.0,57.544445,0.0,106.0,5179.0,4340.0,1.0,25.147375,70.0
273,1.0,-2.45,-0.25106815,0.017,49.0,56.77778,0.0,47.0,5110.0,4339.0,1.0,25.106813,50.0
274,1.0,-2.45,-0.24732876,0.0039,49.0,20.7,0.0,9.0,1863.0,4339.0,1.0,24.732876,10.0
275,1.0,-2.45,-0.24703164,0.0034,49.0,18.522223,0.0,7.0,1667.0,4339.0,1.0,24.703165,10.0
276,1.0,-2.45,-0.24949719,0.0047,49.0,41.0,0.0,12.0,3690.0,4339.0,1.0,24.949718,50.0
277,1.0,-2.45,-0.24947089,0.0036,49.0,33.822224,0.0,8.0,3044.0,4339.0,1.0,24.947088,90.0
278,1.0,-2.45,-0.24866624,0.0035,49.0,32.58889,0.0,7.0,2933.0,4339.0,1.0,24.866625,10.0
279,1.0,-2.45,-0.24895157,0.0032,49.0,28.1,0.0,6.0,2529.0,4340.0,1.0,24.895157,90.0
280,1.0,-2.45,-0.24927312,0.0039,49.0,35.333332,0.0,9.0,3180.0,4339.0,1.0,24.927313,10.0
281,1.0,-1.6,-0.16286899,0.0059,32.0,37.75,0.0,15.0,2416.0,3089.0,1.0,16.2869,70.0
282,1.0,-1.8,-0.18275125,0.0039,36.0,30.569445,0.0,9.0,2201.0,3434.0,1.0,18.275126,50.0
283,1.0,-1.8,-0.18328631,0.0041,36.0,42.958332,0.0,10.0,3093.0,3435.0,1.0,18.32863,10.0
284,1.0,-1.8,-0.18234,0.0034,36.0,28.88889,0.0,7.0,2080.0,3435.0,1.0,18.234,50.0
285,1.0,-1.8,-0.18233213,0.0036,36.0,28.791666,0.0,8.0,2073.0,3466.0,1.0,18.233213,70.0
286,1.0,-2.05,-0.20842825,0.0054,41.0,31.853659,0.0,14.0,2612.0,3906.0,1.0,20.842825,50.0
287,1.0,-2.05,-0.20730749,0.0039,41.0,22.512196,0.0,9.0,1846.0,3907.0,1.0,20.73075,50.0
288,1.0,-2.05,-0.20724794,0.0036,41.0,23.085365,0.0,8.0,1893.0,3907.0,1.0,20.724794,90.0
289,1.0,-2.05,-0.20734213,0.0034,41.0,22.292683,0.0,7.0,1828.0,3906.0,1.0,20.734213,30.0
290,1.0,-2.05,-0.20769958,0.0034,41.0,25.695122,0.0,7.0,2107.0,3924.0,1.0,20.769958,50.0
291,1.0,-2.45,-0.25114375,0.0139,49.0,59.939026,0.0,38.0,4915.0,3955.0,1.0,25.114374,30.0
292,1.0,-2.45,-0.247016,0.0039,49.0,19.911112,0.0,9.0,1792.0,4300.0,1.0,24.7016,90.0
293,1.0,-2.45,-0.24658287,0.0032,49.0,15.633333,0.0,6.0,1407.0,4301.0,1.0,24.658287,50.0
294,1.0,-2.45,-0.24736813,0.0036,49.0,23.38889,0.0,8.0,2105.0,4302.0,1.0,24.736813,50.0
295,1.0,-2.45,-0.24791001,0.0033,49.0,25.866667,0.0,6.0,2328.0,4301.0,1.0,24.791,90.0
296,1.0,-2.45,-0.25083187,0.0057,49.0,48.22222,0.0,15.0,4340.0,4339.0,1.0,25.083187,50.0
297,1.0,-2.45,-0.24855193,0.0045,49.0,37.144444,0.0,11.0,3343.0,4340.0,1.0,24.855194,30.0
298,1.0,-2.45,-0.25168672,0.006,49.0,52.833332,0.0,16.0,4755.0,4340.0,1.0,25.168673,30.0
299,1.0,-2.45,-0.24825485,0.0036,49.0,31.277779,0.0,8.0,2815.0,4339.0,1.0,24.825485,10.0
300,1.0,-2.45,-0.24861014,0.0044,49.0,35.655556,0.0,11.0,3209.0,4340.0,1.0,24.861013,90.0
301,1.0,-2.45,-0.25230557,0.0113,49.0,55.266666,0.0,31.0,4974.0,4339.0,1.0,25.230556,30.0
302,1.0,-2.45,-0.24903259,0.0062,49.0,33.344444,0.0,16.0,3001.0,4340.0,1.0,24.90326,90.0
303,1.0,-2.45,-0.24935094,0.0058,49.0,39.666668,0.0,15.0,3570.0,4339.0,1.0,24.935093,90.0
304,1.0,-2.45,-0.250104,0.0051,49.0,41.244446,0.0,13.0,3712.0,4339.0,1.0,25.0104,30.0
305,1.0,-2.45,-0.2487635,0.0041,49.0,34.31111,0.0,10.0,3088.0,4339.0,1.0,24.87635,10.0
306,1.0,-2.45,-0.25062978,0.0105,49.0,54.1,0.0,29.0,4869.0,4339.0,1.0,25.062979,10.0
307,1.0,-2.45,-0.2516499,0.0077,49.0,51.4,0.0,20.0,4626.0,4340.0,1.0,25.164988,10.0
308,1.0,-2.45,-0.2509548,0.0133,49.0,54.288887,0.0,37.0,4886.0,4342.0,1.0,25.095482,10.0
309,1.0,-2.45,-0.2522013,0.0179,49.0,54.47778,0.0,143.0,4903.0,4340.0,1.0,25.220129,10.0
310,1.0,-2.45,-0.25106692,0.0177,49.0,55.31111,0.0,121.0,4978.0,4339.0,1.0,25.106693,50.0
311,1.0,-2.45,-0.2523041,0.0176,49.0,55.255554,0.0,134.0,4973.0,4339.0,1.0,25.23041,10.0
312,1.0,-2.45,-0.25212547,0.018,49.0,56.3,0.0,80.0,5067.0,4339.0,1.0,25.212547,90.0
313,1.0,-2.45,-0.2514716,0.0177,49.0,56.122223,0.0,83.0,5051.0,4340.0,1.0,25.14716,30.0
314,1.0,-2.45,-0.25082403,0.0176,49.0,55.966667,0.0,67.0,5037.0,4340.0,1.0,25.082403,70.0
315,1.0,-2.45,-0.25124374,0.0177,49.0,55.5,0.0,62.0,4995.0,4339.0,1.0,25.124374,10.0
316,1.0,-2.45,-0.24812901,0.0057,49.0,26.48889,0.0,15.0,2384.0,4340.0,1.0,24.8129,10.0
317,1.0,-2.45,-0.2504191,0.0103,49.0,53.52222,0.0,28.0,4817.0,4340.0,1.0,25.041912,10.0
318,1.0,-2.45,-0.25217742,0.0177,49.0,55.47778,0.0,126.0,4993.0,4339.0,1.0,25.217743,30.0
319,1.0,-2.45,-0.25078702,0.018,49.0,55.61111,0.0,92.0,5005.0,4340.0,1.0,25.078703,90.0
320,1.0,-2.45,-0.25171068,0.0181,49.0,55.488888,0.0,124.0,4994.0,4340.0,1.0,25.171068,30.0
321,1.0,-2.45,-0.25134987,0.0181,49.0,55.066666,0.0,142.0,4956.0,4339.0,1.0,25.134987,70.0
322,1.0,-2.45,-0.25074077,0.0182,49.0,55.166668,0.0,70.0,4965.0,4339.0,1.0,25.074078,50.0
323,1.0,-2.45,-0.25125507,0.0181,49.0,54.244446,0.0,91.0,4882.0,4341.0,1.0,25.125505,30.0
324,1.0,-2.45,-0.25067508,0.0111,49.0,53.1,0.0,30.0,4779.0,4340.0,1.0,25.067507,30.0
325,1.0,-2.45,-0.25128838,0.018,49.0,54.533333,0.0,112.0,4908.0,4340.0,1.0,25.128838,50.0
326,1.0,-2.45,-0.2507697,0.0179,49.0,55.444443,0.0,107.0,4990.0,4341.0,1.0,25.07697,50.0
327,1.0,-2.45,-0.2515546,0.0179,49.0,55.488888,0.0,77.0,4994.0,4340.0,1.0,25.155462,90.0
328,1.0,-2.45,-0.25087577,0.0177,49.0,54.97778,0.0,122.0,4948.0,4340.0,1.0,25.087576,30.0
329,1.0,-2.45,-0.25223926,0.0177,49.0,55.955555,0.0,53.0,5036.0,4340.0,1.0,25.223925,90.0
330,1.0,-2.45,-0.25170934,0.0178,49.0,55.47778,0.0,134.0,4993.0,4340.0,1.0,25.170935,70.0
331,1.0,-2.45,-0.2510706,0.0178,49.0,55.344444,0.0,110.0,4981.0,4340.0,1.0,25.10706,30.0
332,1.0,-2.45,-0.250553,0.0179,49.0,54.844444,0.0,118.0,4936.0,4340.0,1.0,25.0553,90.0
333,1.0,-2.45,-0.25010365,0.0178,49.0,54.988888,0.0,128.0,4949.0,4342.0,1.0,25.010366,90.0
334,1.0,-2.45,-0.25122,0.0177,49.0,55.288887,0.0,130.0,4976.0,4340.0,1.0,25.122,70.0
335,1.0,-2.45,-0.25162065,0.0177,49.0,54.744446,0.0,82.0,4927.0,4340.0,1.0,25.162066,90.0
336,1.0,-2.45,-0.25086507,0.0177,49.0,54.877777,0.0,88.0,4939.0,4340.0,1.0,25.086506,10.0
337,1.0,-2.45,-0.25122,0.0176,49.0,55.288887,0.0,132.0,4976.0,4341.0,1.0,25.122,30.0
338,1.0,-2.45,-0.2516381,0.0177,49.0,54.88889,0.0,124.0,4940.0,4342.0,1.0,25.163813,30.0
339,1.0,-2.45,-0.25146276,0.0177,49.0,54.711113,0.0,113.0,4924.0,4340.0,1.0,25.146275,70.0
340,1.0,-2.45,-0.24993142,0.0093,49.0,53.133335,0.0,25.0,4782.0,4341.0,1.0,24.993143,10.0
341,1.0,-2.45,-0.2507246,0.0179,49.0,55.011112,0.0,59.0,4951.0,4341.0,1.0,25.07246,30.0
342,1.0,-2.45,-0.25078934,0.0177,49.0,55.633335,0.0,95.0,5007.0,4341.0,1.0,25.078934,70.0
343,1.0,-2.45,-0.2509185,0.0177,49.0,55.377777,0.0,133.0,4984.0,4341.0,1.0,25.09185,10.0
344,1.0,-2.45,-0.25073847,0.0177,49.0,55.144444,0.0,124.0,4963.0,4342.0,1.0,25.073847,90.0
345,1.0,-2.45,-0.25052264,0.0177,49.0,54.544445,0.0,108.0,4909.0,4342.0,1.0,25.052263,70.0
346,1.0,-2.45,-0.25149137,0.0104,49.0,52.455555,0.0,28.0,4721.0,4342.0,1.0,25.149137,30.0
347,1.0,-2.45,-0.24944063,0.018,49.0,54.444443,0.0,106.0,4900.0,4341.0,1.0,24.944063,30.0
348,1.0,-2.45,-0.25104377,0.018,49.0,55.1,0.0,61.0,4959.0,4341.0,1.0,25.104378,30.0
349,1.0,-2.45,-0.2508603,0.0178,49.0,54.833332,0.0,110.0,4935.0,4341.0,1.0,25.086031,50.0
350,1.0,-2.45,-0.2505046,0.0179,49.0,54.366665,0.0,135.0,4893.0,4343.0,1.0,25.050463,90.0
351,1.0,-2.45,-0.25150868,0.0179,49.0,55.1,0.0,188.0,4959.0,4341.0,1.0,25.15087,50.0
352,1.0,-2.45,-0.25100112,0.0179,49.0,54.711113,0.0,107.0,4924.0,4341.0,1.0,25.100113,70.0
353,1.0,-2.45,-0.25151393,0.018,49.0,55.144444,0.0,80.0,4963.0,4341.0,1.0,25.151394,90.0
354,1.0,-2.45,-0.25085366,0.0101,49.0,53.366665,0.0,27.0,4803.0,4342.0,1.0,25.085365,70.0
355,1.0,-2.45,-0.25166097,0.018,49.0,55.077778,0.0,90.0,4957.0,4342.0,1.0,25.166098,90.0
356,1.0,-2.45,-0.25108278,0.018,49.0,55.455555,0.0,54.0,4991.0,4342.0,1.0,25.108278,30.0
357,1.0,-2.45,-0.24911742,0.0061,49.0,39.566666,0.0,16.0,3561.0,4344.0,1.0,24.911741,10.0
358,1.0,-2.45,-0.24904259,0.0051,49.0,36.855556,0.0,13.0,3317.0,4342.0,1.0,24.904259,10.0
359,1.0,-2.45,-0.24859709,0.0044,49.0,34.566666,0.0,11.0,3111.0,4343.0,1.0,24.859709,90.0
360,1.0,-2.45,-0.250328,0.0075,49.0,51.2,0.0,20.0,4608.0,4342.0,1.0,25.0328,90.0
361,1.0,-2.45,-0.2504272,0.0178,49.0,55.133335,0.0,245.0,4962.0,4342.0,1.0,25.042719,30.0
362,1.0,-2.45,-0.25145486,0.0177,49.0,54.644444,0.0,174.0,4918.0,4343.0,1.0,25.145487,10.0
363,1.0,-2.45,-0.25132167,0.0177,49.0,54.822224,0.0,206.0,4934.0,4342.0,1.0,25.132168,30.0
364,1.0,-2.45,-0.25160056,0.0176,49.0,55.877777,0.0,228.0,5029.0,4342.0,1.0,25.160057,90.0
365,1.0,-2.45,-0.2513832,0.0177,49.0,55.355556,0.0,212.0,4982.0,4343.0,1.0,25.138319,50.0
366,1.0,-2.45,-0.25108886,0.0179,49.0,55.511112,0.0,193.0,4996.0,4342.0,1.0,25.108887,90.0
367,1.0,-2.45,-0.25066215,0.0178,49.0,54.41111,0.0,213.0,4897.0,4342.0,1.0,25.066216,10.0
368,1.0,-2.45,-0.25070146,0.0177,49.0,54.788887,0.0,193.0,4931.0,4342.0,1.0,25.070147,10.0
369,1.0,-2.45,-0.2512986,0.0181,49.0,54.622223,0.0,94.0,4916.0,4342.0,1.0,25.129862,30.0
370,1.0,-2.45,-0.2505451,0.0179,49.0,54.766666,0.0,133.0,4929.0,4342.0,1.0,25.054512,10.0
371,1.0,-2.45,-0.25238448,0.0181,49.0,54.7,0.0,247.0,4923.0,4342.0,1.0,25.23845,90.0
372,1.0,-2.45,-0.2510328,0.0179,49.0,55.0,0.0,114.0,4950.0,4342.0,1.0,25.103281,50.0
373,1.0,-2.45,-0.25110874,0.0179,49.0,54.3,0.0,101.0,4887.0,4343.0,1.0,25.110874,10.0
374,1.0,-2.45,-0.25092325,0.0179,49.0,55.422222,0.0,171.0,4988.0,4343.0,1.0,25.092325,30.0
375,1.0,-2.45,-0.25211132,0.0179,49.0,54.966667,0.0,177.0,4947.0,4343.0,1.0,25.211132,90.0
376,1.0,-2.45,-0.25060588,0.0181,49.0,55.366665,0.0,203.0,4983.0,4343.0,1.0,25.060587,90.0
377,1.0,-2.45,-0.252518,0.018,49.0,55.68889,0.0,197.0,5012.0,4343.0,1.0,25.2518,90.0
378,1.0,-2.45,-0.2511498,0.0181,49.0,56.066666,0.0,205.0,5046.0,4343.0,1.0,25.11498,90.0
379,1.0,-2.45,-0.2516045,0.0179,49.0,55.91111,0.0,217.0,5032.0,4342.0,1.0,25.16045,70.0
380,1.0,-2.45,-0.25098264,0.0181,49.0,55.97778,0.0,217.0,5038.0,4342.0,1.0,25.098263,10.0
381,1.0,-2.45,-0.2517705,0.0181,49.0,54.711113,0.0,264.0,4924.0,4343.0,1.0,25.17705,30.0
382,1.0,-2.45,-0.2514995,0.018,49.0,55.02222,0.0,287.0,4952.0,4342.0,1.0,25.14995,10.0
383,1.0,-2.45,-0.25172374,0.0179,49.0,54.333332,0.0,245.0,4890.0,4343.0,1.0,25.172375,70.0
384,1.0,-2.45,-0.25139472,0.0179,49.0,55.455555,0.0,277.0,4991.0,4342.0,1.0,25.139471,50.0
385,1.0,-2.45,-0.251573,0.018,49.0,55.644444,0.0,238.0,5008.0,4342.0,1.0,25.1573,10.0
386,1.0,-2.45,-0.25092682,0.0181,49.0,55.455555,0.0,253.0,4991.0,4342.0,1.0,25.092682,90.0
387,1.0,-2.45,-0.25160056,0.018,49.0,55.877777,0.0,292.0,5029.0,4342.0,1.0,25.160057,10.0
388,1.0,-2.45,-0.25173485,0.0179,49.0,55.68889,0.0,279.0,5012.0,4343.0,1.0,25.173487,30.0
389,1.0,-2.45,-0.25142804,0.0179,49.0,55.744446,0.0,244.0,5017.0,4342.0,1.0,25.142803,30.0
390,1.0,-2.45,-0.25105268,0.0178,49.0,56.633335,0.0,224.0,5097.0,4342.0,1.0,25.105268,10.0
391,1.0,-2.45,-0.25164783,0.0179,49.0,56.27778,0.0,249.0,5065.0,4342.0,1.0,25.164782,30.0
392,1.0,-2.45,-0.25157666,0.0179,49.0,57.033333,0.0,214.0,5133.0,4342.0,1.0,25.157665,10.0
393,1.0,-2.45,-0.25178564,0.0178,49.0,57.444443,0.0,387.0,5170.0,4343.0,1.0,25.178562,30.0
394,1.0,-2.45,-0.25062844,0.0179,49.0,57.177776,0.0,311.0,5146.0,4343.0,1.0,25.062843,30.0
395,1.0,-2.45,-0.25198907,0.018,49.0,55.22222,0.0,198.0,4970.0,4342.0,1.0,25.198906,10.0
396,1.0,-2.45,-0.25006345,0.0181,49.0,54.555557,0.0,199.0,4910.0,4342.0,1.0,25.006344,50.0
397,1.0,-2.45,-0.25053275,0.018,49.0,54.644444,0.0,195.0,4918.0,4343.0,1.0,25.053274,30.0
398,1.0,-2.45,-0.25059688,0.018,49.0,55.27778,0.0,193.0,4975.0,4342.0,1.0,25.059687,90.0
399,1.0,-2.45,-0.251205,0.0179,49.0,55.155556,0.0,207.0,4964.0,4343.0,1.0,25.1205,30.0
400,1.0,-2.45,-0.25050813,0.0181,49.0,55.955555,0.0,194.0,5036.0,4343.0,1.0,25.050812,70.0
401,1.0,-2.45,-0.25162157,0.018,49.0,56.055557,0.0,271.0,5045.0,4344.0,1.0,25.162157,30.0
402,1.0,-2.45,-0.25109664,0.018,49.0,57.044445,0.0,232.0,5134.0,4343.0,1.0,25.109663,50.0
403,1.0,-2.45,-0.25136748,0.0181,49.0,56.6,0.0,215.0,5094.0,4343.0,1.0,25.13675,50.0
404,1.0,-2.45,-0.25107643,0.018,49.0,56.855556,0.0,239.0,5117.0,4343.0,1.0,25.107643,10.0
405,1.0,-2.45,-0.2508957,0.0179,49.0,56.655556,0.0,193.0,5099.0,4343.0,1.0,25.089571,70.0
406,1.0,-2.45,-0.25125462,0.0179,49.0,57.02222,0.0,191.0,5132.0,4344.0,1.0,25.125462,90.0
407,1.0,-2.45,-0.252073,0.0178,49.0,57.155556,0.0,202.0,5144.0,4343.0,1.0,25.2073,70.0
408,1.0,-2.45,-0.2515507,0.0179,49.0,55.455555,0.0,198.0,4991.0,4344.0,1.0,25.15507,70.0
409,1.0,-2.45,-0.25187775,0.0179,49.0,55.577778,0.0,188.0,5002.0,4343.0,1.0,25.187775,70.0
410,1.0,-2.45,-0.25154805,0.0183,49.0,55.433334,0.0,203.0,4989.0,4343.0,1.0,25.154806,10.0
411,1.0,-2.45,-0.25092563,0.018,49.0,55.444443,0.0,245.0,4990.0,4344.0,1.0,25.092562,90.0
412,1.0,-2.45,-0.25138626,0.018,49.0,56.766666,0.0,229.0,5109.0,4343.0,1.0,25.138624,50.0
413,1.0,-2.45,-0.25166357,0.0179,49.0,56.41111,0.0,241.0,5077.0,4343.0,1.0,25.166357,70.0
414,1.0,-2.45,-0.25136748,0.0182,49.0,56.6,0.0,213.0,5094.0,4343.0,1.0,25.13675,10.0
415,1.0,-2.45,-0.25146377,0.0182,49.0,57.455555,0.0,179.0,5171.0,4343.0,1.0,25.146376,10.0
416,1.0,-2.45,-0.25142375,0.018,49.0,57.1,0.0,207.0,5139.0,4344.0,1.0,25.142376,10.0
417,1.0,-2.45,-0.2517187,0.0179,49.0,56.877777,0.0,219.0,5119.0,4343.0,1.0,25.17187,10.0
418,1.0,-2.45,-0.2520936,0.0181,49.0,57.322224,0.0,202.0,5159.0,4344.0,1.0,25.209362,70.0
419,1.0,-2.45,-0.2518053,0.0179,49.0,57.61111,0.0,177.0,5185.0,4343.0,1.0,25.18053,10.0
420,1.0,-2.45,-0.25305158,0.0183,49.0,57.255554,0.0,169.0,5153.0,4344.0,1.0,25.305157,30.0
421,1.0,-2.45,-0.2524392,0.0181,49.0,56.27778,0.0,185.0,5065.0,4343.0,1.0,25.243921,70.0
422,1.0,-2.45,-0.25134,0.018,49.0,56.355556,0.0,224.0,5072.0,4343.0,1.0,25.134,50.0
423,1.0,-2.45,-0.25229388,0.0179,49.0,56.377777,0.0,252.0,5074.0,4343.0,1.0,25.229387,90.0
424,1.0,-2.45,-0.25207576,0.0178,49.0,57.177776,0.0,251.0,5146.0,4343.0,1.0,25.207575,50.0
425,1.0,-2.45,-0.25074762,0.0179,49.0,56.766666,0.0,120.0,5109.0,4343.0,1.0,25.074762,50.0
426,1.0,-2.45,-0.25144252,0.0178,49.0,57.266666,0.0,183.0,5154.0,4343.0,1.0,25.14425,70.0
427,1.0,-2.45,-0.25170425,0.0179,49.0,56.755554,0.0,158.0,5108.0,4344.0,1.0,25.170425,70.0
428,1.0,-2.45,-0.2521986,0.0177,49.0,56.877777,0.0,227.0,5119.0,4344.0,1.0,25.21986,10.0
429,1.0,-2.45,-0.25137502,0.0176,49.0,56.666668,0.0,213.0,5100.0,4343.0,1.0,25.1375,50.0
430,1.0,-2.45,-0.2505836,0.018,49.0,56.72222,0.0,127.0,5105.0,4344.0,1.0,25.05836,70.0
431,1.0,-2.45,-0.25033695,0.0177,49.0,55.81111,0.0,128.0,5023.0,4345.0,1.0,25.033693,50.0
432,1.0,-2.45,-0.251042,0.0177,49.0,56.533333,0.0,181.0,5088.0,4345.0,1.0,25.1042,70.0
433,1.0,-2.45,-0.25121808,0.0177,49.0,56.68889,0.0,271.0,5102.0,4348.0,1.0,25.121807,90.0
434,1.0,-2.45,-0.25086218,0.0177,49.0,56.333332,0.0,168.0,5070.0,4345.0,1.0,25.086218,90.0
435,1.0,-2.45,-0.25145623,0.0178,49.0,55.988888,0.0,204.0,5039.0,4345.0,1.0,25.145622,90.0
436,1.0,-2.45,-0.25175676,0.0177,49.0,57.2,0.0,155.0,5148.0,4346.0,1.0,25.175674,50.0
437,1.0,-2.45,-0.25204825,0.0177,49.0,56.955555,0.0,157.0,5126.0,4345.0,1.0,25.204824,30.0
438,1.0,-2.45,-0.252698,0.0178,49.0,57.02222,0.0,129.0,5132.0,4346.0,1.0,25.2698,50.0
439,1.0,-2.45,-0.25253618,0.0177,49.0,57.011112,0.0,139.0,5131.0,4345.0,1.0,25.253616,90.0
440,1.0,-2.45,-0.25097087,0.0178,49.0,57.377777,0.0,181.0,5164.0,4346.0,1.0,25.097088,70.0
441,1.0,-2.45,-0.2517003,0.0177,49.0,56.72222,0.0,206.0,5105.0,4345.0,1.0,25.17003,50.0
442,1.0,-2.45,-0.25119856,0.0178,49.0,56.511112,0.0,184.0,5086.0,4346.0,1.0,25.119856,90.0
443,1.0,-2.45,-0.25172,0.0176,49.0,56.88889,0.0,201.0,5120.0,4345.0,1.0,25.172,10.0
444,1.0,-2.45,-0.25095412,0.0178,49.0,55.711113,0.0,81.0,5014.0,4346.0,1.0,25.095413,70.0
445,1.0,-2.45,-0.25241277,0.0178,49.0,56.077778,0.0,95.0,5047.0,4345.0,1.0,25.241278,50.0
446,1.0,-2.45,-0.25259,0.0179,49.0,56.22222,0.0,191.0,5060.0,4345.0,1.0,25.259,10.0
447,1.0,-2.45,-0.25110227,0.0181,49.0,55.633335,0.0,106.0,5007.0,4346.0,1.0,25.110228,10.0
448,1.0,-2.45,-0.2509969,0.018,49.0,56.11111,0.0,201.0,5050.0,4345.0,1.0,25.099688,30.0
449,1.0,-2.45,-0.25078702,0.0181,49.0,55.61111,0.0,116.0,5005.0,4345.0,1.0,25.078703,90.0
450,1.0,-2.45,-0.25081512,0.018,49.0,57.433334,0.0,186.0,5169.0,4345.0,1.0,25.081512,30.0
451,1.0,-2.45,-0.25128633,0.0181,49.0,57.31111,0.0,219.0,5158.0,4345.0,1.0,25.128632,90.0
452,1.0,-2.45,-0.2515536,0.0179,49.0,56.833332,0.0,254.0,5115.0,4347.0,1.0,25.15536,90.0
453,1.0,-2.45,-0.2511204,0.018,49.0,57.266666,0.0,225.0,5154.0,4345.0,1.0,25.112038,90.0
454,1.0,-2.45,-0.25191897,0.0183,49.0,57.211113,0.0,259.0,5149.0,4345.0,1.0,25.191896,70.0
455,1.0,-2.45,-0.25173706,0.0182,49.0,57.033333,0.0,274.0,5133.0,4345.0,1.0,25.173706,30.0
456,1.0,-2.45,-0.25149852,0.0183,49.0,56.355556,0.0,229.0,5072.0,4346.0,1.0,25.14985,10.0
457,1.0,-2.45,-0.2510337,0.0181,49.0,56.455555,0.0,162.0,5081.0,4345.0,1.0,25.103369,30.0
458,1.0,-2.45,-0.25196713,0.0181,49.0,56.3,0.0,281.0,5067.0,4346.0,1.0,25.196712,30.0
459,1.0,-2.45,-0.25109863,0.0182,49.0,55.6,0.0,254.0,5004.0,4345.0,1.0,25.109863,70.0
460,1.0,-2.45,-0.25096363,0.0179,49.0,55.8,0.0,308.0,5022.0,4345.0,1.0,25.096363,90.0
461,1.0,-2.45,-0.2511376,0.0181,49.0,55.955555,0.0,150.0,5036.0,4345.0,1.0,25.113762,50.0
462,1.0,-2.45,-0.25139344,0.018,49.0,55.444443,0.0,198.0,4990.0,4345.0,1.0,25.139343,30.0
463,1.0,-2.45,-0.25124124,0.018,49.0,56.9,0.0,193.0,5121.0,4345.0,1.0,25.124123,30.0
464,1.0,-2.45,-0.2513875,0.0181,49.0,56.77778,0.0,153.0,5110.0,4345.0,1.0,25.13875,10.0
465,1.0,-2.45,-0.25222814,0.0179,49.0,57.11111,0.0,132.0,5140.0,4346.0,1.0,25.222813,10.0
466,1.0,-2.45,-0.2522838,0.018,49.0,56.3,0.0,164.0,5067.0,4345.0,1.0,25.228382,70.0
467,1.0,-2.45,-0.2516544,0.0182,49.0,56.333332,0.0,292.0,5070.0,4345.0,1.0,25.165438,70.0
468,1.0,-2.45,-0.25128123,0.018,49.0,55.833332,0.0,180.0,5025.0,4346.0,1.0,25.128124,50.0
469,1.0,-2.45,-0.25098145,0.0181,49.0,55.966667,0.0,257.0,5037.0,4345.0,1.0,25.098145,70.0
470,1.0,-2.45,-0.25094107,0.0181,49.0,55.58889,0.0,228.0,5003.0,4345.0,1.0,25.094107,90.0
471,1.0,-2.45,-0.25129125,0.018,49.0,55.922222,0.0,293.0,5033.0,4345.0,1.0,25.129126,90.0
472,1.0,-2.45,-0.25130874,0.0181,49.0,56.077778,0.0,248.0,5047.0,4345.0,1.0,25.130875,10.0
473,1.0,-2.45,-0.25116566,0.0183,49.0,56.211113,0.0,223.0,5059.0,4346.0,1.0,25.116566,50.0
474,1.0,-2.45,-0.24981469,0.0182,49.0,55.22222,0.0,154.0,4970.0,4345.0,1.0,24.981468,70.0
475,1.0,-2.45,-0.2515428,0.018,49.0,55.38889,0.0,202.0,4985.0,4345.0,1.0,25.154282,90.0
476,1.0,-2.45,-0.2516529,0.0181,49.0,55.011112,0.0,180.0,4951.0,4345.0,1.0,25.16529,50.0
477,1.0,-2.45,-0.25125,0.018,49.0,55.555557,0.0,199.0,5000.0,4345.0,1.0,25.125,50.0
478,1.0,-2.45,-0.25114617,0.018,49.0,56.033333,0.0,270.0,5043.0,4345.0,1.0,25.114616,10.0
479,1.0,-2.45,-0.25116077,0.018,49.0,56.166668,0.0,193.0,5055.0,4345.0,1.0,25.116077,10.0
480,1.0,-2.45,-0.2523467,0.018,49.0,55.577778,0.0,203.0,5002.0,4345.0,1.0,25.234669,30.0
481,1.0,-2.45,-0.25157037,0.018,49.0,55.622223,0.0,315.0,5006.0,4345.0,1.0,25.157038,30.0
482,1.0,-2.45,-0.25134346,0.0181,49.0,55.011112,0.0,905.0,4951.0,4346.0,1.0,25.134346,10.0
483,1.0,-2.45,-0.25167844,0.0181,49.0,55.22222,0.0,219.0,4970.0,4345.0,1.0,25.167843,30.0
484,1.0,-2.45,-0.25104013,0.0183,49.0,55.066666,0.0,195.0,4956.0,4345.0,1.0,25.104013,50.0
485,1.0,-2.45,-0.25178286,0.0181,49.0,54.81111,0.0,205.0,4933.0,4345.0,1.0,25.178288,70.0
486,1.0,-2.45,-0.25090188,0.0181,49.0,55.22222,0.0,200.0,4970.0,4346.0,1.0,25.090187,90.0
487,1.0,-2.45,-0.25086507,0.0181,49.0,54.877777,0.0,144.0,4939.0,4347.0,1.0,25.086506,90.0
488,1.0,-2.45,-0.25086623,0.018,49.0,54.88889,0.0,90.0,4940.0,4346.0,1.0,25.086624,50.0
489,1.0,-2.45,-0.25087813,0.0183,49.0,55.0,0.0,159.0,4950.0,4346.0,1.0,25.087812,50.0
490,1.0,-2.45,-0.2518255,0.018,49.0,55.155556,0.0,187.0,4964.0,4346.0,1.0,25.18255,50.0
491,1.0,-2.45,-0.25107425,0.018,49.0,55.377777,0.0,221.0,4984.0,4346.0,1.0,25.107426,50.0
492,1.0,-2.45,-0.2519497,0.0181,49.0,54.91111,0.0,173.0,4942.0,4346.0,1.0,25.19497,10.0
493,1.0,-2.45,-0.2511875,0.018,49.0,55.0,0.0,140.0,4950.0,4345.0,1.0,25.11875,50.0
494,1.0,-2.45,-0.25078586,0.0182,49.0,55.6,0.0,149.0,5004.0,4345.0,1.0,25.078587,30.0
495,1.0,-2.45,-0.25121626,0.018,49.0,55.255554,0.0,190.0,4973.0,4345.0,1.0,25.121626,70.0
496,1.0,-2.45,-0.25222632,0.0181,49.0,55.855556,0.0,184.0,5027.0,4345.0,1.0,25.222631,30.0
497,1.0,-2.45,-0.2519103,0.0181,49.0,54.6,0.0,129.0,4914.0,4345.0,1.0,25.19103,30.0
498,1.0,-2.45,-0.2512075,0.0179,49.0,55.177776,0.0,73.0,4966.0,4345.0,1.0,25.12075,30.0
499,1.0,-2.45,-0.25099137,0.018,49.0,54.622223,0.0,60.0,4916.0,4345.0,1.0,25.099138,50.0
500,1.0,-2.45,-0.25051814,0.0179,49.0,54.5,0.0,53.0,4905.0,4345.0,1.0,25.051813,10.0
501,1.0,-2.45,-0.25144568,0.018,49.0,54.566666,0.0,85.0,4911.0,4346.0,1.0,25.14457,90.0
502,1.0,-2.45,-0.25116375,0.0179,49.0,54.788887,0.0,63.0,4931.0,4346.0,1.0,25.116375,10.0
503,1.0,-2.45,-0.2517595,0.0174,49.0,54.622223,0.0,48.0,4916.0,4345.0,1.0,25.17595,50.0
504,1.0,-2.45,-0.25060812,0.018,49.0,55.38889,0.0,55.0,4985.0,4345.0,1.0,25.060812,10.0
505,1.0,-2.45,-0.25145617,0.0179,49.0,54.655556,0.0,54.0,4919.0,4346.0,1.0,25.145618,70.0
506,1.0,-2.45,-0.25265473,0.0177,49.0,55.544445,0.0,68.0,4999.0,4346.0,1.0,25.265472,70.0
507,1.0,-2.45,-0.25059575,0.0177,49.0,55.266666,0.0,82.0,4974.0,4346.0,1.0,25.059574,30.0
508,1.0,-2.45,-0.25060812,0.018,49.0,55.38889,0.0,68.0,4985.0,4346.0,1.0,25.060812,10.0
509,1.0,-2.45,-0.25089476,0.0179,49.0,55.155556,0.0,67.0,4964.0,4345.0,1.0,25.089476,50.0
510,1.0,-2.45,-0.2515113,0.0178,49.0,55.122223,0.0,63.0,4961.0,4346.0,1.0,25.15113,10.0
511,1.0,-2.45,-0.25037795,0.0178,49.0,54.633335,0.0,77.0,4917.0,4345.0,1.0,25.037796,50.0
512,1.0,-2.45,-0.2506587,0.0177,49.0,54.377777,0.0,69.0,4894.0,4345.0,1.0,25.065868,30.0
513,1.0,-2.45,-0.2518035,0.0178,49.0,54.97778,0.0,74.0,4948.0,4345.0,1.0,25.18035,70.0
514,1.0,-2.45,-0.2502413,0.0177,49.0,54.81111,0.0,70.0,4933.0,4346.0,1.0,25.024132,30.0
515,1.0,-2.45,-0.25086746,0.018,49.0,54.9,0.0,96.0,4941.0,4345.0,1.0,25.086744,30.0
516,1.0,-2.45,-0.25102183,0.0179,49.0,54.9,0.0,62.0,4941.0,4345.0,1.0,25.102184,50.0
517,1.0,-2.45,-0.25321168,0.0182,49.0,55.08889,0.0,117.0,4958.0,4346.0,1.0,25.321169,70.0
518,1.0,-2.45,-0.2510121,0.0181,49.0,54.81111,0.0,131.0,4933.0,4346.0,1.0,25.10121,10.0
519,1.0,-2.45,-0.25121,0.018,49.0,55.2,0.0,94.0,4968.0,4345.0,1.0,25.121,10.0
520,1.0,-2.45,-0.25140625,0.018,49.0,55.555557,0.0,77.0,5000.0,4347.0,1.0,25.140625,10.0
521,1.0,-2.45,-0.25163543,0.0181,49.0,54.866665,0.0,137.0,4938.0,4346.0,1.0,25.163544,50.0
522,1.0,-2.45,-0.25088763,0.018,49.0,55.08889,0.0,66.0,4958.0,4345.0,1.0,25.088762,90.0
523,1.0,-2.45,-0.25022218,0.0181,49.0,54.61111,0.0,57.0,4915.0,4345.0,1.0,25.022219,90.0
524,1.0,-2.45,-0.25149164,0.0179,49.0,54.955555,0.0,74.0,4946.0,4345.0,1.0,25.149162,30.0
525,1.0,-2.45,-0.251165,0.018,49.0,54.8,0.0,71.0,4932.0,4346.0,1.0,25.1165,50.0
526,1.0,-2.45,-0.25096214,0.0179,49.0,54.355556,0.0,58.0,4892.0,4346.0,1.0,25.096212,70.0
527,1.0,-2.45,-0.2511175,0.0179,49.0,54.377777,0.0,63.0,4894.0,4345.0,1.0,25.11175,50.0
528,1.0,-2.45,-0.25117502,0.0181,49.0,54.88889,0.0,50.0,4940.0,4345.0,1.0,25.1175,50.0
529,1.0,-2.45,-0.25101697,0.018,49.0,54.855556,0.0,55.0,4937.0,4345.0,1.0,25.101696,90.0
530,1.0,-2.45,-0.25061712,0.0181,49.0,55.47778,0.0,66.0,4993.0,4345.0,1.0,25.061712,10.0
531,1.0,-2.45,-0.25129375,0.0181,49.0,55.944443,0.0,143.0,5035.0,4345.0,1.0,25.129375,10.0
532,1.0,-2.45,-0.25191453,0.0181,49.0,54.633335,0.0,111.0,4917.0,4345.0,1.0,25.191454,10.0
533,1.0,-2.45,-0.25119376,0.0182,49.0,55.055557,0.0,82.0,4955.0,4347.0,1.0,25.119375,90.0
534,1.0,-2.45,-0.25053498,0.0181,49.0,54.666668,0.0,120.0,4920.0,4345.0,1.0,25.0535,30.0
535,1.0,-2.45,-0.25104013,0.018,49.0,55.066666,0.0,80.0,4956.0,4345.0,1.0,25.104013,50.0
536,1.0,-2.45,-0.25051475,0.0181,49.0,54.466667,0.0,151.0,4902.0,4345.0,1.0,25.051476,50.0
537,1.0,-2.45,-0.25177875,0.018,49.0,54.77778,0.0,166.0,4930.0,4346.0,1.0,25.177876,70.0
538,1.0,-2.45,-0.25133193,0.0182,49.0,54.91111,0.0,103.0,4942.0,4345.0,1.0,25.133194,70.0
539,1.0,-2.45,-0.2530161,0.018,49.0,54.81111,0.0,77.0,4933.0,4347.0,1.0,25.301613,70.0
540,1.0,-2.45,-0.2515297,0.018,49.0,55.27778,0.0,114.0,4975.0,4345.0,1.0,25.15297,50.0
541,1.0,-2.45,-0.25069106,0.0181,49.0,54.68889,0.0,326.0,4922.0,4347.0,1.0,25.069107,50.0
542,1.0,-2.45,-0.25165156,0.0181,49.0,55.0,0.0,724.0,4950.0,4345.0,1.0,25.165155,70.0
543,1.0,-2.45,-0.2510052,0.0182,49.0,56.18889,0.0,214.0,5057.0,4345.0,1.0,25.10052,10.0
544,1.0,-2.45,-0.2514306,0.018,49.0,55.766666,0.0,180.0,5019.0,4345.0,1.0,25.143059,50.0
545,1.0,-2.45,-0.2510337,0.0183,49.0,56.455555,0.0,150.0,5081.0,4345.0,1.0,25.103369,10.0
546,1.0,-2.45,-0.25153196,0.0181,49.0,54.011112,0.0,118.0,4861.0,4346.0,1.0,25.153196,30.0
547,1.0,-2.45,-0.25162026,0.0181,49.0,56.044445,0.0,155.0,5044.0,4345.0,1.0,25.162025,10.0
548,1.0,-2.45,-0.2514496,0.0183,49.0,54.6,0.0,146.0,4914.0,4345.0,1.0,25.144962,50.0
549,1.0,-2.45,-0.25160185,0.0179,49.0,54.58889,0.0,161.0,4913.0,4346.0,1.0,25.160185,70.0
550,1.0,-2.45,-0.2515835,0.0178,49.0,55.733334,0.0,78.0,5016.0,4345.0,1.0,25.15835,30.0
551,1.0,-2.45,-0.25159916,0.0181,49.0,54.566666,0.0,107.0,4911.0,4345.0,1.0,25.159916,10.0
552,1.0,-2.45,-0.25131124,0.0179,49.0,56.1,0.0,79.0,5049.0,4346.0,1.0,25.131124,70.0
553,1.0,-2.45,-0.25113398,0.018,49.0,55.922222,0.0,130.0,5033.0,4346.0,1.0,25.113398,10.0
554,1.0,-2.45,-0.25097668,0.018,49.0,55.922222,0.0,103.0,5033.0,4346.0,1.0,25.09767,50.0
555,1.0,-2.45,-0.25147286,0.0181,49.0,56.133335,0.0,94.0,5052.0,4347.0,1.0,25.147287,10.0
556,1.0,-2.45,-0.25183702,0.0183,49.0,56.533333,0.0,149.0,5088.0,4346.0,1.0,25.1837,10.0
557,1.0,-2.45,-0.25190553,0.0184,49.0,57.1,0.0,163.0,5139.0,4345.0,1.0,25.190554,30.0
558,1.0,-2.45,-0.25133,0.018,49.0,56.266666,0.0,219.0,5064.0,4346.0,1.0,25.133,10.0
559,1.0,-2.45,-0.25077462,0.018,49.0,57.033333,0.0,184.0,5133.0,4345.0,1.0,25.077463,50.0
560,1.0,-2.45,-0.25200593,0.018,49.0,55.355556,0.0,246.0,4982.0,4345.0,1.0,25.200594,50.0
561,1.0,-2.45,-0.2522336,0.0181,49.0,54.72222,0.0,266.0,4925.0,4345.0,1.0,25.22336,10.0
562,1.0,-2.45,-0.25077546,0.018,49.0,55.5,0.0,168.0,4995.0,4345.0,1.0,25.077547,10.0
563,1.0,-2.45,-0.25068238,0.0179,49.0,56.122223,0.0,179.0,5051.0,4345.0,1.0,25.068237,90.0
564,1.0,-2.45,-0.25209874,0.018,49.0,56.08889,0.0,205.0,5048.0,4345.0,1.0,25.209875,70.0
565,1.0,-2.45,-0.25245535,0.018,49.0,56.4,0.0,198.0,5076.0,4345.0,1.0,25.245537,70.0
566,1.0,-2.45,-0.25105983,0.0181,49.0,56.7,0.0,132.0,5103.0,4346.0,1.0,25.105982,10.0
567,1.0,-2.45,-0.25088185,0.0181,49.0,56.52222,0.0,88.0,5087.0,4345.0,1.0,25.088184,10.0
568,1.0,-2.45,-0.25180608,0.0181,49.0,56.27778,0.0,135.0,5065.0,4345.0,1.0,25.180609,10.0
569,1.0,-2.45,-0.2521817,0.018,49.0,56.744446,0.0,163.0,5107.0,4345.0,1.0,25.218172,90.0
570,1.0,-2.45,-0.2510021,0.0179,49.0,57.677776,0.0,127.0,5191.0,4345.0,1.0,25.10021,90.0
571,1.0,-2.45,-0.25146624,0.0179,49.0,57.47778,0.0,171.0,5173.0,4347.0,1.0,25.146626,10.0
572,1.0,-2.45,-0.25094083,0.0182,49.0,57.08889,0.0,162.0,5138.0,4345.0,1.0,25.094082,90.0
573,1.0,-2.45,-0.25174886,0.018,49.0,57.133335,0.0,173.0,5142.0,4345.0,1.0,25.174887,90.0
574,1.0,-2.45,-0.25129625,0.0182,49.0,55.966667,0.0,151.0,5037.0,4345.0,1.0,25.129625,90.0
575,1.0,-2.45,-0.25131375,0.0181,49.0,56.122223,0.0,211.0,5051.0,4345.0,1.0,25.131374,70.0
576,1.0,-2.45,-0.25139,0.0181,49.0,56.8,0.0,169.0,5112.0,4345.0,1.0,25.139,50.0
577,1.0,-2.45,-0.25161895,0.0183,49.0,56.033333,0.0,104.0,5043.0,4346.0,1.0,25.161894,90.0
578,1.0,-2.45,-0.25191224,0.0181,49.0,57.155556,0.0,129.0,5144.0,4346.0,1.0,25.191225,10.0
579,1.0,-2.45,-0.25209224,0.0181,49.0,57.31111,0.0,84.0,5158.0,4345.0,1.0,25.209225,50.0
580,1.0,-2.45,-0.25132897,0.0181,49.0,57.7,0.0,215.0,5193.0,4345.0,1.0,25.132896,90.0
581,1.0,-2.45,-0.25146624,0.0181,49.0,57.47778,0.0,209.0,5173.0,4345.0,1.0,25.146626,90.0
582,1.0,-2.45,-0.25232694,0.0183,49.0,56.633335,0.0,211.0,5097.0,4346.0,1.0,25.232695,70.0
583,1.0,-2.45,-0.2510044,0.0181,49.0,57.7,0.0,206.0,5193.0,4345.0,1.0,25.100441,70.0
584,1.0,-2.45,-0.25227454,0.0181,49.0,57.47778,0.0,201.0,5173.0,4345.0,1.0,25.227453,70.0
585,1.0,-2.45,-0.25146875,0.0179,49.0,57.5,0.0,226.0,5175.0,4347.0,1.0,25.146875,70.0
586,1.0,-2.45,-0.251519,0.0181,49.0,56.533333,0.0,308.0,5088.0,4346.0,1.0,25.1519,30.0
587,1.0,-2.45,-0.25111207,0.0181,49.0,57.18889,0.0,247.0,5147.0,4346.0,1.0,25.111206,70.0
588,1.0,-2.45,-0.25167537,0.018,49.0,56.511112,0.0,247.0,5086.0,4345.0,1.0,25.167538,70.0
589,1.0,-2.45,-0.251099,0.0179,49.0,57.066666,0.0,134.0,5136.0,4346.0,1.0,25.1099,70.0
590,1.0,-2.45,-0.2509512,0.0179,49.0,57.18889,0.0,127.0,5147.0,4345.0,1.0,25.095121,30.0
591,1.0,-2.45,-0.25107762,0.0181,49.0,56.866665,0.0,183.0,5118.0,4345.0,1.0,25.107763,90.0
592,1.0,-2.45,-0.25182086,0.0182,49.0,56.4,0.0,139.0,5076.0,4345.0,1.0,25.182087,30.0
593,1.0,-2.45,-0.251279,0.0181,49.0,57.244446,0.0,172.0,5152.0,4345.0,1.0,25.1279,90.0
594,1.0,-2.45,-0.25139248,0.018,49.0,56.822224,0.0,175.0,5114.0,4346.0,1.0,25.13925,90.0
595,1.0,-2.45,-0.25123027,0.0179,49.0,56.8,0.0,231.0,5112.0,4346.0,1.0,25.123026,90.0
596,1.0,-2.45,-0.2515677,0.018,49.0,56.955555,0.0,160.0,5126.0,4346.0,1.0,25.156769,50.0
597,1.0,-2.45,-0.2517318,0.0181,49.0,56.988888,0.0,233.0,5129.0,4345.0,1.0,25.173182,50.0
598,1.0,-2.45,-0.25224212,0.018,49.0,55.97778,0.0,197.0,5038.0,4345.0,1.0,25.224213,50.0
599,1.0,-2.45,-0.2518155,0.0179,49.0,56.355556,0.0,159.0,5072.0,4345.0,1.0,25.18155,90.0
600,1.0,-2.45,-0.25149465,0.0179,49.0,56.322224,0.0,84.0,5069.0,4345.0,1.0,25.149466,30.0
601,1.0,-2.45,-0.2525585,0.018,49.0,55.988888,0.0,377.0,5039.0,4345.0,1.0,25.25585,50.0
602,1.0,-2.45,-0.25135213,0.018,49.0,57.91111,0.0,711.0,5212.0,4345.0,1.0,25.135212,30.0
603,1.0,-2.45,-0.25185984,0.0179,49.0,56.72222,0.0,74.0,5105.0,4346.0,1.0,25.185984,90.0
604,1.0,-2.45,-0.25244048,0.0179,49.0,57.511112,0.0,96.0,5176.0,4346.0,1.0,25.24405,50.0
605,1.0,-2.45,-0.25209776,0.0179,49.0,57.355556,0.0,112.0,5162.0,4346.0,1.0,25.209776,50.0
606,1.0,-2.45,-0.25242612,0.018,49.0,57.4,0.0,118.0,5166.0,4345.0,1.0,25.242613,50.0
607,1.0,-2.45,-0.25144124,0.018,49.0,57.255554,0.0,140.0,5153.0,4345.0,1.0,25.144125,70.0
608,1.0,-2.45,-0.2514075,0.018,49.0,56.955555,0.0,132.0,5126.0,4345.0,1.0,25.14075,50.0
609,1.0,-2.45,-0.25151002,0.0179,49.0,56.455555,0.0,133.0,5081.0,4346.0,1.0,25.151003,90.0
610,1.0,-2.45,-0.25147414,0.0179,49.0,56.144444,0.0,191.0,5053.0,4345.0,1.0,25.147415,90.0
611,1.0,-2.45,-0.25243628,0.018,49.0,56.255554,0.0,251.0,5063.0,4346.0,1.0,25.243628,90.0
612,1.0,-2.45,-0.2529031,0.018,49.0,56.2,0.0,222.0,5058.0,4345.0,1.0,25.290312,30.0
613,1.0,-2.45,-0.25227618,0.0181,49.0,55.044445,0.0,227.0,4954.0,4345.0,1.0,25.22762,10.0
614,1.0,-2.45,-0.25137934,0.018,49.0,55.322224,0.0,174.0,4979.0,4345.0,1.0,25.137934,30.0
615,1.0,-2.45,-0.25137037,0.0182,49.0,55.244446,0.0,184.0,4972.0,4345.0,1.0,25.137037,10.0
616,1.0,-2.45,-0.25136626,0.0182,49.0,56.58889,0.0,203.0,5093.0,4345.0,1.0,25.136625,10.0
617,1.0,-2.45,-0.2515177,0.018,49.0,56.52222,0.0,180.0,5087.0,4345.0,1.0,25.151772,70.0
618,1.0,-2.45,-0.25071275,0.0181,49.0,56.422222,0.0,210.0,5078.0,4345.0,1.0,25.071276,90.0
619,1.0,-2.45,-0.25100636,0.018,49.0,56.2,0.0,220.0,5058.0,4345.0,1.0,25.100637,50.0
620,1.0,-2.45,-0.2520847,0.0181,49.0,55.97778,0.0,82.0,5038.0,4345.0,1.0,25.20847,70.0
621,1.0,-2.45,-0.25116566,0.0183,49.0,56.211113,0.0,108.0,5059.0,4345.0,1.0,25.116566,90.0
622,1.0,-2.45,-0.25051907,0.018,49.0,56.066666,0.0,98.0,5046.0,4345.0,1.0,25.051907,10.0
623,1.0,-2.45,-0.2510706,0.018,49.0,55.344444,0.0,120.0,4981.0,4348.0,1.0,25.10706,30.0
624,1.0,-2.45,-0.25143573,0.018,49.0,55.81111,0.0,191.0,5023.0,4345.0,1.0,25.143572,30.0
625,1.0,-2.45,-0.2509197,0.0178,49.0,55.38889,0.0,101.0,4985.0,4345.0,1.0,25.091969,30.0
626,1.0,-2.45,-0.2509999,0.018,49.0,54.7,0.0,162.0,4923.0,4345.0,1.0,25.09999,10.0
627,1.0,-2.45,-0.25105962,0.018,49.0,55.244446,0.0,115.0,4972.0,4345.0,1.0,25.105963,50.0
628,1.0,-2.45,-0.25072113,0.018,49.0,54.97778,0.0,184.0,4948.0,4345.0,1.0,25.072113,70.0
629,1.0,-2.45,-0.251385,0.018,49.0,56.755554,0.0,136.0,5108.0,4345.0,1.0,25.1385,90.0
630,1.0,-2.45,-0.25111446,0.0178,49.0,57.211113,0.0,115.0,5149.0,4346.0,1.0,25.111444,50.0
631,1.0,-2.45,-0.25117055,0.0181,49.0,56.255554,0.0,252.0,5063.0,4345.0,1.0,25.117054,10.0
632,1.0,-2.45,-0.2515062,0.018,49.0,56.422222,0.0,246.0,5078.0,4346.0,1.0,25.15062,10.0
633,1.0,-2.45,-0.25133875,0.018,49.0,56.344444,0.0,269.0,5071.0,4345.0,1.0,25.133875,50.0
634,1.0,-2.45,-0.251315,0.0179,49.0,56.133335,0.0,210.0,5052.0,4346.0,1.0,25.1315,50.0
635,1.0,-2.45,-0.25082055,0.0179,49.0,55.933334,0.0,187.0,5034.0,4345.0,1.0,25.082056,30.0
636,1.0,-2.45,-0.25216594,0.0179,49.0,55.38889,0.0,273.0,4985.0,4345.0,1.0,25.216595,10.0
637,1.0,-2.45,-0.25121373,0.0178,49.0,55.233334,0.0,190.0,4971.0,4345.0,1.0,25.121374,30.0
638,1.0,-2.45,-0.2510072,0.018,49.0,54.766666,0.0,270.0,4929.0,4345.0,1.0,25.100721,10.0
639,1.0,-2.45,-0.25101697,0.0182,49.0,54.855556,0.0,261.0,4937.0,4345.0,1.0,25.101696,70.0
640,1.0,-2.45,-0.25194687,0.0177,49.0,54.88889,0.0,236.0,4940.0,4346.0,1.0,25.194687,30.0
641,1.0,-2.45,-0.25102913,0.018,49.0,54.966667,0.0,344.0,4947.0,4346.0,1.0,25.102915,90.0
642,1.0,-2.45,-0.25103647,0.0178,49.0,55.033333,0.0,146.0,4953.0,4345.0,1.0,25.103647,70.0
643,1.0,-2.45,-0.25162944,0.018,49.0,56.122223,0.0,308.0,5051.0,4345.0,1.0,25.162943,10.0
644,1.0,-2.45,-0.2509589,0.018,49.0,55.755554,0.0,284.0,5018.0,4345.0,1.0,25.095888,10.0
645,1.0,-2.45,-0.25123125,0.0182,49.0,55.38889,0.0,310.0,4985.0,4346.0,1.0,25.123125,10.0
646,1.0,-2.45,-0.2510535,0.0183,49.0,55.18889,0.0,224.0,4967.0,4345.0,1.0,25.105352,30.0
647,1.0,-2.45,-0.2516099,0.0182,49.0,54.655556,0.0,344.0,4919.0,4346.0,1.0,25.16099,10.0
648,1.0,-2.45,-0.2514995,0.018,49.0,55.02222,0.0,281.0,4952.0,4346.0,1.0,25.14995,90.0
649,1.0,-2.45,-0.25113875,0.018,49.0,54.566666,0.0,256.0,4911.0,4345.0,1.0,25.113874,90.0
650,1.0,-2.45,-0.25088286,0.018,49.0,55.044445,0.0,225.0,4954.0,4345.0,1.0,25.088287,10.0
651,1.0,-2.45,-0.25114626,0.0183,49.0,54.633335,0.0,181.0,4917.0,4345.0,1.0,25.114626,70.0
652,1.0,-2.45,-0.2513191,0.0181,49.0,54.8,0.0,217.0,4932.0,4345.0,1.0,25.131912,70.0
653,1.0,-2.45,-0.25143912,0.0181,49.0,54.511112,0.0,106.0,4906.0,4346.0,1.0,25.143913,10.0
654,1.0,-2.45,-0.25087813,0.0181,49.0,55.0,0.0,200.0,4950.0,4346.0,1.0,25.087812,70.0
655,1.0,-2.45,-0.25145093,0.018,49.0,54.61111,0.0,200.0,4915.0,4347.0,1.0,25.145094,30.0
656,1.0,-2.45,-0.25111875,0.0182,49.0,54.38889,0.0,200.0,4895.0,4345.0,1.0,25.111876,10.0
657,1.0,-2.45,-0.25108886,0.0181,49.0,55.511112,0.0,182.0,4996.0,4347.0,1.0,25.108887,10.0
658,1.0,-2.45,-0.2512075,0.0182,49.0,55.177776,0.0,189.0,4966.0,4345.0,1.0,25.12075,50.0
659,1.0,-2.45,-0.25203124,0.0181,49.0,55.555557,0.0,173.0,5000.0,4346.0,1.0,25.203125,10.0
660,1.0,-2.45,-0.25120625,0.0181,49.0,55.166668,0.0,155.0,4965.0,4346.0,1.0,25.120625,30.0
661,1.0,-2.45,-0.25069916,0.018,49.0,54.766666,0.0,220.0,4929.0,4345.0,1.0,25.069916,70.0
662,1.0,-2.45,-0.25143257,0.018,49.0,54.455555,0.0,185.0,4901.0,4345.0,1.0,25.143257,90.0
663,1.0,-2.45,-0.25113,0.0181,49.0,54.488888,0.0,182.0,4904.0,4345.0,1.0,25.113,30.0
664,1.0,-2.45,-0.2507373,0.0179,49.0,55.133335,0.0,177.0,4962.0,4345.0,1.0,25.07373,70.0
665,1.0,-2.45,-0.25084487,0.018,49.0,54.68889,0.0,188.0,4922.0,4345.0,1.0,25.084488,10.0
666,1.0,-2.45,-0.25174436,0.0181,49.0,54.5,0.0,228.0,4905.0,4347.0,1.0,25.174437,50.0
667,1.0,-2.45,-0.2509792,0.018,49.0,54.511112,0.0,232.0,4906.0,4346.0,1.0,25.09792,90.0
668,1.0,-2.45,-0.25189012,0.018,49.0,55.677776,0.0,108.0,5011.0,4345.0,1.0,25.189013,10.0
669,1.0,-2.45,-0.25154018,0.018,49.0,55.366665,0.0,248.0,4983.0,4346.0,1.0,25.154018,10.0
670,1.0,-2.45,-0.25180075,0.0183,49.0,54.955555,0.0,161.0,4946.0,4346.0,1.0,25.180075,70.0
671,1.0,-2.45,-0.2510523,0.0179,49.0,55.177776,0.0,188.0,4966.0,4345.0,1.0,25.10523,10.0
672,1.0,-2.45,-0.25178975,0.0179,49.0,54.866665,0.0,102.0,4938.0,4348.0,1.0,25.178974,70.0
673,1.0,-2.45,-0.25040203,0.018,49.0,54.877777,0.0,149.0,4939.0,4346.0,1.0,25.040203,90.0
674,1.0,-2.45,-0.250526,0.018,49.0,54.577778,0.0,252.0,4912.0,4346.0,1.0,25.0526,90.0
675,1.0,-2.45,-0.25069568,0.0181,49.0,54.733334,0.0,243.0,4926.0,4346.0,1.0,25.069569,90.0
676,1.0,-2.45,-0.2520524,0.0178,49.0,54.511112,0.0,180.0,4906.0,4345.0,1.0,25.205238,90.0
677,1.0,-2.45,-0.25160185,0.0179,49.0,54.58889,0.0,232.0,4913.0,4346.0,1.0,25.160185,90.0
678,1.0,-2.45,-0.2505361,0.0179,49.0,54.677776,0.0,306.0,4921.0,4346.0,1.0,25.053612,90.0
679,1.0,-2.45,-0.25250465,0.0178,49.0,54.455555,0.0,164.0,4901.0,4345.0,1.0,25.250465,90.0
680,1.0,-2.45,-0.25146142,0.0179,49.0,54.7,0.0,269.0,4923.0,4347.0,1.0,25.146143,30.0
681,1.0,-2.45,-0.25261644,0.0178,49.0,55.266666,0.0,261.0,4974.0,4345.0,1.0,25.261644,70.0
682,1.0,-2.45,-0.250517,0.0177,49.0,54.488888,0.0,306.0,4904.0,4346.0,1.0,25.0517,30.0
683,1.0,-2.45,-0.25149164,0.0177,49.0,54.955555,0.0,259.0,4946.0,4346.0,1.0,25.149162,50.0
684,1.0,-2.45,-0.25111935,0.0176,49.0,55.788887,0.0,230.0,5021.0,4347.0,1.0,25.111935,50.0
685,1.0,-2.45,-0.25055075,0.0178,49.0,54.822224,0.0,263.0,4934.0,4345.0,1.0,25.055075,30.0
686,1.0,-2.45,-0.25112876,0.0176,49.0,54.47778,0.0,285.0,4903.0,4345.0,1.0,25.112875,90.0
687,1.0,-2.45,-0.2511425,0.0177,49.0,54.6,0.0,192.0,4914.0,4345.0,1.0,25.11425,10.0
688,1.0,-2.45,-0.2515205,0.0177,49.0,55.2,0.0,265.0,4968.0,4346.0,1.0,25.15205,10.0
689,1.0,-2.45,-0.251235,0.0179,49.0,55.422222,0.0,301.0,4988.0,4345.0,1.0,25.1235,30.0
690,1.0,-2.45,-0.25151786,0.018,49.0,55.177776,0.0,331.0,4966.0,4345.0,1.0,25.151787,30.0
691,1.0,-2.45,-0.2515763,0.0181,49.0,54.377777,0.0,254.0,4894.0,4345.0,1.0,25.15763,10.0
692,1.0,-2.45,-0.25150082,0.0181,49.0,55.033333,0.0,347.0,4953.0,4345.0,1.0,25.150082,90.0
693,1.0,-2.45,-0.2513691,0.018,49.0,55.233334,0.0,298.0,4971.0,4345.0,1.0,25.13691,70.0
694,1.0,-2.45,-0.25121748,0.0178,49.0,55.266666,0.0,272.0,4974.0,4345.0,1.0,25.12175,70.0
695,1.0,-2.45,-0.25127625,0.0181,49.0,55.788887,0.0,275.0,5021.0,4346.0,1.0,25.127625,50.0
696,1.0,-2.45,-0.250985,0.0179,49.0,56.0,0.0,152.0,5040.0,4345.0,1.0,25.0985,90.0
697,1.0,-2.45,-0.2515533,0.018,49.0,55.47778,0.0,145.0,4993.0,4345.0,1.0,25.15533,90.0
698,1.0,-2.45,-0.25124854,0.0179,49.0,56.966667,0.0,162.0,5127.0,4346.0,1.0,25.124853,90.0
699,1.0,-2.45,-0.25152436,0.0183,49.0,52.72222,0.0,137.0,4745.0,4346.0,1.0,25.152437,10.0
700,1.0,-2.45,-0.25052825,0.0182,49.0,54.6,0.0,145.0,4914.0,4346.0,1.0,25.052826,30.0
701,1.0,-2.45,-0.25114626,0.018,49.0,54.633335,0.0,196.0,4917.0,4346.0,1.0,25.114626,70.0
702,1.0,-2.45,-0.25074655,0.018,49.0,55.22222,0.0,270.0,4970.0,4345.0,1.0,25.074656,10.0
703,1.0,-2.45,-0.25076622,0.0179,49.0,55.41111,0.0,193.0,4987.0,4346.0,1.0,25.076622,70.0
704,1.0,-2.45,-0.25167307,0.0181,49.0,55.177776,0.0,80.0,4966.0,4345.0,1.0,25.167307,70.0
705,1.0,-2.45,-0.25150475,0.0182,49.0,55.066666,0.0,137.0,4956.0,4345.0,1.0,25.150475,30.0
706,1.0,-2.45,-0.25106448,0.018,49.0,55.288887,0.0,76.0,4976.0,4345.0,1.0,25.10645,10.0
707,1.0,-2.45,-0.2503954,0.0179,49.0,56.422222,0.0,181.0,5078.0,4345.0,1.0,25.039537,70.0
708,1.0,-2.45,-0.2510206,0.0179,49.0,56.333332,0.0,139.0,5070.0,4345.0,1.0,25.102062,50.0
709,1.0,-2.45,-0.25104913,0.0177,49.0,56.6,0.0,187.0,5094.0,4346.0,1.0,25.104912,10.0
710,1.0,-2.45,-0.2515318,0.018,49.0,56.644444,0.0,69.0,5098.0,4345.0,1.0,25.153181,50.0
711,1.0,-2.45,-0.25200975,0.018,49.0,56.644444,0.0,89.0,5098.0,4346.0,1.0,25.200975,10.0
712,1.0,-2.45,-0.2512397,0.0179,49.0,54.11111,0.0,133.0,4870.0,4345.0,1.0,25.123968,30.0
713,1.0,-2.45,-0.251275,0.018,49.0,55.77778,0.0,103.0,5020.0,4345.0,1.0,25.1275,50.0
714,1.0,-2.45,-0.2513691,0.0181,49.0,55.233334,0.0,115.0,4971.0,4346.0,1.0,25.13691,10.0
715,1.0,-2.45,-0.250909,0.0181,49.0,55.288887,0.0,101.0,4976.0,4346.0,1.0,25.0909,70.0
716,1.0,-2.45,-0.25138575,0.0181,49.0,55.377777,0.0,165.0,4984.0,4346.0,1.0,25.138575,70.0
717,1.0,-2.45,-0.25112787,0.018,49.0,55.866665,0.0,151.0,5028.0,4345.0,1.0,25.112787,30.0
718,1.0,-2.45,-0.25113398,0.018,49.0,55.922222,0.0,146.0,5033.0,4346.0,1.0,25.113398,30.0
719,1.0,-2.45,-0.2516544,0.018,49.0,56.333332,0.0,134.0,5070.0,4345.0,1.0,25.165438,70.0
720,1.0,-2.45,-0.25089225,0.0178,49.0,56.622223,0.0,178.0,5096.0,4346.0,1.0,25.089226,50.0
721,1.0,-2.45,-0.25225344,0.018,49.0,57.31111,0.0,168.0,5158.0,4345.0,1.0,25.225344,50.0
722,1.0,-2.45,-0.25142875,0.018,49.0,57.144444,0.0,207.0,5143.0,4347.0,1.0,25.142876,70.0
723,1.0,-2.45,-0.25229704,0.018,49.0,57.655556,0.0,118.0,5189.0,4345.0,1.0,25.229704,10.0
724,1.0,-2.45,-0.2513625,0.0181,49.0,56.555557,0.0,162.0,5090.0,4345.0,1.0,25.13625,50.0
725,1.0,-2.45,-0.25064594,0.0181,49.0,57.355556,0.0,157.0,5162.0,4345.0,1.0,25.064594,30.0
726,1.0,-2.45,-0.251975,0.0179,49.0,55.11111,0.0,156.0,4960.0,4347.0,1.0,25.1975,30.0
727,1.0,-2.45,-0.251245,0.0179,49.0,55.511112,0.0,120.0,4996.0,4347.0,1.0,25.1245,10.0
728,1.0,-2.45,-0.25033268,0.0183,49.0,55.766666,0.0,119.0,5019.0,4345.0,1.0,25.033268,30.0
729,1.0,-2.45,-0.25049064,0.0183,49.0,55.77778,0.0,90.0,5020.0,4347.0,1.0,25.049063,70.0
730,1.0,-2.45,-0.25184909,0.0182,49.0,56.633335,0.0,86.0,5097.0,4346.0,1.0,25.18491,30.0
731,1.0,-2.45,-0.25243628,0.018,49.0,56.255554,0.0,83.0,5063.0,4346.0,1.0,25.243628,10.0
732,1.0,-2.45,-0.25125706,0.0179,49.0,57.044445,0.0,62.0,5134.0,4345.0,1.0,25.125706,50.0
733,1.0,-2.45,-0.25073186,0.0181,49.0,56.61111,0.0,98.0,5095.0,4345.0,1.0,25.073187,30.0
734,1.0,-2.45,-0.25154334,0.0181,49.0,56.744446,0.0,248.0,5107.0,4345.0,1.0,25.154335,30.0
735,1.0,-2.45,-0.251118,0.018,49.0,57.244446,0.0,616.0,5152.0,4346.0,1.0,25.1118,30.0
736,1.0,-2.45,-0.25048143,0.018,49.0,57.322224,0.0,689.0,5159.0,4345.0,1.0,25.048143,30.0
737,1.0,-2.45,-0.25102776,0.018,49.0,56.4,0.0,703.0,5076.0,4345.0,1.0,25.102776,70.0
738,1.0,-2.45,-0.2521005,0.0182,49.0,57.377777,0.0,670.0,5164.0,4345.0,1.0,25.21005,70.0
739,1.0,-2.45,-0.2517607,0.0183,49.0,57.233334,0.0,630.0,5151.0,4346.0,1.0,25.17607,90.0
740,1.0,-2.45,-0.251285,0.0183,49.0,55.866665,0.0,689.0,5028.0,4345.0,1.0,25.1285,30.0
741,1.0,-2.45,-0.25136876,0.0181,49.0,56.61111,0.0,743.0,5095.0,4345.0,1.0,25.136875,90.0
742,1.0,-2.45,-0.25283694,0.018,49.0,56.866665,0.0,666.0,5118.0,4345.0,1.0,25.283693,10.0
743,1.0,-2.45,-0.25256848,0.018,49.0,57.255554,0.0,561.0,5153.0,4346.0,1.0,25.256847,50.0
744,1.0,-2.45,-0.2507679,0.0183,49.0,56.966667,0.0,653.0,5127.0,4345.0,1.0,25.076788,70.0
745,1.0,-2.45,-0.2516407,0.0181,49.0,57.58889,0.0,645.0,5183.0,4345.0,1.0,25.164072,70.0
746,1.0,-2.45,-0.25115362,0.0181,49.0,57.577778,0.0,680.0,5182.0,4345.0,1.0,25.115362,50.0
747,1.0,-2.45,-0.25143376,0.018,49.0,57.18889,0.0,697.0,5147.0,4345.0,1.0,25.143375,70.0
748,1.0,-2.45,-0.2520675,0.018,49.0,57.11111,0.0,718.0,5140.0,4345.0,1.0,25.20675,30.0
749,1.0,-2.45,-0.25305,0.0181,49.0,57.244446,0.0,731.0,5152.0,4346.0,1.0,25.305,10.0
750,1.0,-2.45,-0.2520015,0.018,49.0,56.577778,0.0,735.0,5092.0,4345.0,1.0,25.20015,50.0
751,1.0,-2.45,-0.25159717,0.018,49.0,57.211113,0.0,739.0,5149.0,4346.0,1.0,25.159716,30.0
752,1.0,-2.45,-0.2512595,0.0181,49.0,57.066666,0.0,744.0,5136.0,4346.0,1.0,25.12595,70.0
753,1.0,-2.45,-0.25140125,0.018,49.0,56.9,0.0,559.0,5121.0,4346.0,1.0,25.140125,90.0
754,1.0,-2.45,-0.25120953,0.0181,49.0,56.61111,0.0,712.0,5095.0,4345.0,1.0,25.120953,30.0
755,1.0,-2.45,-0.25058797,0.0177,49.0,56.766666,0.0,332.0,5109.0,4345.0,1.0,25.058796,10.0
756,1.0,-2.45,-0.2512912,0.0177,49.0,57.355556,0.0,70.0,5162.0,4345.0,1.0,25.129118,70.0
757,1.0,-2.45,-0.25143626,0.0176,49.0,57.211113,0.0,57.0,5149.0,4346.0,1.0,25.143625,10.0
758,1.0,-2.45,-0.25120223,0.0177,49.0,56.544445,0.0,70.0,5089.0,4345.0,1.0,25.120222,10.0
759,1.0,-2.45,-0.2505836,0.018,49.0,56.72222,0.0,83.0,5105.0,4345.0,1.0,25.05836,10.0
760,1.0,-2.45,-0.25105983,0.0177,49.0,56.7,0.0,57.0,5103.0,4346.0,1.0,25.105982,90.0
761,1.0,-2.45,-0.25042832,0.0177,49.0,56.766666,0.0,83.0,5109.0,4346.0,1.0,25.042831,30.0
762,1.0,-2.45,-0.25059998,0.0179,49.0,56.88889,0.0,70.0,5120.0,4346.0,1.0,25.06,10.0
763,1.0,-2.45,-0.2517779,0.018,49.0,56.044445,0.0,81.0,5044.0,4345.0,1.0,25.177788,70.0
764,1.0,-2.45,-0.25116077,0.0183,49.0,56.166668,0.0,77.0,5055.0,4345.0,1.0,25.116077,70.0
765,1.0,-2.45,-0.25098145,0.018,49.0,55.966667,0.0,82.0,5037.0,4345.0,1.0,25.098145,50.0
766,1.0,-2.45,-0.25171202,0.0179,49.0,55.5,0.0,105.0,4995.0,4346.0,1.0,25.171204,10.0
767,1.0,-2.45,-0.25219014,0.0179,49.0,56.81111,0.0,71.0,5113.0,4345.0,1.0,25.219015,90.0
768,1.0,-2.45,-0.25203586,0.0177,49.0,56.855556,0.0,71.0,5117.0,4347.0,1.0,25.203587,10.0
769,1.0,-2.45,-0.25382578,0.0178,49.0,57.055557,0.0,76.0,5135.0,4346.0,1.0,25.382578,10.0
770,1.0,-2.45,-0.2538928,0.0179,49.0,57.488888,0.0,96.0,5174.0,4346.0,1.0,25.38928,70.0
771,1.0,-2.45,-0.253,0.0179,49.0,56.88889,0.0,113.0,5120.0,4345.0,1.0,25.3,90.0
772,1.0,-2.45,-0.25371426,0.0178,49.0,57.377777,0.0,76.0,5164.0,4345.0,1.0,25.371426,50.0
773,1.0,-2.45,-0.25216344,0.018,49.0,56.6,0.0,69.0,5094.0,4345.0,1.0,25.216343,70.0
774,1.0,-2.45,-0.25215876,0.0181,49.0,55.333332,0.0,70.0,4980.0,4346.0,1.0,25.215876,10.0
775,1.0,-2.45,-0.2527236,0.018,49.0,56.044445,0.0,65.0,5044.0,4345.0,1.0,25.272362,90.0
776,1.0,-2.45,-0.2536161,0.018,49.0,55.7,0.0,85.0,5013.0,4345.0,1.0,25.361609,50.0
777,1.0,-2.45,-0.25199327,0.0179,49.0,55.255554,0.0,72.0,4973.0,4346.0,1.0,25.199327,70.0
778,1.0,-2.45,-0.25308436,0.0182,49.0,55.27778,0.0,79.0,4975.0,4346.0,1.0,25.308437,10.0
779,1.0,-2.45,-0.25209594,0.0179,49.0,56.066666,0.0,64.0,5046.0,4346.0,1.0,25.209593,30.0
780,1.0,-2.45,-0.25238875,0.0181,49.0,57.11111,0.0,65.0,5140.0,4346.0,1.0,25.238874,10.0
781,1.0,-2.45,-0.2520524,0.018,49.0,56.988888,0.0,115.0,5129.0,4345.0,1.0,25.205238,10.0
782,1.0,-2.45,-0.25333136,0.0179,49.0,56.966667,0.0,63.0,5127.0,4345.0,1.0,25.333138,90.0
783,1.0,-2.45,-0.2517174,0.0182,49.0,56.866665,0.0,74.0,5118.0,4345.0,1.0,25.171738,30.0
784,1.0,-2.45,-0.25227374,0.018,49.0,56.22222,0.0,58.0,5060.0,4345.0,1.0,25.227375,50.0
785,1.0,-2.45,-0.2534005,0.0178,49.0,56.355556,0.0,56.0,5072.0,4345.0,1.0,25.34005,10.0
786,1.0,-2.45,-0.25270066,0.0179,49.0,55.877777,0.0,63.0,5029.0,4345.0,1.0,25.270065,70.0
787,1.0,-2.45,-0.25266543,0.0165,49.0,55.622223,0.0,46.0,5006.0,4345.0,1.0,25.266544,90.0
788,1.0,-2.45,-0.25180486,0.0163,49.0,54.988888,0.0,45.0,4949.0,4345.0,1.0,25.180487,50.0
789,1.0,-2.45,-0.25283593,0.0178,49.0,55.72222,0.0,82.0,5015.0,4345.0,1.0,25.283594,70.0
790,1.0,-2.45,-0.2522953,0.0179,49.0,55.18889,0.0,155.0,4967.0,4345.0,1.0,25.229528,30.0
791,1.0,-2.45,-0.25232613,0.018,49.0,55.422222,0.0,133.0,4988.0,4346.0,1.0,25.232613,30.0
792,1.0,-2.45,-0.252455,0.0177,49.0,55.22222,0.0,51.0,4970.0,4345.0,1.0,25.2455,10.0
793,1.0,-2.45,-0.25226656,0.018,49.0,56.166668,0.0,89.0,5055.0,4345.0,1.0,25.226656,70.0
794,1.0,-2.45,-0.2517967,0.0181,49.0,56.2,0.0,58.0,5058.0,4346.0,1.0,25.179668,30.0
795,1.0,-2.45,-0.25184774,0.0179,49.0,56.622223,0.0,51.0,5096.0,4345.0,1.0,25.184774,70.0
796,1.0,-2.45,-0.25179803,0.0182,49.0,56.211113,0.0,96.0,5059.0,4345.0,1.0,25.179804,50.0
797,1.0,-2.45,-0.2522191,0.018,49.0,55.8,0.0,109.0,5022.0,4345.0,1.0,25.221912,70.0
798,1.0,-2.45,-0.2536436,0.0181,49.0,55.877777,0.0,97.0,5029.0,4345.0,1.0,25.364359,30.0
799,1.0,-2.45,-0.2530925,0.0177,49.0,55.333332,0.0,128.0,4980.0,4346.0,1.0,25.30925,70.0
800,1.0,-2.45,-0.25177187,0.0155,49.0,54.72222,0.0,43.0,4925.0,4346.0,1.0,25.177187,90.0
801,1.0,-2.45,-0.25093156,0.0179,49.0,55.5,0.0,53.0,4995.0,4345.0,1.0,25.093157,90.0
802,1.0,-2.45,-0.2519989,0.018,49.0,55.3,0.0,51.0,4977.0,4345.0,1.0,25.19989,10.0
803,1.0,-2.45,-0.25227913,0.0175,49.0,55.066666,0.0,48.0,4956.0,4345.0,1.0,25.227913,30.0
804,1.0,-2.45,-0.2516839,0.0101,49.0,52.81111,0.0,27.0,4753.0,4345.0,1.0,25.16839,90.0
805,1.0,-2.45,-0.2505631,0.018,49.0,54.944443,0.0,120.0,4945.0,4345.0,1.0,25.056313,70.0
806,1.0,-2.45,-0.2510072,0.018,49.0,54.766666,0.0,57.0,4929.0,4345.0,1.0,25.100721,50.0
807,1.0,-2.45,-0.25164387,0.0179,49.0,56.244446,0.0,56.0,5062.0,4346.0,1.0,25.164387,50.0
808,1.0,-2.45,-0.25143573,0.0179,49.0,55.81111,0.0,122.0,5023.0,4348.0,1.0,25.143572,70.0
809,1.0,-2.45,-0.25155213,0.011,49.0,54.177776,0.0,30.0,4876.0,4346.0,1.0,25.155212,50.0
810,1.0,-2.45,-0.25076225,0.0086,49.0,52.533333,0.0,23.0,4728.0,4345.0,1.0,25.076225,70.0
811,1.0,-2.45,-0.2505951,0.0147,49.0,53.766666,0.0,41.0,4839.0,4345.0,1.0,25.05951,50.0
812,1.0,-2.45,-0.24999906,0.0086,49.0,52.27778,0.0,23.0,4705.0,4345.0,1.0,24.999907,10.0
813,1.0,-2.45,-0.2514515,0.0085,49.0,52.133335,0.0,22.0,4692.0,4345.0,1.0,25.14515,10.0
814,1.0,-2.45,-0.251762,0.0095,49.0,52.266666,0.0,25.0,4704.0,4345.0,1.0,25.1762,70.0
815,1.0,-2.45,-0.25109106,0.0097,49.0,52.822224,0.0,26.0,4754.0,4345.0,1.0,25.109106,30.0
816,1.0,-2.45,-0.2507083,0.0107,49.0,53.41111,0.0,29.0,4807.0,4346.0,1.0,25.070831,90.0
817,1.0,-2.45,-0.2516275,0.0104,49.0,53.555557,0.0,28.0,4820.0,4346.0,1.0,25.16275,50.0
818,1.0,-2.45,-0.25077498,0.0081,49.0,51.333332,0.0,21.0,4620.0,4346.0,1.0,25.0775,90.0
819,1.0,-2.45,-0.25121862,0.0098,49.0,52.644444,0.0,26.0,4738.0,4345.0,1.0,25.121862,10.0
820,1.0,-2.45,-0.25114375,0.018,49.0,54.61111,0.0,106.0,4915.0,4345.0,1.0,25.114374,70.0
821,1.0,-2.45,-0.25212568,0.0181,49.0,55.077778,0.0,134.0,4957.0,4346.0,1.0,25.212568,10.0
822,1.0,-2.45,-0.25122875,0.018,49.0,55.366665,0.0,137.0,4983.0,4345.0,1.0,25.122875,90.0
823,1.0,-2.45,-0.25133067,0.0183,49.0,54.9,0.0,735.0,4941.0,4345.0,1.0,25.133066,70.0
824,1.0,-2.45,-0.2510389,0.018,49.0,55.055557,0.0,710.0,4955.0,4346.0,1.0,25.103891,30.0
825,1.0,-2.45,-0.25129735,0.018,49.0,54.61111,0.0,731.0,4915.0,4345.0,1.0,25.129734,50.0
826,1.0,-2.45,-0.2507327,0.018,49.0,55.08889,0.0,783.0,4958.0,4346.0,1.0,25.073269,10.0
827,1.0,-2.45,-0.25131398,0.0181,49.0,54.755554,0.0,772.0,4928.0,4345.0,1.0,25.1314,50.0
828,1.0,-2.45,-0.25082114,0.0181,49.0,54.466667,0.0,854.0,4902.0,4345.0,1.0,25.082113,90.0
829,1.0,-2.45,-0.25127557,0.018,49.0,54.422222,0.0,786.0,4898.0,4345.0,1.0,25.127556,90.0
830,1.0,-2.45,-0.25163275,0.0179,49.0,54.844444,0.0,379.0,4936.0,4346.0,1.0,25.163275,50.0
831,1.0,-2.45,-0.25116244,0.0081,49.0,50.955555,0.0,21.0,4586.0,4345.0,1.0,25.116243,30.0
832,1.0,-2.45,-0.24862699,0.0059,49.0,35.822224,0.0,15.0,3224.0,4345.0,1.0,24.8627,70.0
833,1.0,-2.45,-0.24921206,0.0063,49.0,39.41111,0.0,16.0,3547.0,4345.0,1.0,24.921206,90.0
834,1.0,-2.45,-0.24933091,0.0058,49.0,35.81111,0.0,15.0,3223.0,4346.0,1.0,24.93309,50.0
835,1.0,-2.45,-0.24931213,0.0067,49.0,42.58889,0.0,17.0,3833.0,4345.0,1.0,24.931213,70.0
836,1.0,-2.45,-0.24933286,0.0066,49.0,45.31111,0.0,17.0,4078.0,4345.0,1.0,24.933287,90.0
837,1.0,-2.45,-0.24835016,0.0051,49.0,34.033333,0.0,13.0,3063.0,4345.0,1.0,24.835016,30.0
838,1.0,-2.45,-0.24869862,0.0045,49.0,31.311111,0.0,11.0,2818.0,4345.0,1.0,24.869862,30.0
839,1.0,-2.45,-0.24796313,0.0037,49.0,23.944445,0.0,8.0,2155.0,4346.0,1.0,24.796312,50.0
840,1.0,-2.45,-0.24739343,0.0037,49.0,23.0,0.0,8.0,2070.0,4345.0,1.0,24.739344,70.0
841,1.0,-2.45,-0.2515911,0.0173,49.0,54.5,0.0,48.0,4905.0,4345.0,1.0,25.15911,30.0
842,1.0,-2.45,-0.25108337,0.0098,49.0,52.755554,0.0,26.0,4748.0,4345.0,1.0,25.108337,90.0
843,1.0,-2.45,-0.24671,0.0034,49.0,16.0,0.0,7.0,1440.0,4345.0,1.0,24.671,30.0
844,1.0,-2.45,-0.24682963,0.0034,49.0,15.866667,0.0,7.0,1428.0,4347.0,1.0,24.682962,10.0
845,1.0,-2.45,-0.2471009,0.0037,49.0,20.188889,0.0,8.0,1817.0,4347.0,1.0,24.71009,50.0
846,1.0,-2.45,-0.24969238,0.0054,49.0,46.344444,0.0,14.0,4171.0,4345.0,1.0,24.969238,70.0
847,1.0,-2.45,-0.24984019,0.0045,49.0,40.02222,0.0,11.0,3602.0,4345.0,1.0,24.984018,10.0
848,1.0,-2.45,-0.24756712,0.003,49.0,20.744444,0.0,5.0,1867.0,4345.0,1.0,24.756712,10.0
849,1.0,-2.45,-0.251396,0.0178,49.0,55.466667,0.0,95.0,4992.0,4345.0,1.0,25.1396,10.0
850,1.0,-2.45,-0.25074193,0.0178,49.0,55.177776,0.0,60.0,4966.0,4345.0,1.0,25.074194,50.0
851,1.0,-2.45,-0.2508888,0.0177,49.0,55.1,0.0,50.0,4959.0,4345.0,1.0,25.08888,10.0
852,1.0,-2.45,-0.25148898,0.018,49.0,54.933334,0.0,103.0,4944.0,4346.0,1.0,25.1489,50.0
853,1.0,-2.45,-0.25130752,0.0178,49.0,56.066666,0.0,69.0,5046.0,4346.0,1.0,25.13075,50.0
854,1.0,-2.45,-0.24623737,0.0032,49.0,11.577778,0.0,6.0,1042.0,4345.0,1.0,24.623737,50.0
855,1.0,-2.45,-0.25157037,0.0177,49.0,55.622223,0.0,58.0,5006.0,4345.0,1.0,25.157038,30.0
856,1.0,-2.45,-0.25145358,0.0128,49.0,54.633335,0.0,35.0,4917.0,4346.0,1.0,25.145357,50.0
857,1.0,-2.45,-0.2521353,0.0182,49.0,56.377777,0.0,60.0,5074.0,4347.0,1.0,25.213531,30.0
858,1.0,-2.45,-0.25213674,0.0179,49.0,56.38889,0.0,80.0,5075.0,4346.0,1.0,25.213673,90.0
859,1.0,-2.45,-0.25161502,0.018,49.0,56.0,0.0,100.0,5040.0,4345.0,1.0,25.1615,70.0
860,1.0,-2.45,-0.25279102,0.0182,49.0,56.533333,0.0,96.0,5088.0,4345.0,1.0,25.2791,10.0
861,1.0,-2.45,-0.25115255,0.0081,49.0,53.355556,0.0,21.0,4802.0,4345.0,1.0,25.115255,90.0
862,1.0,-2.45,-0.24849007,0.0059,49.0,32.655556,0.0,15.0,2939.0,4345.0,1.0,24.849007,10.0
863,1.0,-2.45,-0.24817125,0.0048,49.0,28.188889,0.0,12.0,2537.0,4346.0,1.0,24.817125,90.0
864,1.0,-2.45,-0.24852125,0.0058,49.0,34.77778,0.0,15.0,3130.0,4345.0,1.0,24.852125,90.0
865,1.0,-2.45,-0.24936537,0.0059,49.0,36.955555,0.0,15.0,3326.0,4345.0,1.0,24.936537,30.0
866,1.0,-2.45,-0.25132906,0.0077,49.0,52.333332,0.0,20.0,4710.0,4345.0,1.0,25.132906,30.0
867,1.0,-2.45,-0.24970448,0.0063,49.0,38.9,0.0,16.0,3501.0,4345.0,1.0,24.970448,10.0
868,1.0,-2.45,-0.25008014,0.0062,49.0,39.266666,0.0,16.0,3534.0,4346.0,1.0,25.008013,90.0
869,1.0,-2.45,-0.24828938,0.0048,49.0,30.777779,0.0,12.0,2770.0,4345.0,1.0,24.828938,30.0
870,1.0,-2.45,-0.2488995,0.0048,49.0,31.51111,0.0,12.0,2836.0,4346.0,1.0,24.88995,70.0
871,1.0,-2.45,-0.25316533,0.0118,49.0,54.77778,0.0,32.0,4930.0,4346.0,1.0,25.316532,90.0
872,1.0,-2.45,-0.2494675,0.0058,49.0,39.711113,0.0,15.0,3574.0,4345.0,1.0,24.94675,50.0
873,1.0,-2.45,-0.25147673,0.0177,49.0,56.166668,0.0,67.0,5055.0,4345.0,1.0,25.147673,10.0
874,1.0,-2.45,-0.2514447,0.0177,49.0,55.88889,0.0,95.0,5030.0,4345.0,1.0,25.144468,30.0
875,1.0,-2.45,-0.25138626,0.0176,49.0,56.766666,0.0,87.0,5109.0,4346.0,1.0,25.138624,10.0
876,1.0,-2.45,-0.25191313,0.0126,49.0,54.622223,0.0,35.0,4916.0,4345.0,1.0,25.191313,90.0
877,1.0,-2.45,-0.25131786,0.0179,49.0,54.788887,0.0,92.0,4931.0,4345.0,1.0,25.131784,50.0
878,1.0,-2.45,-0.25109497,0.0176,49.0,55.566666,0.0,127.0,5001.0,4345.0,1.0,25.109497,90.0
879,1.0,-2.45,-0.2519989,0.0177,49.0,55.3,0.0,69.0,4977.0,4345.0,1.0,25.19989,10.0
880,1.0,-2.45,-0.25159314,0.0092,49.0,53.27778,0.0,25.0,4795.0,4345.0,1.0,25.159313,30.0
881,1.0,-2.45,-0.25112665,0.0177,49.0,55.855556,0.0,81.0,5027.0,4345.0,1.0,25.112665,70.0
882,1.0,-2.45,-0.25160187,0.0179,49.0,55.88889,0.0,58.0,5030.0,4347.0,1.0,25.160187,90.0
883,1.0,-2.45,-0.2525945,0.0178,49.0,56.255554,0.0,59.0,5063.0,4346.0,1.0,25.25945,50.0
884,1.0,-2.45,-0.25181013,0.0178,49.0,56.31111,0.0,105.0,5068.0,4345.0,1.0,25.181013,70.0
885,1.0,-2.45,-0.2518988,0.0176,49.0,57.044445,0.0,69.0,5134.0,4345.0,1.0,25.18988,50.0
886,1.0,-2.45,-0.25217187,0.0179,49.0,56.666668,0.0,84.0,5100.0,4345.0,1.0,25.217188,30.0
887,1.0,-2.45,-0.25153822,0.0177,49.0,56.7,0.0,122.0,5103.0,4346.0,1.0,25.153822,50.0
888,1.0,-2.45,-0.25292268,0.0167,49.0,57.488888,0.0,47.0,5174.0,4346.0,1.0,25.292269,70.0
889,1.0,-2.45,-0.25190955,0.0178,49.0,57.133335,0.0,60.0,5142.0,4345.0,1.0,25.190956,30.0
890,1.0,-2.45,-0.25172412,0.0179,49.0,55.6,0.0,122.0,5004.0,4346.0,1.0,25.172413,30.0
891,1.0,-2.45,-0.25049064,0.018,49.0,55.77778,0.0,129.0,5020.0,4346.0,1.0,25.049063,70.0
892,1.0,-2.45,-0.25130752,0.0179,49.0,56.066666,0.0,126.0,5046.0,4345.0,1.0,25.13075,70.0
893,1.0,-2.45,-0.25206336,0.0178,49.0,57.077778,0.0,105.0,5137.0,4345.0,1.0,25.206337,90.0
894,1.0,-2.45,-0.2511815,0.0181,49.0,56.355556,0.0,111.0,5072.0,4345.0,1.0,25.11815,90.0
895,1.0,-2.45,-0.25211838,0.018,49.0,57.52222,0.0,129.0,5177.0,4345.0,1.0,25.211838,50.0
896,1.0,-2.45,-0.2510325,0.0181,49.0,56.444443,0.0,117.0,5080.0,4345.0,1.0,25.10325,10.0
897,1.0,-2.45,-0.25080726,0.0179,49.0,57.355556,0.0,118.0,5162.0,4346.0,1.0,25.080725,10.0
898,1.0,-2.45,-0.25069955,0.018,49.0,57.9,0.0,111.0,5211.0,4345.0,1.0,25.069954,30.0
899,1.0,-2.45,-0.25128388,0.0178,49.0,57.288887,0.0,102.0,5156.0,4345.0,1.0,25.128387,10.0
900,1.0,-2.45,-0.25337687,0.018,49.0,57.27778,0.0,107.0,5155.0,4345.0,1.0,25.337688,10.0
901,1.0,-2.45,-0.25135577,0.0178,49.0,57.944443,0.0,133.0,5215.0,4346.0,1.0,25.135578,30.0
902,1.0,-2.45,-0.25065798,0.0179,49.0,57.47778,0.0,117.0,5173.0,4345.0,1.0,25.065798,90.0
903,1.0,-2.45,-0.25062516,0.0177,49.0,57.144444,0.0,103.0,5143.0,4346.0,1.0,25.062515,90.0
904,1.0,-2.45,-0.251365,0.0177,49.0,56.577778,0.0,57.0,5092.0,4345.0,1.0,25.1365,50.0
905,1.0,-2.45,-0.25257728,0.0179,49.0,57.322224,0.0,116.0,5159.0,4346.0,1.0,25.257729,70.0
906,1.0,-2.45,-0.25210324,0.0182,49.0,57.4,0.0,89.0,5166.0,4345.0,1.0,25.210325,30.0
907,1.0,-2.45,-0.251683,0.0179,49.0,57.955555,0.0,109.0,5216.0,4345.0,1.0,25.1683,50.0
908,1.0,-2.45,-0.25209913,0.018,49.0,57.366665,0.0,111.0,5163.0,4345.0,1.0,25.209913,70.0
909,1.0,-2.45,-0.2520675,0.018,49.0,57.11111,0.0,120.0,5140.0,4346.0,1.0,25.20675,50.0
910,1.0,-2.45,-0.2530125,0.018,49.0,56.97778,0.0,112.0,5128.0,4346.0,1.0,25.30125,70.0
911,1.0,-2.45,-0.25145376,0.0181,49.0,57.366665,0.0,118.0,5163.0,4347.0,1.0,25.145374,10.0
912,1.0,-2.45,-0.25128755,0.018,49.0,57.322224,0.0,102.0,5159.0,4346.0,1.0,25.128754,50.0
913,1.0,-2.45,-0.25108117,0.0179,49.0,56.9,0.0,96.0,5121.0,4345.0,1.0,25.108118,70.0
914,1.0,-2.45,-0.25159845,0.018,49.0,57.22222,0.0,118.0,5150.0,4346.0,1.0,25.159843,50.0
915,1.0,-2.45,-0.25085872,0.018,49.0,56.3,0.0,106.0,5067.0,4345.0,1.0,25.085873,90.0
916,1.0,-2.45,-0.25122905,0.0181,49.0,56.788887,0.0,112.0,5111.0,4345.0,1.0,25.122904,70.0
917,1.0,-2.45,-0.25119978,0.0181,49.0,56.52222,0.0,107.0,5087.0,4347.0,1.0,25.119978,10.0
918,1.0,-2.45,-0.2512083,0.0181,49.0,56.6,0.0,97.0,5094.0,4346.0,1.0,25.12083,30.0
919,1.0,-2.45,-0.2507454,0.0181,49.0,56.744446,0.0,114.0,5107.0,4346.0,1.0,25.074537,10.0
920,1.0,-2.45,-0.2506153,0.0182,49.0,57.044445,0.0,103.0,5134.0,4346.0,1.0,25.061531,50.0
921,1.0,-2.45,-0.25143626,0.0182,49.0,57.211113,0.0,106.0,5149.0,4346.0,1.0,25.143625,30.0
922,1.0,-2.45,-0.25184238,0.0181,49.0,56.577778,0.0,116.0,5092.0,4346.0,1.0,25.184238,10.0
923,1.0,-2.45,-0.25161895,0.018,49.0,57.4,0.0,115.0,5166.0,4346.0,1.0,25.161894,10.0
924,1.0,-2.45,-0.25095353,0.0179,49.0,57.211113,0.0,100.0,5149.0,4345.0,1.0,25.095352,70.0
925,1.0,-2.45,-0.25069925,0.018,49.0,56.288887,0.0,115.0,5066.0,4346.0,1.0,25.069925,30.0
926,1.0,-2.45,-0.25142375,0.0182,49.0,57.1,0.0,109.0,5139.0,4345.0,1.0,25.142376,70.0
927,1.0,-2.45,-0.25079858,0.018,49.0,55.72222,0.0,110.0,5015.0,4346.0,1.0,25.079859,10.0
928,1.0,-2.45,-0.25082982,0.018,49.0,56.02222,0.0,104.0,5042.0,4347.0,1.0,25.082981,70.0
929,1.0,-2.45,-0.25034437,0.018,49.0,55.88889,0.0,116.0,5030.0,4346.0,1.0,25.034437,70.0
930,1.0,-2.45,-0.252578,0.0179,49.0,56.133335,0.0,94.0,5052.0,4347.0,1.0,25.2578,10.0
931,1.0,-2.45,-0.25210324,0.0181,49.0,57.4,0.0,128.0,5166.0,4347.0,1.0,25.210325,70.0
932,1.0,-2.45,-0.25065032,0.018,49.0,57.4,0.0,117.0,5166.0,4347.0,1.0,25.065031,10.0
933,1.0,-2.45,-0.2513875,0.0178,49.0,56.77778,0.0,110.0,5110.0,4346.0,1.0,25.13875,90.0
934,1.0,-2.45,-0.25184104,0.0179,49.0,56.566666,0.0,103.0,5091.0,4346.0,1.0,25.184103,90.0
935,1.0,-2.45,-0.2514275,0.0179,49.0,57.133335,0.0,113.0,5142.0,4346.0,1.0,25.14275,10.0
936,1.0,-2.45,-0.2516279,0.0181,49.0,57.47778,0.0,106.0,5173.0,4346.0,1.0,25.16279,90.0
937,1.0,-2.45,-0.25145623,0.018,49.0,55.988888,0.0,112.0,5039.0,4347.0,1.0,25.145622,90.0
938,1.0,-2.45,-0.2515049,0.0178,49.0,56.41111,0.0,115.0,5077.0,4346.0,1.0,25.15049,10.0
939,1.0,-2.45,-0.25240102,0.0179,49.0,55.988888,0.0,98.0,5039.0,4348.0,1.0,25.240103,50.0
940,1.0,-2.45,-0.25160056,0.0181,49.0,55.877777,0.0,117.0,5029.0,4348.0,1.0,25.160057,30.0
941,1.0,-2.45,-0.25096956,0.0178,49.0,55.855556,0.0,120.0,5027.0,4346.0,1.0,25.096956,90.0
942,1.0,-2.45,-0.2520383,0.0178,49.0,55.61111,0.0,113.0,5005.0,4347.0,1.0,25.203829,90.0
943,1.0,-2.45,-0.25127625,0.0181,49.0,55.788887,0.0,110.0,5021.0,4346.0,1.0,25.127625,10.0
944,1.0,-2.45,-0.25169376,0.0181,49.0,56.666668,0.0,116.0,5100.0,4346.0,1.0,25.169374,30.0
945,1.0,-2.45,-0.25157794,0.0181,49.0,57.044445,0.0,114.0,5134.0,4347.0,1.0,25.157793,70.0
946,1.0,-2.45,-0.25027898,0.0173,49.0,56.877777,0.0,48.0,5119.0,4346.0,1.0,25.027897,90.0
947,1.0,-2.45,-0.25082287,0.0181,49.0,55.955555,0.0,56.0,5036.0,4348.0,1.0,25.082287,30.0
948,1.0,-2.45,-0.25136998,0.018,49.0,56.622223,0.0,64.0,5096.0,4346.0,1.0,25.137,30.0
949,1.0,-2.45,-0.25158086,0.0179,49.0,55.711113,0.0,76.0,5014.0,4347.0,1.0,25.158087,90.0
950,1.0,-2.45,-0.25163993,0.0181,49.0,56.211113,0.0,51.0,5059.0,4346.0,1.0,25.163994,70.0
951,1.0,-2.45,-0.25135887,0.0151,49.0,55.144444,0.0,42.0,4963.0,4348.0,1.0,25.135885,50.0
952,1.0,-2.45,-0.24687275,0.0036,49.0,15.133333,0.0,8.0,1362.0,4346.0,1.0,24.687275,30.0
953,1.0,-2.45,-0.25074077,0.0144,49.0,55.166668,0.0,40.0,4965.0,4346.0,1.0,25.074078,50.0
954,1.0,-2.45,-0.25191212,0.0179,49.0,55.855556,0.0,58.0,5027.0,4348.0,1.0,25.191212,90.0
955,1.0,-2.45,-0.24739322,0.0041,49.0,19.788889,0.0,10.0,1781.0,4346.0,1.0,24.739323,90.0
956,1.0,-2.45,-0.2514101,0.0178,49.0,55.58889,0.0,67.0,5003.0,4346.0,1.0,25.14101,30.0
957,1.0,-2.45,-0.25147325,0.0121,49.0,54.8,0.0,33.0,4932.0,4346.0,1.0,25.147326,50.0
958,1.0,-2.45,-0.25154334,0.0179,49.0,56.744446,0.0,106.0,5107.0,4348.0,1.0,25.154335,50.0
959,1.0,-2.45,-0.25197676,0.018,49.0,56.377777,0.0,92.0,5074.0,4346.0,1.0,25.197676,50.0
960,1.0,-2.45,-0.25023463,0.018,49.0,56.4,0.0,140.0,5076.0,4346.0,1.0,25.023462,70.0
961,1.0,-2.45,-0.25100043,0.0179,49.0,56.144444,0.0,136.0,5053.0,4346.0,1.0,25.100044,30.0
962,1.0,-2.45,-0.2517537,0.0178,49.0,55.844444,0.0,107.0,5026.0,4346.0,1.0,25.17537,10.0
963,1.0,-2.45,-0.2507928,0.0179,49.0,55.666668,0.0,105.0,5010.0,4346.0,1.0,25.07928,30.0
964,1.0,-2.45,-0.25065538,0.018,49.0,55.855556,0.0,116.0,5027.0,4346.0,1.0,25.065538,90.0
965,1.0,-2.45,-0.2519244,0.0183,49.0,54.711113,0.0,115.0,4924.0,4347.0,1.0,25.192438,10.0
966,1.0,-2.45,-0.25156513,0.0181,49.0,55.577778,0.0,105.0,5002.0,4346.0,1.0,25.156513,30.0
967,1.0,-2.45,-0.25118124,0.0181,49.0,54.944443,0.0,105.0,4945.0,4346.0,1.0,25.118126,70.0
968,1.0,-2.45,-0.2513614,0.018,49.0,55.166668,0.0,113.0,4965.0,4347.0,1.0,25.13614,30.0
969,1.0,-2.45,-0.25124124,0.0181,49.0,55.47778,0.0,111.0,4993.0,4346.0,1.0,25.124125,10.0
970,1.0,-2.45,-0.25181037,0.0182,49.0,55.033333,0.0,99.0,4953.0,4346.0,1.0,25.181038,10.0
971,1.0,-2.45,-0.2518131,0.0179,49.0,55.055557,0.0,117.0,4955.0,4347.0,1.0,25.181313,90.0
972,1.0,-2.45,-0.25093037,0.018,49.0,55.488888,0.0,57.0,4994.0,4347.0,1.0,25.093037,30.0
973,1.0,-2.45,-0.25173485,0.018,49.0,55.68889,0.0,58.0,5012.0,4347.0,1.0,25.173487,90.0
974,1.0,-2.45,-0.25126624,0.0181,49.0,55.7,0.0,65.0,5013.0,4346.0,1.0,25.126625,50.0
975,1.0,-2.45,-0.2467879,0.0042,49.0,16.3,0.0,10.0,1467.0,4346.0,1.0,24.678791,30.0
976,1.0,-2.45,-0.2508297,0.007,49.0,50.555557,0.0,18.0,4550.0,4346.0,1.0,25.08297,90.0
977,1.0,-2.45,-0.24736685,0.0035,49.0,22.744444,0.0,7.0,2047.0,4346.0,1.0,24.736685,90.0
978,1.0,-2.45,-0.24682638,0.0028,49.0,17.088888,0.0,4.0,1538.0,4349.0,1.0,24.682638,50.0
979,1.0,-2.45,-0.25118074,0.0098,49.0,53.6,0.0,27.0,4824.0,4346.0,1.0,25.118074,10.0
980,1.0,-2.45,-0.25136694,0.0128,49.0,53.9,0.0,35.0,4851.0,4346.0,1.0,25.136694,90.0
981,1.0,-2.45,-0.25152928,0.0137,49.0,53.988888,0.0,38.0,4859.0,4346.0,1.0,25.152927,10.0
982,1.0,-2.45,-0.25077718,0.0151,49.0,54.055557,0.0,42.0,4865.0,4346.0,1.0,25.077719,90.0
983,1.0,-2.45,-0.2510206,0.0178,49.0,54.88889,0.0,72.0,4940.0,4346.0,1.0,25.102062,70.0
984,1.0,-2.45,-0.25139216,0.018,49.0,55.433334,0.0,58.0,4989.0,4346.0,1.0,25.139215,10.0
985,1.0,-2.45,-0.25080687,0.0181,49.0,54.333332,0.0,86.0,4890.0,4346.0,1.0,25.080687,50.0
986,1.0,-2.45,-0.2513896,0.018,49.0,55.41111,0.0,93.0,4987.0,4346.0,1.0,25.13896,70.0
987,1.0,-2.45,-0.2512475,0.0181,49.0,55.533333,0.0,73.0,4998.0,4346.0,1.0,25.12475,30.0
988,1.0,-2.45,-0.25146276,0.0168,49.0,54.711113,0.0,46.0,4924.0,4346.0,1.0,25.146275,30.0
989,1.0,-2.45,-0.25138703,0.0172,49.0,55.38889,0.0,48.0,4985.0,4346.0,1.0,25.138702,50.0
990,1.0,-2.45,-0.25112876,0.0148,49.0,54.47778,0.0,40.0,4903.0,4346.0,1.0,25.112875,70.0
991,1.0,-2.45,-0.25147325,0.018,49.0,54.8,0.0,55.0,4932.0,4346.0,1.0,25.147326,90.0
992,1.0,-2.45,-0.2513742,0.0179,49.0,55.27778,0.0,85.0,4975.0,4346.0,1.0,25.137423,30.0
993,1.0,-2.45,-0.25146013,0.0179,49.0,54.68889,0.0,74.0,4922.0,4346.0,1.0,25.146013,90.0
994,1.0,-2.45,-0.2509597,0.0179,49.0,54.333332,0.0,112.0,4890.0,4348.0,1.0,25.095968,10.0
995,1.0,-2.45,-0.2510283,0.0101,49.0,52.27778,0.0,27.0,4705.0,4347.0,1.0,25.102829,10.0
996,1.0,-2.45,-0.25189203,0.018,49.0,54.455555,0.0,77.0,4901.0,4346.0,1.0,25.189203,10.0
997,1.0,-2.45,-0.2519061,0.018,49.0,54.566666,0.0,64.0,4911.0,4347.0,1.0,25.190609,10.0
998,1.0,-2.45,-0.25176173,0.0179,49.0,55.91111,0.0,61.0,5032.0,4346.0,1.0,25.176174,50.0
999,1.0,-2.45,-0.25145617,0.0183,49.0,54.655556,0.0,60.0,4919.0,4347.0,1.0,25.145618,70.0
1000,1.0,-2.45,-0.25106207,0.0181,49.0,55.266666,0.0,78.0,4974.0,4346.0,1.0,25.106207,30.0
1001,1.0,-2.45,-0.25125998,0.0182,49.0,55.644444,0.0,77.0,5008.0,4347.0,1.0,25.126,90.0
1002,1.0,-2.45,-0.25096,0.0119,49.0,52.97778,0.0,32.0,4768.0,4346.0,1.0,25.096,50.0
1003,1.0,-2.45,-0.25134218,0.0181,49.0,55.0,0.0,99.0,4950.0,4347.0,1.0,25.134218,30.0
1004,1.0,-2.45,-0.2504855,0.0182,49.0,54.177776,0.0,115.0,4876.0,4346.0,1.0,25.04855,90.0
1005,1.0,-2.45,-0.25165364,0.0133,49.0,53.766666,0.0,36.0,4839.0,4346.0,1.0,25.165363,30.0
1006,1.0,-2.45,-0.2503911,0.018,49.0,54.766666,0.0,118.0,4929.0,4346.0,1.0,25.03911,90.0
1007,1.0,-2.45,-0.25034186,0.0181,49.0,54.266666,0.0,96.0,4884.0,4347.0,1.0,25.034187,70.0
1008,1.0,-2.45,-0.25096455,0.0163,49.0,54.377777,0.0,45.0,4894.0,4346.0,1.0,25.096457,70.0
1009,1.0,-2.45,-0.25071073,0.0182,49.0,54.877777,0.0,66.0,4939.0,4346.0,1.0,25.071072,10.0
1010,1.0,-2.45,-0.2508603,0.0181,49.0,54.833332,0.0,80.0,4935.0,4346.0,1.0,25.086031,90.0
1011,1.0,-2.45,-0.249644,0.0059,49.0,45.866665,0.0,15.0,4128.0,4346.0,1.0,24.9644,50.0
1012,1.0,-2.45,-0.25062516,0.0114,49.0,54.055557,0.0,31.0,4865.0,4346.0,1.0,25.062515,30.0
1013,1.0,-2.45,-0.25166768,0.018,49.0,55.133335,0.0,91.0,4962.0,4347.0,1.0,25.166769,70.0
1014,1.0,-2.45,-0.2510875,0.0181,49.0,54.11111,0.0,100.0,4870.0,4346.0,1.0,25.10875,50.0
1015,1.0,-2.45,-0.25144437,0.0181,49.0,54.555557,0.0,109.0,4910.0,4348.0,1.0,25.144438,30.0
1016,1.0,-2.45,-0.25170314,0.018,49.0,54.166668,0.0,109.0,4875.0,4347.0,1.0,25.170313,10.0
1017,1.0,-2.45,-0.25117624,0.0179,49.0,54.9,0.0,115.0,4941.0,4347.0,1.0,25.117624,50.0
1018,1.0,-2.45,-0.2513191,0.0179,49.0,54.8,0.0,101.0,4932.0,4346.0,1.0,25.131912,30.0
1019,1.0,-2.45,-0.2516005,0.0181,49.0,54.577778,0.0,122.0,4912.0,4346.0,1.0,25.16005,90.0
1020,1.0,-2.45,-0.2509078,0.0177,49.0,55.27778,0.0,104.0,4975.0,4345.0,1.0,25.090782,10.0
1021,1.0,-2.45,-0.2513678,0.018,49.0,55.22222,0.0,148.0,4970.0,4346.0,1.0,25.136782,30.0
1022,1.0,-2.45,-0.2518351,0.0179,49.0,55.233334,0.0,128.0,4971.0,4346.0,1.0,25.183512,10.0
1023,1.0,-2.45,-0.25162157,0.0179,49.0,56.055557,0.0,120.0,5045.0,4346.0,1.0,25.162157,50.0
1024,1.0,-2.45,-0.2517631,0.0181,49.0,55.922222,0.0,131.0,5033.0,4347.0,1.0,25.17631,90.0
1025,1.0,-2.45,-0.25096244,0.0179,49.0,55.788887,0.0,130.0,5021.0,4346.0,1.0,25.096243,70.0
1026,1.0,-2.45,-0.251145,0.0179,49.0,54.622223,0.0,652.0,4916.0,4346.0,1.0,25.1145,30.0
1027,1.0,-2.45,-0.25065407,0.0179,49.0,54.333332,0.0,1181.0,4890.0,4346.0,1.0,25.065407,30.0
1028,1.0,-2.45,-0.25081992,0.0181,49.0,54.455555,0.0,859.0,4901.0,4346.0,1.0,25.081993,10.0
1029,1.0,-2.45,-0.25052938,0.0182,49.0,54.61111,0.0,1003.0,4915.0,4348.0,1.0,25.052937,50.0
1030,1.0,-2.45,-0.25177875,0.0179,49.0,54.77778,0.0,861.0,4930.0,4347.0,1.0,25.177876,10.0
1031,1.0,-2.45,-0.2513832,0.0179,49.0,55.355556,0.0,759.0,4982.0,4346.0,1.0,25.138319,10.0
1032,1.0,-2.45,-0.25139472,0.018,49.0,55.455555,0.0,985.0,4991.0,4346.0,1.0,25.139471,70.0
1033,1.0,-2.45,-0.25098145,0.0182,49.0,55.966667,0.0,411.0,5037.0,4346.0,1.0,25.098145,70.0
1034,1.0,-2.45,-0.25099212,0.0181,49.0,56.066666,0.0,160.0,5046.0,4346.0,1.0,25.099213,70.0
1035,1.0,-2.45,-0.25065088,0.0181,49.0,55.81111,0.0,70.0,5023.0,4346.0,1.0,25.065088,30.0
1036,1.0,-2.45,-0.25054204,0.018,49.0,56.3,0.0,252.0,5067.0,4346.0,1.0,25.054203,10.0
1037,1.0,-2.45,-0.2516806,0.0181,49.0,56.555557,0.0,91.0,5090.0,4347.0,1.0,25.168062,90.0
1038,1.0,-2.45,-0.25010577,0.0054,49.0,44.27778,0.0,14.0,3985.0,4346.0,1.0,25.010578,50.0
1039,1.0,-2.45,-0.25073665,0.0062,49.0,52.3,0.0,16.0,4707.0,4346.0,1.0,25.073666,10.0
1040,1.0,-2.45,-0.2518695,0.0179,49.0,55.511112,0.0,86.0,4996.0,4347.0,1.0,25.18695,30.0
1041,1.0,-2.45,-0.25143573,0.0179,49.0,55.81111,0.0,120.0,5023.0,4347.0,1.0,25.143572,70.0
1042,1.0,-2.45,-0.25038233,0.008,49.0,51.72222,0.0,21.0,4655.0,4346.0,1.0,25.038235,90.0
1043,1.0,-2.45,-0.25107303,0.0178,49.0,55.366665,0.0,56.0,4983.0,4346.0,1.0,25.107304,10.0
1044,1.0,-2.45,-0.25159663,0.0181,49.0,55.844444,0.0,66.0,5026.0,4346.0,1.0,25.159662,50.0
1045,1.0,-2.45,-0.2522407,0.018,49.0,55.966667,0.0,63.0,5037.0,4346.0,1.0,25.22407,70.0
1046,1.0,-2.45,-0.2517174,0.0181,49.0,56.866665,0.0,106.0,5118.0,4346.0,1.0,25.171738,30.0
1047,1.0,-2.45,-0.25144213,0.0143,49.0,55.866665,0.0,39.0,5028.0,4346.0,1.0,25.144213,90.0
1048,1.0,-2.45,-0.2513975,0.018,49.0,56.866665,0.0,101.0,5118.0,4347.0,1.0,25.13975,10.0
1049,1.0,-2.45,-0.25185448,0.0181,49.0,56.677776,0.0,109.0,5101.0,4346.0,1.0,25.185448,30.0
1050,1.0,-2.45,-0.2512807,0.0063,49.0,51.933334,0.0,16.0,4674.0,4346.0,1.0,25.128069,30.0
1051,1.0,-2.45,-0.2515911,0.009,49.0,54.5,0.0,24.0,4905.0,4346.0,1.0,25.15911,30.0
1052,1.0,-2.45,-0.25116077,0.0128,49.0,56.166668,0.0,35.0,5055.0,4347.0,1.0,25.116077,70.0
1053,1.0,-2.45,-0.24858783,0.0047,49.0,34.47778,0.0,12.0,3103.0,4346.0,1.0,24.858784,30.0
1054,1.0,-2.45,-0.25151,0.0115,49.0,55.11111,0.0,31.0,4960.0,4348.0,1.0,25.151,10.0
1055,1.0,-2.45,-0.24805367,0.0059,49.0,29.344444,0.0,15.0,2641.0,4346.0,1.0,24.805367,10.0
1056,1.0,-2.45,-0.25100282,0.018,49.0,56.166668,0.0,67.0,5055.0,4347.0,1.0,25.10028,90.0
1057,1.0,-2.45,-0.25180608,0.0179,49.0,56.27778,0.0,123.0,5065.0,4347.0,1.0,25.180609,30.0
1058,1.0,-2.45,-0.25101587,0.0183,49.0,56.288887,0.0,74.0,5066.0,4346.0,1.0,25.101587,30.0
1059,1.0,-2.45,-0.25072062,0.018,49.0,56.5,0.0,109.0,5085.0,4347.0,1.0,25.072063,90.0
1060,1.0,-2.45,-0.2510313,0.018,49.0,56.433334,0.0,65.0,5079.0,4346.0,1.0,25.10313,50.0
1061,1.0,-2.45,-0.25077125,0.018,49.0,57.0,0.0,121.0,5130.0,4346.0,1.0,25.077126,30.0
1062,1.0,-2.45,-0.2510586,0.0179,49.0,56.68889,0.0,99.0,5102.0,4346.0,1.0,25.105862,50.0
1063,1.0,-2.45,-0.25059453,0.0183,49.0,56.833332,0.0,84.0,5115.0,4347.0,1.0,25.059454,10.0
1064,1.0,-2.45,-0.2509281,0.0182,49.0,56.966667,0.0,83.0,5127.0,4347.0,1.0,25.09281,50.0
1065,1.0,-2.45,-0.25078586,0.018,49.0,57.144444,0.0,67.0,5143.0,4347.0,1.0,25.078587,70.0
1066,1.0,-2.45,-0.25043574,0.016,49.0,56.844444,0.0,44.0,5116.0,4346.0,1.0,25.043575,50.0
1067,1.0,-2.45,-0.25097907,0.015,49.0,55.944443,0.0,41.0,5035.0,4346.0,1.0,25.097906,10.0
1068,1.0,-2.45,-0.2509877,0.0105,49.0,54.58889,0.0,28.0,4913.0,4346.0,1.0,25.098772,90.0
1069,1.0,-2.45,-0.25197676,0.0179,49.0,56.377777,0.0,121.0,5074.0,4346.0,1.0,25.197676,90.0
1070,1.0,-2.45,-0.25209224,0.0178,49.0,57.31111,0.0,119.0,5158.0,4346.0,1.0,25.209225,50.0
1071,1.0,-2.45,-0.25107425,0.0115,49.0,55.377777,0.0,31.0,4984.0,4346.0,1.0,25.107426,30.0
1072,1.0,-2.45,-0.25192973,0.018,49.0,57.3,0.0,130.0,5157.0,4346.0,1.0,25.192972,70.0
1073,1.0,-2.45,-0.25048676,0.0181,49.0,57.377777,0.0,111.0,5164.0,4346.0,1.0,25.048676,10.0
1074,1.0,-2.45,-0.25256994,0.0179,49.0,57.266666,0.0,64.0,5154.0,4346.0,1.0,25.256994,30.0
1075,1.0,-2.45,-0.25252149,0.0179,49.0,56.9,0.0,90.0,5121.0,4346.0,1.0,25.252148,30.0
1076,1.0,-2.45,-0.25155744,0.0144,49.0,56.866665,0.0,40.0,5118.0,4346.0,1.0,25.155745,50.0
1077,1.0,-2.45,-0.25201523,0.0179,49.0,56.68889,0.0,103.0,5102.0,4346.0,1.0,25.201525,50.0
1078,1.0,-2.45,-0.25137874,0.018,49.0,56.7,0.0,52.0,5103.0,4347.0,1.0,25.137875,30.0
1079,1.0,-2.45,-0.2517305,0.018,49.0,56.97778,0.0,87.0,5128.0,4346.0,1.0,25.17305,90.0
1080,1.0,-2.45,-0.25137874,0.0179,49.0,56.7,0.0,107.0,5103.0,4346.0,1.0,25.137875,30.0
1081,-249.0,-2.45,-0.25091076,0.0,1.0,0.0,0.0,0.0,0.0,0.0,0.0,0.0,50.0
1082,1.0,-1.2,-0.12886444,0.0173,24.0,231.75,0.0,37.0,5562.0,1089.0,1.0,12.886444,70.0
1083,1.0,-2.15,-0.216575,0.0029,43.0,16.27907,0.0,4.0,1400.0,3777.0,1.0,21.6575,10.0
1084,1.0,-2.75,-0.28287217,0.0143,55.0,57.122223,0.0,39.0,5141.0,3992.0,1.0,28.287216,30.0
1085,1.0,-2.75,-0.28272563,0.0182,55.0,58.444443,0.0,128.0,5260.0,4174.0,1.0,28.272562,70.0
1086,1.0,-2.75,-0.28287062,0.0181,55.0,57.11111,0.0,61.0,5140.0,4318.0,1.0,28.287062,30.0
1087,1.0,-2.75,-0.282248,0.0062,55.0,53.68889,0.0,16.0,4832.0,4329.0,1.0,28.2248,90.0
1088,1.0,-2.75,-0.2800041,0.0048,55.0,46.822224,0.0,12.0,4214.0,4330.0,1.0,28.000412,50.0
1089,1.0,-2.75,-0.2814775,0.008,55.0,57.577778,0.0,21.0,5182.0,4329.0,1.0,28.14775,50.0
1090,1.0,-2.75,-0.28088132,0.0085,55.0,49.788887,0.0,22.0,4481.0,4329.0,1.0,28.08813,70.0
1091,1.0,-2.75,-0.28051648,0.0182,55.0,53.011112,0.0,118.0,4771.0,4328.0,1.0,28.051647,90.0
1092,1.0,-2.75,-0.28184843,0.0181,55.0,54.11111,0.0,59.0,4870.0,4330.0,1.0,28.184843,70.0
1093,1.0,-2.75,-0.28084725,0.0184,55.0,54.711113,0.0,56.0,4924.0,4328.0,1.0,28.084724,50.0
1094,1.0,-2.75,-0.2808356,0.0184,55.0,56.077778,0.0,104.0,5047.0,4329.0,1.0,28.083559,70.0
1095,1.0,-2.75,-0.2808694,0.0064,55.0,50.9,0.0,16.0,4581.0,4329.0,1.0,28.08694,10.0
1096,1.0,-2.75,-0.28003213,0.0045,55.0,42.6,0.0,11.0,3834.0,4328.0,1.0,28.003212,10.0
1097,1.0,-2.75,-0.28145763,0.0182,55.0,60.422222,0.0,75.0,5438.0,4328.0,1.0,28.145763,90.0
1098,1.0,-2.75,-0.28252125,0.0185,55.0,60.77778,0.0,118.0,5470.0,4328.0,1.0,28.252125,50.0
1099,1.0,-2.75,-0.2820533,0.0184,55.0,61.166668,0.0,116.0,5505.0,4329.0,1.0,28.205328,90.0
1100,1.0,-2.75,-0.28186962,0.0079,55.0,58.155556,0.0,20.0,5234.0,4331.0,1.0,28.186962,70.0
1101,1.0,-2.75,-0.2817409,0.0185,55.0,61.455555,0.0,110.0,5531.0,4329.0,1.0,28.174091,30.0
1102,1.0,-2.75,-0.28137672,0.0184,55.0,61.27778,0.0,123.0,5515.0,4329.0,1.0,28.137672,50.0
1103,1.0,-2.75,-0.28145227,0.0099,55.0,54.622223,0.0,26.0,4916.0,4328.0,1.0,28.145226,70.0
1104,1.0,-2.75,-0.28118274,0.0183,55.0,56.366665,0.0,115.0,5073.0,4332.0,1.0,28.118273,30.0
1105,1.0,-2.75,-0.2787184,0.0059,55.0,33.9,0.0,15.0,3051.0,4329.0,1.0,27.871841,30.0
1106,1.0,-2.75,-0.2825785,0.0182,55.0,58.577778,0.0,60.0,5272.0,4330.0,1.0,28.25785,30.0
1107,1.0,-2.75,-0.27877775,0.0051,55.0,29.2,0.0,13.0,2628.0,4329.0,1.0,27.877775,30.0
1108,1.0,-2.75,-0.2778985,0.003,55.0,23.422222,0.0,5.0,2108.0,4332.0,1.0,27.78985,10.0
1109,1.0,-2.75,-0.2780375,0.0029,55.0,27.0,0.0,5.0,2430.0,4331.0,1.0,27.80375,70.0
1110,1.0,-2.75,-0.27805784,0.0028,55.0,27.877777,0.0,4.0,2509.0,4332.0,1.0,27.805784,50.0
1111,1.0,-2.75,-0.27774584,0.0026,55.0,25.033333,0.0,3.0,2253.0,4331.0,1.0,27.774584,90.0
1112,1.0,-2.05,-0.21180907,0.0073,41.0,56.041668,0.0,19.0,4035.0,3469.0,1.0,21.180906,30.0
1113,1.0,-2.05,-0.20692748,0.0025,41.0,20.329268,0.0,2.0,1667.0,3902.0,1.0,20.692747,30.0
1114,1.0,-2.05,-0.20697139,0.0029,41.0,20.792683,0.0,5.0,1705.0,3902.0,1.0,20.69714,30.0
1115,1.0,-2.05,-0.20669529,0.0026,41.0,16.963415,0.0,3.0,1391.0,3900.0,1.0,20.669529,30.0
1116,1.0,-2.05,-0.20677324,0.0027,41.0,16.878048,0.0,4.0,1384.0,3901.0,1.0,20.677324,70.0
1117,1.0,-2.05,-0.20791869,0.0041,41.0,27.780487,0.0,10.0,2278.0,3901.0,1.0,20.791868,70.0
1118,1.0,-1.45,-0.14742929,0.0035,29.0,36.224136,0.0,7.0,2101.0,2792.0,1.0,14.7429285,70.0
1119,1.0,-1.45,-0.1470675,0.0024,29.0,28.51724,0.0,2.0,1654.0,2795.0,1.0,14.70675,90.0
1120,1.0,-2.1,-0.217682,0.0078,42.0,63.61905,0.0,20.0,5344.0,3917.0,1.0,21.7682,70.0
1121,1.0,-2.4,-0.24700227,0.0183,48.0,57.9,0.0,64.0,5211.0,4179.0,1.0,24.700228,50.0
1122,1.0,-2.4,-0.24653812,0.0071,48.0,52.833332,0.0,18.0,4755.0,4292.0,1.0,24.653812,50.0
1123,1.0,-2.4,-0.24673969,0.0183,48.0,57.055557,0.0,99.0,5135.0,4332.0,1.0,24.67397,70.0
1124,1.0,-2.4,-0.24608,0.0181,48.0,56.88889,0.0,127.0,5120.0,4331.0,1.0,24.608,10.0
1125,1.0,-2.4,-0.24659716,0.018,48.0,57.211113,0.0,139.0,5149.0,4332.0,1.0,24.659716,70.0
1126,1.0,-2.4,-0.24634,0.018,48.0,56.355556,0.0,130.0,5072.0,4332.0,1.0,24.634,70.0
1127,1.0,-2.4,-0.24645364,0.018,48.0,55.966667,0.0,133.0,5037.0,4332.0,1.0,24.645365,10.0
1128,1.0,-2.4,-0.24581479,0.0182,48.0,55.877777,0.0,123.0,5029.0,4332.0,1.0,24.581478,30.0
1129,1.0,-2.4,-0.24616444,0.018,48.0,56.2,0.0,127.0,5058.0,4331.0,1.0,24.616444,10.0
1130,1.0,-2.4,-0.24620624,0.0181,48.0,55.166668,0.0,132.0,4965.0,4334.0,1.0,24.620625,50.0
1131,1.0,-2.4,-0.24606207,0.0181,48.0,55.266666,0.0,130.0,4974.0,4333.0,1.0,24.606207,90.0
1132,1.0,-2.4,-0.2456153,0.0182,48.0,57.044445,0.0,146.0,5134.0,4332.0,1.0,24.561531,50.0
1133,1.0,-2.4,-0.24580838,0.0185,48.0,57.366665,0.0,141.0,5163.0,4332.0,1.0,24.580837,50.0
1134,1.0,-2.4,-0.24717188,0.0183,48.0,56.666668,0.0,131.0,5100.0,4332.0,1.0,24.717188,90.0
1135,1.0,-2.4,-0.24644625,0.0182,48.0,57.3,0.0,131.0,5157.0,4334.0,1.0,24.644625,90.0
1136,1.0,-2.4,-0.24611083,0.0182,48.0,55.711113,0.0,132.0,5014.0,4332.0,1.0,24.611082,90.0
1137,1.0,-2.4,-0.246437,0.0181,48.0,55.822224,0.0,147.0,5024.0,4332.0,1.0,24.6437,50.0
1138,1.0,-2.4,-0.24703968,0.0182,48.0,55.622223,0.0,166.0,5006.0,4332.0,1.0,24.703968,10.0
1139,1.0,-2.4,-0.24548516,0.0179,48.0,55.72222,0.0,141.0,5015.0,4332.0,1.0,24.548515,70.0
1140,1.0,-2.4,-0.24591969,0.0178,48.0,55.38889,0.0,159.0,4985.0,4334.0,1.0,24.591969,30.0
1141,1.0,-2.4,-0.24559687,0.018,48.0,55.27778,0.0,160.0,4975.0,4333.0,1.0,24.559687,30.0
1142,1.0,-2.4,-0.2461825,0.0183,48.0,54.955555,0.0,164.0,4946.0,4333.0,1.0,24.61825,30.0
1143,1.0,-2.4,-0.24589476,0.0182,48.0,55.155556,0.0,138.0,4964.0,4334.0,1.0,24.589476,70.0
1144,1.0,-2.4,-0.2459207,0.0182,48.0,53.97778,0.0,150.0,4858.0,4336.0,1.0,24.59207,10.0
1145,1.0,-2.4,-0.2464693,0.0181,48.0,54.766666,0.0,138.0,4929.0,4335.0,1.0,24.64693,10.0
1146,1.0,-2.4,-0.24618332,0.0182,48.0,53.622223,0.0,145.0,4826.0,4335.0,1.0,24.618332,10.0
1147,1.0,-2.4,-0.24595532,0.0182,48.0,55.72222,0.0,131.0,5015.0,4335.0,1.0,24.595531,70.0
1148,1.0,-2.4,-0.246285,0.018,48.0,55.866665,0.0,128.0,5028.0,4335.0,1.0,24.6285,50.0
1149,1.0,-2.4,-0.24621625,0.0181,48.0,55.255554,0.0,149.0,4973.0,4336.0,1.0,24.621626,90.0
1150,1.0,-2.4,-0.24634859,0.0181,48.0,55.055557,0.0,128.0,4955.0,4337.0,1.0,24.63486,10.0
1151,1.0,-2.4,-0.24524875,0.0182,48.0,54.88889,0.0,130.0,4940.0,4336.0,1.0,24.524876,10.0
1152,1.0,-2.4,-0.24583893,0.0183,48.0,54.633335,0.0,126.0,4917.0,4336.0,1.0,24.583893,10.0
1153,1.0,-2.4,-0.24628966,0.018,48.0,54.544445,0.0,123.0,4909.0,4336.0,1.0,24.628965,10.0
1154,1.0,-2.4,-0.24519138,0.0181,48.0,54.288887,0.0,123.0,4886.0,4338.0,1.0,24.519138,10.0
1155,1.0,-2.4,-0.24547987,0.0181,48.0,54.122223,0.0,125.0,4871.0,4336.0,1.0,24.547987,10.0
1156,1.0,-2.4,-0.24534936,0.0181,48.0,52.833332,0.0,133.0,4755.0,4336.0,1.0,24.534937,10.0
1157,1.0,-2.4,-0.24679938,0.0183,48.0,52.555557,0.0,135.0,4730.0,4336.0,1.0,24.679937,90.0
1158,1.0,-2.4,-0.24429472,0.0181,48.0,52.655556,0.0,136.0,4739.0,4336.0,1.0,24.429472,10.0
1159,1.0,-2.4,-0.24596125,0.018,48.0,52.988888,0.0,131.0,4769.0,4337.0,1.0,24.596125,90.0
1160,1.0,-2.4,-0.245966,0.018,48.0,55.822224,0.0,140.0,5024.0,4336.0,1.0,24.5966,50.0
1161,1.0,-2.4,-0.2463755,0.0182,48.0,55.288887,0.0,123.0,4976.0,4336.0,1.0,24.63755,90.0
1162,1.0,-2.4,-0.24646144,0.0184,48.0,54.7,0.0,83.0,4923.0,4336.0,1.0,24.646143,30.0
1163,1.0,-2.4,-0.24602795,0.0179,48.0,54.955555,0.0,59.0,4946.0,4337.0,1.0,24.602795,90.0
1164,1.0,-2.4,-0.24597187,0.0179,48.0,54.444443,0.0,135.0,4900.0,4336.0,1.0,24.597187,70.0
1165,1.0,-2.4,-0.2456795,0.0178,48.0,54.577778,0.0,128.0,4912.0,4337.0,1.0,24.56795,90.0
1166,1.0,-2.4,-0.24666187,0.0178,48.0,53.833332,0.0,128.0,4845.0,4337.0,1.0,24.666187,10.0
1167,1.0,-2.4,-0.24617563,0.018,48.0,53.555557,0.0,140.0,4820.0,4336.0,1.0,24.617563,50.0
1168,1.0,-2.4,-0.24563351,0.018,48.0,52.711113,0.0,125.0,4744.0,4336.0,1.0,24.56335,30.0
1169,1.0,-2.4,-0.24532013,0.0178,48.0,52.544445,0.0,133.0,4729.0,4336.0,1.0,24.532013,90.0
1170,1.0,-2.4,-0.24636938,0.0177,48.0,52.666668,0.0,128.0,4740.0,4336.0,1.0,24.636938,10.0
1171,1.0,-2.4,-0.24562162,0.0178,48.0,52.6,0.0,138.0,4734.0,4336.0,1.0,24.562162,10.0
1172,1.0,-2.4,-0.24545172,0.0181,48.0,52.38889,0.0,155.0,4715.0,4338.0,1.0,24.545172,90.0
1173,1.0,-2.4,-0.24548063,0.018,48.0,52.666668,0.0,207.0,4740.0,4337.0,1.0,24.548063,50.0
1174,1.0,-2.4,-0.24533859,0.018,48.0,54.233334,0.0,255.0,4881.0,4338.0,1.0,24.53386,10.0
1175,1.0,-2.4,-0.24545288,0.0181,48.0,53.855556,0.0,262.0,4847.0,4336.0,1.0,24.545288,30.0
1176,1.0,-2.4,-0.24517332,0.0181,48.0,54.1,0.0,207.0,4869.0,4337.0,1.0,24.517332,30.0
1177,1.0,-2.4,-0.24699199,0.0181,48.0,54.044445,0.0,142.0,4864.0,4337.0,1.0,24.6992,50.0
1178,1.0,-2.4,-0.2452511,0.0181,48.0,53.344444,0.0,65.0,4801.0,4336.0,1.0,24.52511,30.0
1179,1.0,-2.4,-0.24529506,0.0078,48.0,49.544445,0.0,20.0,4459.0,4337.0,1.0,24.529507,30.0
1180,1.0,-2.4,-0.24581438,0.0081,48.0,49.22222,0.0,21.0,4430.0,4336.0,1.0,24.581438,30.0
1181,1.0,-2.4,-0.2462565,0.018,48.0,51.733334,0.0,65.0,4656.0,4338.0,1.0,24.62565,30.0
1182,1.0,-2.4,-0.24516359,0.0181,48.0,52.455555,0.0,54.0,4721.0,4337.0,1.0,24.51636,10.0
1183,1.0,-2.4,-0.24530213,0.018,48.0,52.366665,0.0,103.0,4713.0,4336.0,1.0,24.530212,10.0
1184,1.0,-2.65,-0.27018875,0.0179,53.0,52.711113,0.0,114.0,4744.0,4336.0,1.0,27.018875,90.0
1185,1.0,-2.65,-0.27155077,0.0181,53.0,54.166668,0.0,118.0,4875.0,4336.0,1.0,27.155079,70.0
1186,1.0,-2.65,-0.27078786,0.018,53.0,54.155556,0.0,109.0,4874.0,4338.0,1.0,27.078787,90.0
1187,1.0,-2.65,-0.2702547,0.0064,53.0,49.166668,0.0,16.0,4425.0,4336.0,1.0,27.025469,10.0
1188,1.0,-2.65,-0.27238217,0.018,53.0,53.566666,0.0,121.0,4821.0,4337.0,1.0,27.238216,50.0
1189,1.0,-2.65,-0.27253437,0.0182,53.0,53.577778,0.0,84.0,4822.0,4336.0,1.0,27.253437,50.0
1190,1.0,-2.65,-0.2710936,0.0179,53.0,52.844444,0.0,82.0,4756.0,4337.0,1.0,27.109362,10.0
1191,1.0,-2.65,-0.26596782,0.0036,53.0,9.055555,0.0,8.0,815.0,4336.0,1.0,26.59678,90.0
1192,1.0,-2.65,-0.27121225,0.0084,53.0,50.2,0.0,22.0,4518.0,4337.0,1.0,27.121225,50.0
1193,1.0,-2.65,-0.2680424,0.0051,53.0,25.755556,0.0,13.0,2318.0,4336.0,1.0,26.804237,70.0
1194,1.0,-2.65,-0.2713211,0.0076,53.0,49.944443,0.0,20.0,4495.0,4337.0,1.0,27.132109,30.0
1195,1.0,-2.65,-0.271545,0.0179,53.0,52.88889,0.0,70.0,4760.0,4338.0,1.0,27.1545,50.0
1196,1.0,-2.65,-0.27133176,0.0111,53.0,52.355556,0.0,30.0,4712.0,4336.0,1.0,27.133175,10.0
1197,1.0,-2.65,-0.27087316,0.0141,53.0,53.544445,0.0,39.0,4819.0,4336.0,1.0,27.087317,70.0
1198,1.0,-2.65,-0.271115,0.018,53.0,54.355556,0.0,74.0,4892.0,4336.0,1.0,27.1115,70.0
1199,1.0,-2.65,-0.27075467,0.0179,53.0,55.3,0.0,59.0,4977.0,4336.0,1.0,27.075466,10.0
1200,1.0,-2.65,-0.27073154,0.0179,53.0,55.077778,0.0,136.0,4957.0,4336.0,1.0,27.073153,70.0
1201,1.0,-2.65,-0.2711413,0.0183,53.0,55.988888,0.0,109.0,5039.0,4337.0,1.0,27.114128,10.0
1202,1.0,-2.65,-0.2710885,0.018,53.0,52.8,0.0,56.0,4752.0,4337.0,1.0,27.10885,30.0
1203,1.0,-2.65,-0.27049682,0.018,53.0,52.822224,0.0,74.0,4754.0,4338.0,1.0,27.04968,30.0
1204,1.0,-2.65,-0.2719942,0.0179,53.0,52.91111,0.0,57.0,4762.0,4338.0,1.0,27.199419,90.0
1205,1.0,-2.65,-0.27048987,0.0179,53.0,52.755554,0.0,99.0,4748.0,4338.0,1.0,27.048988,50.0
1206,1.0,-2.65,-0.27116922,0.0181,53.0,53.5,0.0,59.0,4815.0,4338.0,1.0,27.116922,90.0
1207,1.0,-2.65,-0.27015418,0.0179,53.0,53.9,0.0,59.0,4851.0,4339.0,1.0,27.015419,90.0
1208,1.0,-2.65,-0.27119613,0.0146,53.0,53.733334,0.0,40.0,4836.0,4340.0,1.0,27.119612,70.0
1209,1.0,-2.65,-0.27236137,0.018,53.0,55.68889,0.0,52.0,5012.0,4339.0,1.0,27.236137,30.0
1210,1.0,-2.65,-0.27273905,0.0179,53.0,55.033333,0.0,77.0,4953.0,4339.0,1.0,27.273907,10.0
1211,1.0,-2.65,-0.27063626,0.0181,53.0,55.666668,0.0,82.0,5010.0,4338.0,1.0,27.063625,50.0
1212,1.0,-2.65,-0.27076113,0.0178,53.0,56.9,0.0,61.0,5121.0,4338.0,1.0,27.076113,70.0
1213,1.0,-2.65,-0.2707735,0.0175,53.0,57.02222,0.0,49.0,5132.0,4340.0,1.0,27.07735,30.0
1214,1.0,-2.65,-0.2725167,0.0179,53.0,58.1,0.0,103.0,5229.0,4338.0,1.0,27.251669,90.0
1215,1.0,-2.65,-0.27174437,0.018,53.0,53.288887,0.0,75.0,4796.0,4339.0,1.0,27.174437,10.0
1216,1.0,-2.65,-0.27114102,0.0182,53.0,53.255554,0.0,100.0,4793.0,4339.0,1.0,27.114103,70.0
1217,1.0,-2.65,-0.27103502,0.0179,53.0,53.644444,0.0,115.0,4828.0,4338.0,1.0,27.1035,30.0
1218,1.0,-2.65,-0.271363,0.0179,53.0,53.866665,0.0,70.0,4848.0,4339.0,1.0,27.1363,70.0
1219,1.0,-2.65,-0.27141157,0.0179,53.0,54.27778,0.0,56.0,4885.0,4340.0,1.0,27.141157,70.0
1220,1.0,-2.65,-0.27170798,0.018,53.0,55.466667,0.0,54.0,4992.0,4340.0,1.0,27.1708,50.0
1221,1.0,-2.65,-0.27173892,0.0181,53.0,55.72222,0.0,144.0,5015.0,4339.0,1.0,27.173891,30.0
1222,1.0,-2.65,-0.27105388,0.0178,53.0,56.644444,0.0,66.0,5098.0,4341.0,1.0,27.105387,10.0
1223,1.0,-2.65,-0.27177513,0.018,53.0,57.355556,0.0,139.0,5162.0,4340.0,1.0,27.177513,10.0
1224,1.0,-2.65,-0.2724333,0.0179,53.0,57.455555,0.0,135.0,5171.0,4342.0,1.0,27.243332,30.0
1225,1.0,-2.65,-0.2723336,0.0179,53.0,57.944443,0.0,120.0,5215.0,4343.0,1.0,27.23336,30.0
1226,1.0,-2.65,-0.26758984,0.0039,53.0,23.61111,0.0,9.0,2125.0,4342.0,1.0,26.758984,10.0
1227,1.0,-2.65,-0.2718473,0.0179,53.0,57.966667,0.0,133.0,5217.0,4342.0,1.0,27.18473,30.0
1228,1.0,-2.65,-0.27141306,0.0179,53.0,58.466667,0.0,134.0,5262.0,4342.0,1.0,27.141306,30.0
1229,1.0,-2.65,-0.26594937,0.0028,53.0,9.644444,0.0,4.0,868.0,4343.0,1.0,26.594938,10.0
1230,1.0,-2.65,-0.27081165,0.0179,53.0,54.377777,0.0,124.0,4894.0,4344.0,1.0,27.081163,30.0
1231,1.0,-2.65,-0.271355,0.0181,53.0,55.11111,0.0,63.0,4960.0,4344.0,1.0,27.1355,50.0
1232,1.0,-2.65,-0.27225217,0.018,53.0,56.055557,0.0,142.0,5045.0,4343.0,1.0,27.225218,10.0
1233,1.0,-2.65,-0.27160102,0.0173,53.0,57.244446,0.0,48.0,5152.0,4343.0,1.0,27.1601,50.0
1234,1.0,-2.65,-0.27189076,0.0179,53.0,56.97778,0.0,108.0,5128.0,4343.0,1.0,27.189075,10.0
1235,1.0,-2.65,-0.27109346,0.018,53.0,58.555557,0.0,56.0,5270.0,4343.0,1.0,27.109344,70.0
1236,1.0,-2.65,-0.27163815,0.0182,53.0,57.566666,0.0,83.0,5181.0,4343.0,1.0,27.163816,70.0
1237,1.0,-2.65,-0.267375,0.0039,53.0,22.222221,0.0,9.0,2000.0,4343.0,1.0,26.7375,30.0
1238,1.0,-2.65,-0.2679334,0.0035,53.0,24.255556,0.0,7.0,2183.0,4344.0,1.0,26.79334,30.0
1239,1.0,-2.65,-0.26724675,0.0024,53.0,18.577778,0.0,2.0,1672.0,4345.0,1.0,26.724674,10.0
1240,1.0,-2.65,-0.26718,0.0028,53.0,19.377777,0.0,4.0,1744.0,4344.0,1.0,26.718,10.0
1241,1.0,-2.65,-0.26688695,0.0026,53.0,17.655556,0.0,3.0,1589.0,4344.0,1.0,26.688694,50.0
1242,1.0,-1.55,-0.15835431,0.0045,31.0,42.225807,0.0,11.0,2618.0,2994.0,1.0,15.835431,50.0
1243,1.0,-1.4,-0.14190969,0.0025,28.0,25.982143,0.0,3.0,1455.0,2703.0,1.0,14.1909685,90.0
1244,1.0,-1.4,-0.14214988,0.0027,28.0,31.5,0.0,4.0,1764.0,2704.0,1.0,14.214988,90.0
1245,1.0,-1.4,-0.14254868,0.0027,28.0,31.660715,0.0,4.0,1773.0,2704.0,1.0,14.2548685,50.0
1246,1.0,-1.4,-0.14235501,0.0031,28.0,33.642857,0.0,6.0,1884.0,2704.0,1.0,14.2355,90.0
1247,1.0,-1.4,-0.14275375,0.0038,28.0,39.339287,0.0,9.0,2203.0,2704.0,1.0,14.275375,70.0
1248,1.0,-1.25,-0.12692828,0.0031,25.0,35.26,0.0,6.0,1763.0,2412.0,1.0,12.692828,50.0
1249,1.0,-1.25,-0.12714475,0.0025,25.0,29.84,0.0,3.0,1492.0,2412.0,1.0,12.714475,90.0
1250,1.0,-1.25,-0.12743084,0.0029,25.0,36.18,0.0,5.0,1809.0,2412.0,1.0,12.743084,50.0
1251,1.0,-1.25,-0.1267865,0.0023,25.0,31.76,0.0,2.0,1588.0,2413.0,1.0,12.67865,50.0
1252,1.0,-2.35,-0.24270624,0.0128,47.0,66.82927,0.0,35.0,5480.0,3794.0,1.0,24.270624,90.0
1253,1.0,-2.35,-0.2365225,0.0028,47.0,13.533334,0.0,4.0,1218.0,4142.0,1.0,23.65225,50.0
1254,1.0,-2.35,-0.23657712,0.0028,47.0,15.155556,0.0,4.0,1364.0,4143.0,1.0,23.657713,50.0
1255,1.0,-2.35,-0.23685719,0.0028,47.0,18.866667,0.0,4.0,1698.0,4144.0,1.0,23.685719,50.0
1256,1.0,-2.35,-0.23839173,0.003,47.0,24.61111,0.0,5.0,2215.0,4143.0,1.0,23.839172,30.0
1257,1.0,-2.35,-0.23963708,0.0039,47.0,39.255554,0.0,9.0,3533.0,4276.0,1.0,23.963707,50.0
1258,1.0,-1.8,-0.18395521,0.0036,36.0,42.875,0.0,8.0,3087.0,3472.0,1.0,18.395521,10.0
1259,1.0,-1.8,-0.18330769,0.0034,36.0,37.694443,0.0,7.0,2714.0,3473.0,1.0,18.330769,70.0
1260,1.0,-1.8,-0.18458256,0.0042,36.0,53.59722,0.0,10.0,3859.0,3473.0,1.0,18.458256,10.0
1261,1.0,-1.8,-0.18306175,0.0032,36.0,36.77778,0.0,6.0,2648.0,3474.0,1.0,18.306175,30.0
1262,1.0,-2.3,-0.23722132,0.0169,46.0,59.711113,0.0,47.0,5374.0,4248.0,1.0,23.722132,70.0
1263,1.0,-2.3,-0.23154499,0.0032,46.0,13.733334,0.0,6.0,1236.0,4250.0,1.0,23.1545,10.0
1264,1.0,-2.3,-0.23220375,0.0039,46.0,19.588888,0.0,9.0,1763.0,4251.0,1.0,23.220375,90.0
1265,1.0,-2.3,-0.23165262,0.0032,46.0,16.322222,0.0,6.0,1469.0,4252.0,1.0,23.165262,70.0
1266,1.0,-2.3,-0.233081,0.0039,46.0,28.088888,0.0,9.0,2528.0,4282.0,1.0,23.3081,30.0
1267,1.0,-2.3,-0.2361985,0.005,46.0,47.91111,0.0,13.0,4312.0,4338.0,1.0,23.61985,90.0
1268,1.0,-2.3,-0.23686251,0.0099,46.0,54.22222,0.0,27.0,4880.0,4338.0,1.0,23.68625,90.0
1269,1.0,-2.3,-0.23664126,0.0092,46.0,53.666668,0.0,25.0,4830.0,4337.0,1.0,23.664125,10.0
1270,1.0,-2.3,-0.2353497,0.007,46.0,50.055557,0.0,18.0,4505.0,4337.0,1.0,23.53497,70.0
1271,1.0,-2.3,-0.23323531,0.0045,46.0,32.866665,0.0,11.0,2958.0,4338.0,1.0,23.323532,70.0
1272,1.0,-2.3,-0.23637806,0.0152,46.0,55.31111,0.0,42.0,4978.0,4337.0,1.0,23.637806,10.0
1273,1.0,-2.3,-0.23660094,0.0077,46.0,52.155556,0.0,20.0,4694.0,4337.0,1.0,23.660093,90.0
1274,1.0,-2.3,-0.2356225,0.0075,46.0,49.97778,0.0,19.0,4498.0,4337.0,1.0,23.56225,50.0
1275,1.0,-2.3,-0.23492624,0.0067,46.0,43.788887,0.0,17.0,3941.0,4337.0,1.0,23.492624,90.0
1276,1.0,-2.3,-0.23446551,0.0047,46.0,33.077778,0.0,12.0,2977.0,4338.0,1.0,23.44655,90.0
1277,1.0,-2.3,-0.23697187,0.0092,46.0,53.88889,0.0,25.0,4850.0,4337.0,1.0,23.697187,70.0
1278,1.0,-2.3,-0.23643571,0.0177,46.0,55.81111,0.0,66.0,5023.0,4337.0,1.0,23.643572,10.0
1279,1.0,-2.3,-0.23591493,0.0164,46.0,55.344444,0.0,46.0,4981.0,4337.0,1.0,23.591494,70.0
1280,1.0,-2.3,-0.23723063,0.0181,46.0,55.88889,0.0,117.0,5030.0,4339.0,1.0,23.723063,30.0
